"date","Appliances","lights","T1","RH_1","T2","RH_2","T3","RH_3","T4","RH_4","T5","RH_5","T6","RH_6","T7","RH_7","T8","RH_8","T9","RH_9","T_out","Press_mm_hg","RH_out","Windspeed","Visibility","Tdewpoint","rv1","rv2"
"2016-01-12 00:00:00","  40","10","21.390000000000001","44.560000000000002","20.789999999999999","43.863333333333301","20.199999999999999","45.663333333333298","20.633333333333301","46.789999999999999","19.199999999999999","50.530000000000001"," 5.589999999999999858","88.6333333333332973","17.699999999999999","43.759999999999998","19.390000000000001","51.163333333333298","16.890000000000001","45.700000000000003"," 5.2999999999999998e+00","736.89999999999998"," 92.000000000000000"," 6.00000000000000000","22.0000000000000000"," 4.0999999999999996e+00","39.1466381144709885120","39.1466381144709885120"
"2016-01-12 00:10:00","  30","20","21.289999999999999","44.826666666666704","20.699999999999999","44.000000000000000","20.199999999999999","45.590000000000003","20.566666666666698","46.933333333333302","19.199999999999999","50.500000000000000"," 5.530000000000000249","89.0266666666666993","17.699999999999999","43.933333333333302","19.463333333333299","51.500000000000000","16.890000000000001","45.789999999999999"," 5.2666666666666702e+00","737.00000000000000"," 92.000000000000000"," 6.00000000000000000","25.0000000000000000"," 4.0666666666666700e+00","27.6518155820667743683","27.6518155820667743683"
"2016-01-12 00:20:00","  40","20","21.289999999999999","44.966666666666697","20.633333333333301","44.000000000000000","20.166666666666700","45.500000000000000","20.500000000000000","47.133333333333297","19.199999999999999","50.433333333333302"," 5.530000000000000249","89.4000000000000057","17.760000000000002","44.333333333333300","19.390000000000001","51.560000000000002","16.890000000000001","45.863333333333301"," 5.2333333333333298e+00","737.10000000000002"," 92.000000000000000"," 6.00000000000000000","28.0000000000000000"," 4.0333333333333297e+00","26.4859790098853409290","26.4859790098853409290"
"2016-01-12 00:30:00","  50","20","21.260000000000002","45.090000000000003","20.600000000000001","44.030000000000001","20.100000000000001","45.500000000000000","20.500000000000000","47.229999999999997","19.166666666666700","50.363333333333301"," 5.530000000000000249","89.1933333333332996","17.789999999999999","44.963333333333303","19.390000000000001","51.859999999999999","16.890000000000001","45.899999999999999"," 5.2000000000000002e+00","737.20000000000005"," 92.000000000000000"," 6.00000000000000000","31.0000000000000000"," 4.0000000000000000e+00","39.4678115844726562500","39.4678115844726562500"
"2016-01-12 00:40:00"," 310","10","21.199999999999999","45.090000000000003","20.600000000000001","44.090000000000003","20.100000000000001","45.500000000000000","20.426666666666701","47.229999999999997","19.100000000000001","50.289999999999999"," 5.400000000000000355","89.4000000000000057","17.789999999999999","45.223333333333301","19.390000000000001","52.000000000000000","16.890000000000001","45.966666666666697"," 5.1666666666666696e+00","737.29999999999995"," 92.000000000000000"," 6.00000000000000000","34.0000000000000000"," 3.9666666666666699e+00"," 1.1665601166896522045"," 1.1665601166896522045"
"2016-01-12 00:50:00"," 380","20","21.166666666666700","45.229999999999997","20.500000000000000","44.126666666666701","20.100000000000001","45.500000000000000","20.460000000000001","47.359999999999999","19.066666666666698","50.259999999999998"," 5.200000000000000178","88.9899999999999949","17.789999999999999","45.326666666666704","19.356666666666701","52.090000000000003","16.890000000000001","46.030000000000001"," 5.1333333333333302e+00","737.39999999999998"," 92.000000000000000"," 6.00000000000000000","37.0000000000000000"," 3.9333333333333300e+00","23.8615032518282532692","23.8615032518282532692"
"2016-01-12 01:00:00"," 380","20","21.074999999999999","45.372500000000002","20.500000000000000","44.200000000000003","20.100000000000001","45.530000000000001","20.793333333333301","47.560000000000002","19.000000000000000","50.126666666666701"," 4.866666666666669805","89.0633333333333042","17.789999999999999","45.424999999999997","19.289999999999999","52.163333333333298","16.890000000000001","46.090000000000003"," 5.0999999999999996e+00","737.50000000000000"," 92.000000000000000"," 6.00000000000000000","40.0000000000000000"," 3.8999999999999999e+00","36.6156869335100054741","36.6156869335100054741"
"2016-01-12 01:10:00"," 370","20","21.000000000000000","45.399999999999999","20.390000000000001","44.200000000000003","20.100000000000001","45.590000000000003","21.263333333333300","47.466666666666697","19.000000000000000","50.090000000000003"," 4.933333333333330017","91.1599999999999966","17.789999999999999","45.560000000000002","19.289999999999999","52.500000000000000","16.890000000000001","46.200000000000003"," 5.1166666666666698e+00","737.63333333333298"," 92.000000000000000"," 5.83333333333333037","40.0000000000000000"," 3.9166666666666701e+00","34.6365778241306543350","34.6365778241306543350"
"2016-01-12 01:20:00"," 120","10","21.000000000000000","45.590000000000003","20.390000000000001","44.259999999999998","20.100000000000001","45.590000000000003","21.596666666666700","47.399999999999999","19.000000000000000","50.030000000000001"," 5.000000000000000000","91.4333333333332945","17.789999999999999","45.729999999999997","19.230000000000000","52.899999999999999","16.890000000000001","46.200000000000003"," 5.1333333333333302e+00","737.76666666666699"," 92.000000000000000"," 5.66666666666666963","40.0000000000000000"," 3.9333333333333300e+00","23.8809811067767441273","23.8809811067767441273"
"2016-01-12 01:30:00","  50"," 0","20.926666666666701","45.590000000000003","20.289999999999999","44.289999999999999","20.166666666666700","45.530000000000001","21.890000000000001","46.966666666666697","19.000000000000000","50.030000000000001"," 4.866666666666669805","91.2600000000000051","17.789999999999999","45.863333333333301","19.289999999999999","53.500000000000000","16.890000000000001","46.289999999999999"," 5.1500000000000004e+00","737.89999999999998"," 92.000000000000000"," 5.50000000000000000","40.0000000000000000"," 3.9500000000000002e+00","43.0604738416150212288","43.0604738416150212288"
"2016-01-12 01:40:00","  40"," 0","20.890000000000001","45.666666666666700","20.230000000000000","44.289999999999999","20.133333333333301","45.500000000000000","21.823333333333299","46.226666666666702","18.926666666666701","50.090000000000003"," 4.726666666666670125","91.5933333333333053","17.789999999999999","45.826666666666704","19.289999999999999","53.960000000000001","16.890000000000001","46.433333333333302"," 5.1666666666666696e+00","738.03333333333296"," 92.000000000000000"," 5.33333333333333037","40.0000000000000000"," 3.9666666666666699e+00","21.9048553612083196640","21.9048553612083196640"
"2016-01-12 01:50:00","  50"," 0","20.890000000000001","46.060000000000002","20.199999999999999","44.399999999999999","20.199999999999999","45.500000000000000","21.666666666666700","46.060000000000002","18.890000000000001","50.090000000000003"," 4.466666666666670338","91.7600000000000051","17.789999999999999","45.966666666666697","19.289999999999999","54.463333333333303","16.890000000000001","46.633333333333297"," 5.1833333333333300e+00","738.16666666666697"," 92.000000000000000"," 5.16666666666666963","40.0000000000000000"," 3.9833333333333298e+00","12.2398638515733182430","12.2398638515733182430"
"2016-01-12 02:00:00","  40"," 0","20.789999999999999","46.200000000000003","20.199999999999999","44.466666666666697","20.166666666666700","45.500000000000000","21.533333333333299","45.933333333333302","18.890000000000001","50.172499999999999"," 4.333333333333330373","91.7600000000000051","17.789999999999999","46.000000000000000","19.222500000000000","54.722499999999997","16.890000000000001","46.826666666666704"," 5.2000000000000002e+00","738.29999999999995"," 92.000000000000000"," 5.00000000000000000","40.0000000000000000"," 4.0000000000000000e+00"," 3.5339523572474718094"," 3.5339523572474718094"
"2016-01-12 02:10:00","  50"," 0","20.789999999999999","46.200000000000003","20.100000000000001","44.530000000000001","20.125000000000000","45.424999999999997","21.356666666666701","45.899999999999999","18.890000000000001","50.200000000000003"," 4.156666666666669840","91.8333333333333002","17.789999999999999","46.000000000000000","19.199999999999999","54.966666666666697","16.963333333333299","46.966666666666697"," 5.1333333333333302e+00","738.39999999999998"," 92.000000000000000"," 4.83333333333333037","40.0000000000000000"," 3.9333333333333300e+00"," 4.9733080086298286915"," 4.9733080086298286915"
"2016-01-12 02:20:00","  50"," 0","20.699999999999999","46.259999999999998","20.100000000000001","44.590000000000003","20.133333333333301","45.399999999999999","21.230000000000000","45.899999999999999","18.789999999999999","50.090000000000003"," 4.156666666666669840","92.5666666666667055","17.890000000000001","46.000000000000000","19.199999999999999","54.966666666666697","17.000000000000000","47.229999999999997"," 5.0666666666666700e+00","738.50000000000000"," 92.000000000000000"," 4.66666666666666963","40.0000000000000000"," 3.8666666666666698e+00","15.8135853591375052929","15.8135853591375052929"
"2016-01-12 02:30:00","  50"," 0","20.699999999999999","46.200000000000003","20.000000000000000","44.433333333333302","20.199999999999999","45.500000000000000","21.066666666666698","45.899999999999999","18.789999999999999","50.090000000000003"," 4.333333333333330373","93.5300000000000011","17.890000000000001","46.060000000000002","19.199999999999999","54.899999999999999","17.000000000000000","47.363333333333301"," 5.0000000000000000e+00","738.60000000000002"," 92.000000000000000"," 4.50000000000000000","40.0000000000000000"," 3.7999999999999998e+00","25.9317131596617400646","25.9317131596617400646"
"2016-01-12 02:40:00","  40"," 0","20.600000000000001","46.200000000000003","20.000000000000000","44.500000000000000","20.199999999999999","45.500000000000000","20.926666666666701","45.899999999999999","18.789999999999999","50.090000000000003"," 4.333333333333330373","93.3233333333332951","17.890000000000001","46.090000000000003","19.199999999999999","54.863333333333301","17.000000000000000","47.530000000000001"," 4.9333333333333300e+00","738.70000000000005"," 92.000000000000000"," 4.33333333333333037","40.0000000000000000"," 3.7333333333333298e+00","33.1002538208849728107","33.1002538208849728107"
"2016-01-12 02:50:00","  40"," 0","20.600000000000001","46.126666666666701","20.000000000000000","44.500000000000000","20.199999999999999","45.399999999999999","20.745000000000001","45.899999999999999","18.730000000000000","50.090000000000003"," 4.190000000000000391","93.1266666666666936","17.823333333333299","45.963333333333303","19.133333333333301","54.789999999999999","17.000000000000000","47.663333333333298"," 4.8666666666666698e+00","738.79999999999995"," 92.000000000000000"," 4.16666666666666963","40.0000000000000000"," 3.6666666666666701e+00","20.3415093594230711460","20.3415093594230711460"
"2016-01-12 03:00:00","  30"," 0","20.566666666666698","46.066666666666698","19.890000000000001","44.590000000000003","20.199999999999999","45.399999999999999","20.666666666666700","46.000000000000000","18.699999999999999","50.090000000000003"," 4.063333333333329911","92.8666666666667027","17.856666666666701","45.966666666666697","19.199999999999999","54.899999999999999","17.000000000000000","47.826666666666704"," 4.7999999999999998e+00","738.89999999999998"," 92.000000000000000"," 4.00000000000000000","40.0000000000000000"," 3.6000000000000001e+00","45.6437962129712104797","45.6437962129712104797"
"2016-01-12 03:10:00","  20"," 0","20.500000000000000","46.200000000000003","19.823333333333299","44.530000000000001","20.289999999999999","45.466666666666697","20.533333333333299","46.000000000000000","18.699999999999999","50.090000000000003"," 3.863333333333330177","92.9666666666666970","17.856666666666701","45.966666666666697","19.199999999999999","54.966666666666697","17.000000000000000","47.899999999999999"," 4.8166666666666700e+00","739.01666666666699"," 92.166666666666700"," 4.33333333333333037","40.0000000000000000"," 3.6333333333333302e+00","14.6801686380058526993","14.6801686380058526993"
"2016-01-12 03:20:00","  20"," 0","20.500000000000000","46.289999999999999","19.789999999999999","44.530000000000001","20.289999999999999","45.399999999999999","20.390000000000001","46.030000000000001","18.699999999999999","50.090000000000003"," 3.790000000000000036","93.0933333333333053","17.890000000000001","46.200000000000003","19.199999999999999","55.090000000000003","17.000000000000000","48.030000000000001"," 4.8333333333333304e+00","739.13333333333298"," 92.333333333333300"," 4.66666666666666963","40.0000000000000000"," 3.6666666666666701e+00","22.9532863129861652851","22.9532863129861652851"
"2016-01-12 03:30:00","  40"," 0","20.426666666666701","46.229999999999997","19.789999999999999","44.530000000000001","20.199999999999999","45.399999999999999","20.390000000000001","46.163333333333298","18.633333333333301","50.030000000000001"," 3.895000000000000018","94.0450000000000017","17.890000000000001","46.200000000000003","19.199999999999999","55.030000000000001","17.000000000000000","48.090000000000003"," 4.8499999999999996e+00","739.25000000000000"," 92.500000000000000"," 5.00000000000000000","40.0000000000000000"," 3.7000000000000002e+00","16.6197337093763053417","16.6197337093763053417"
"2016-01-12 03:40:00","  50"," 0","20.390000000000001","46.289999999999999","19.760000000000002","44.590000000000003","20.199999999999999","45.399999999999999","20.289999999999999","46.200000000000003","18.600000000000001","50.000000000000000"," 4.190000000000000391","94.6566666666666947","17.890000000000001","46.200000000000003","19.199999999999999","54.863333333333301","17.066666666666698","48.289999999999999"," 4.8666666666666698e+00","739.36666666666702"," 92.666666666666700"," 5.33333333333333037","40.0000000000000000"," 3.7333333333333298e+00","32.5435233535245060921","32.5435233535245060921"
"2016-01-12 03:50:00","  50"," 0","20.390000000000001","46.363333333333301","19.699999999999999","44.590000000000003","20.199999999999999","45.500000000000000","20.230000000000000","46.259999999999998","18.600000000000001","50.000000000000000"," 4.263333333333330089","94.7966666666666953","17.890000000000001","46.126666666666701","19.199999999999999","54.729999999999997","17.066666666666698","48.363333333333301"," 4.8833333333333302e+00","739.48333333333301"," 92.833333333333300"," 5.66666666666666963","40.0000000000000000"," 3.7666666666666702e+00","12.9008390358649194241","12.9008390358649194241"
"2016-01-12 04:00:00","  40"," 0","20.289999999999999","46.500000000000000","19.699999999999999","44.700000000000003","20.260000000000002","45.500000000000000","20.100000000000001","46.289999999999999","18.600000000000001","50.000000000000000"," 4.463333333333330266","95.0300000000000011","17.890000000000001","46.090000000000003","19.100000000000001","54.560000000000002","17.033333333333299","48.463333333333303"," 4.9000000000000004e+00","739.60000000000002"," 93.000000000000000"," 6.00000000000000000","40.0000000000000000"," 3.7999999999999998e+00","23.9272624137811362743","23.9272624137811362743"
"2016-01-12 04:10:00","  50"," 0","20.289999999999999","46.545000000000002","19.633333333333301","44.626666666666701","20.289999999999999","45.500000000000000","20.033333333333299","46.289999999999999","18.533333333333299","50.000000000000000"," 4.589999999999999858","95.0300000000000011","17.890000000000001","45.920000000000002","19.100000000000001","54.500000000000000","17.033333333333299","48.590000000000003"," 4.9166666666666696e+00","739.64999999999998"," 92.666666666666700"," 5.83333333333333037","40.0000000000000000"," 3.7666666666666702e+00","38.3155335322953760624","38.3155335322953760624"
"2016-01-12 04:20:00","  40"," 0","20.230000000000000","46.500000000000000","19.600000000000001","44.590000000000003","20.289999999999999","45.500000000000000","20.000000000000000","46.399999999999999","18.500000000000000","50.000000000000000"," 4.726666666666670125","94.8666666666667027","17.890000000000001","45.729999999999997","19.100000000000001","54.500000000000000","17.033333333333299","48.766666666666701"," 4.9333333333333300e+00","739.70000000000005"," 92.333333333333300"," 5.66666666666666963","40.0000000000000000"," 3.7333333333333298e+00"," 4.2123457184061408043"," 4.2123457184061408043"
"2016-01-12 04:30:00","  40"," 0","20.199999999999999","46.433333333333302","19.600000000000001","44.590000000000003","20.289999999999999","45.500000000000000","19.926666666666701","46.466666666666697","18.500000000000000","50.000000000000000"," 4.799999999999999822","94.7266666666667021","17.890000000000001","45.700000000000003","19.100000000000001","54.500000000000000","17.033333333333299","48.899999999999999"," 4.9500000000000002e+00","739.75000000000000"," 92.000000000000000"," 5.50000000000000000","40.0000000000000000"," 3.7000000000000002e+00","43.7660665018483996391","43.7660665018483996391"
"2016-01-12 04:40:00","  40"," 0","20.199999999999999","46.560000000000002","19.566666666666698","44.700000000000003","20.289999999999999","45.560000000000002","19.856666666666701","46.466666666666697","18.500000000000000","50.000000000000000"," 4.799999999999999822","94.4933333333332968","17.890000000000001","45.700000000000003","19.100000000000001","54.399999999999999","17.100000000000001","49.045000000000002"," 4.9666666666666703e+00","739.79999999999995"," 91.666666666666700"," 5.33333333333333037","40.0000000000000000"," 3.6666666666666701e+00","16.9536468922160565853","16.9536468922160565853"
"2016-01-12 04:50:00","  60"," 0","20.166666666666700","46.363333333333301","19.500000000000000","44.700000000000003","20.289999999999999","45.590000000000003","19.789999999999999","46.466666666666697","18.500000000000000","50.000000000000000"," 4.799999999999999822","94.2266666666667021","17.890000000000001","45.590000000000003","19.100000000000001","54.399999999999999","17.100000000000001","49.200000000000003"," 4.9833333333333298e+00","739.85000000000002"," 91.333333333333300"," 5.16666666666666963","40.0000000000000000"," 3.6333333333333302e+00","41.9720175093971192837","41.9720175093971192837"
"2016-01-12 05:00:00","  50"," 0","20.100000000000001","46.363333333333301","19.500000000000000","44.789999999999999","20.289999999999999","45.590000000000003","19.760000000000002","46.590000000000003","18.500000000000000","50.000000000000000"," 4.799999999999999822","94.1266666666666936","17.890000000000001","45.663333333333298","19.100000000000001","54.289999999999999","17.100000000000001","49.259999999999998"," 5.0000000000000000e+00","739.89999999999998"," 91.000000000000000"," 5.00000000000000000","40.0000000000000000"," 3.6000000000000001e+00","17.3341744579374790192","17.3341744579374790192"
"2016-01-12 05:10:00","  50"," 0","20.100000000000001","46.500000000000000","19.426666666666701","44.729999999999997","20.289999999999999","45.590000000000003","19.699999999999999","46.663333333333298","18.472500000000000","49.975000000000001"," 4.799999999999999822","94.0000000000000000","17.890000000000001","45.590000000000003","19.100000000000001","54.229999999999997","17.100000000000001","49.289999999999999"," 4.9833333333333298e+00","739.96666666666704"," 91.666666666666700"," 4.83333333333333037","40.0000000000000000"," 3.6833333333333300e+00","16.6887465398758649826","16.6887465398758649826"
"2016-01-12 05:20:00","  40"," 0","20.033333333333299","46.359999999999999","19.390000000000001","44.729999999999997","20.289999999999999","45.590000000000003","19.666666666666700","46.663333333333298","18.390000000000001","49.899999999999999"," 4.763333333333330089","93.5633333333333042","17.890000000000001","45.590000000000003","19.050000000000001","54.045000000000002","17.100000000000001","49.363333333333301"," 4.9666666666666703e+00","740.03333333333296"," 92.333333333333300"," 4.66666666666666963","40.0000000000000000"," 3.7666666666666702e+00","23.8175622536800801754","23.8175622536800801754"
"2016-01-12 05:30:00","  40"," 0","20.000000000000000","46.289999999999999","19.390000000000001","44.789999999999999","20.356666666666701","45.590000000000003","19.600000000000001","46.590000000000003","18.390000000000001","49.899999999999999"," 4.763333333333330089","94.0233333333332979","17.890000000000001","45.626666666666701","19.000000000000000","54.000000000000000","17.100000000000001","49.433333333333302"," 4.9500000000000002e+00","740.10000000000002"," 93.000000000000000"," 4.50000000000000000","40.0000000000000000"," 3.8500000000000001e+00","44.6099167922511696815","44.6099167922511696815"
"2016-01-12 05:40:00","  40"," 0","20.000000000000000","46.289999999999999","19.390000000000001","44.789999999999999","20.390000000000001","45.590000000000003","19.600000000000001","46.626666666666701","18.390000000000001","49.899999999999999"," 4.833333333333330373","94.7266666666667021","17.890000000000001","45.626666666666701","19.066666666666698","54.000000000000000","17.100000000000001","49.560000000000002"," 4.9333333333333300e+00","740.16666666666697"," 93.666666666666700"," 4.33333333333333037","40.0000000000000000"," 3.9333333333333300e+00","43.2169735315255820751","43.2169735315255820751"
"2016-01-12 05:50:00","  40"," 0","20.000000000000000","46.229999999999997","19.390000000000001","44.789999999999999","20.323333333333299","45.590000000000003","19.600000000000001","46.700000000000003","18.390000000000001","49.899999999999999"," 4.833333333333330373","95.0000000000000000","17.890000000000001","45.590000000000003","19.100000000000001","53.899999999999999","17.100000000000001","49.626666666666701"," 4.9166666666666696e+00","740.23333333333301"," 94.333333333333300"," 4.16666666666666963","40.0000000000000000"," 4.0166666666666702e+00","19.4994771736674010754","19.4994771736674010754"
"2016-01-12 06:00:00","  50"," 0","19.926666666666701","46.229999999999997","19.289999999999999","44.899999999999999","20.323333333333299","45.590000000000003","19.500000000000000","46.700000000000003","18.390000000000001","49.899999999999999"," 4.900000000000000355","95.5300000000000011","17.890000000000001","45.723333333333301","19.033333333333299","53.826666666666704","17.100000000000001","49.700000000000003"," 4.9000000000000004e+00","740.29999999999995"," 95.000000000000000"," 4.00000000000000000","40.0000000000000000"," 4.0999999999999996e+00","38.8660349417477846146","38.8660349417477846146"
"2016-01-12 06:10:00","  70","10","19.890000000000001","46.229999999999997","19.289999999999999","44.924999999999997","20.323333333333299","45.590000000000003","19.500000000000000","46.700000000000003","18.356666666666701","49.933333333333302"," 4.997499999999999609","95.8199999999999932","17.890000000000001","45.899999999999999","19.000000000000000","53.789999999999999","17.100000000000001","49.826666666666704"," 4.9333333333333300e+00","740.43333333333305"," 94.666666666666700"," 4.16666666666666963","38.1666666666666998"," 4.0999999999999996e+00","48.0308998608961701393","48.0308998608961701393"
"2016-01-12 06:20:00","  40"," 0","19.890000000000001","46.430000000000000","19.289999999999999","45.000000000000000","20.289999999999999","45.590000000000003","19.426666666666701","46.700000000000003","18.289999999999999","50.000000000000000"," 5.089999999999999858","96.0300000000000011","17.890000000000001","45.966666666666697","19.000000000000000","53.789999999999999","17.100000000000001","49.966666666666697"," 4.9666666666666703e+00","740.56666666666695"," 94.333333333333300"," 4.33333333333333037","36.3333333333333002"," 4.0999999999999996e+00","21.7329742386937141418","21.7329742386937141418"
"2016-01-12 06:30:00","  30"," 0","19.890000000000001","46.626666666666701","19.289999999999999","45.126666666666701","20.289999999999999","45.590000000000003","19.390000000000001","46.700000000000003","18.289999999999999","50.126666666666701"," 5.000000000000000000","95.9000000000000057","17.890000000000001","45.899999999999999","19.000000000000000","53.759999999999998","17.133333333333301","50.000000000000000"," 5.0000000000000000e+00","740.70000000000005"," 94.000000000000000"," 4.50000000000000000","34.5000000000000000"," 4.0999999999999996e+00","35.6257339357398450375","35.6257339357398450375"
"2016-01-12 06:40:00","  20","10","19.890000000000001","46.700000000000003","19.218000000000000","45.200000000000003","20.289999999999999","45.500000000000000","19.390000000000001","46.700000000000003","18.289999999999999","50.200000000000003"," 5.000000000000000000","95.9666666666666970","17.890000000000001","45.826666666666704","19.000000000000000","53.700000000000003","17.199999999999999","50.000000000000000"," 5.0333333333333297e+00","740.83333333333303"," 93.666666666666700"," 4.66666666666666963","32.6666666666666998"," 4.0999999999999996e+00","19.9997184448875486851","19.9997184448875486851"
"2016-01-12 06:50:00","  30"," 0","19.890000000000001","46.863333333333301","19.199999999999999","45.244999999999997","20.289999999999999","45.433333333333302","19.289999999999999","46.789999999999999","18.289999999999999","50.229999999999997"," 4.966666666666670338","95.9333333333332945","17.890000000000001","45.722499999999997","19.000000000000000","53.875000000000000","17.199999999999999","50.000000000000000"," 5.0666666666666700e+00","740.96666666666704"," 93.333333333333300"," 4.83333333333333037","30.8333333333333002"," 4.0999999999999996e+00","16.2676075939089059830","16.2676075939089059830"
"2016-01-12 07:00:00","  40","10","19.823333333333299","46.863333333333301","19.199999999999999","45.363333333333301","20.199999999999999","45.289999999999999","19.289999999999999","46.789999999999999","18.289999999999999","50.289999999999999"," 4.900000000000000355","95.9333333333332945","17.890000000000001","45.789999999999999","19.000000000000000","54.000000000000000","17.199999999999999","50.000000000000000"," 5.0999999999999996e+00","741.10000000000002"," 93.000000000000000"," 5.00000000000000000","29.0000000000000000"," 4.0999999999999996e+00","37.8543574013747274876","37.8543574013747274876"
"2016-01-12 07:10:00","  50","10","19.856666666666701","46.930000000000000","19.199999999999999","45.399999999999999","20.199999999999999","45.289999999999999","19.289999999999999","46.789999999999999","18.289999999999999","50.426666666666698"," 4.933333333333330017","96.0900000000000034","17.890000000000001","45.863333333333301","19.000000000000000","54.060000000000002","17.199999999999999","50.090000000000003"," 5.0999999999999996e+00","741.21666666666704"," 92.666666666666700"," 5.00000000000000000","30.8333333333333002"," 4.0499999999999998e+00","10.1346127572469413280","10.1346127572469413280"
"2016-01-12 07:20:00","  60","20","19.789999999999999","46.789999999999999","19.199999999999999","45.326666666666704","20.166666666666700","45.289999999999999","19.289999999999999","46.596666666666700","18.230000000000000","50.833333333333300"," 4.933333333333330017","96.0900000000000034","17.890000000000001","45.520000000000003","18.926666666666701","53.799999999999997","17.199999999999999","49.963333333333303"," 5.0999999999999996e+00","741.33333333333303"," 92.333333333333300"," 5.00000000000000000","32.6666666666666998"," 4.0000000000000000e+00","35.5560611234977841377","35.5560611234977841377"
"2016-01-12 07:30:00","  60","20","19.789999999999999","46.895000000000003","19.175000000000001","45.195000000000000","20.100000000000001","45.289999999999999","19.260000000000002","46.296666666666702","18.199999999999999","51.266666666666701"," 5.000000000000000000","96.0900000000000034","17.890000000000001","45.140000000000001","18.972500000000000","53.149999999999999","17.199999999999999","49.723333333333301"," 5.0999999999999996e+00","741.45000000000005"," 92.000000000000000"," 5.00000000000000000","34.5000000000000000"," 3.9500000000000002e+00"," 6.0845960513688623905"," 6.0845960513688623905"
"2016-01-12 07:40:00","  70","20","19.789999999999999","47.426666666666698","19.100000000000001","45.030000000000001","20.100000000000001","45.289999999999999","19.199999999999999","46.090000000000003","18.199999999999999","51.526666666666699"," 5.000000000000000000","96.0900000000000034","17.856666666666701","44.833333333333300","18.890000000000001","52.799999999999997","17.199999999999999","49.463333333333303"," 5.0999999999999996e+00","741.56666666666695"," 91.666666666666700"," 5.00000000000000000","36.3333333333333002"," 3.8999999999999999e+00","12.2744256979785859585","12.2744256979785859585"
"2016-01-12 07:50:00","  60","30","19.789999999999999","48.366666666666703","19.100000000000001","45.000000000000000","20.100000000000001","45.289999999999999","19.166666666666700","45.966666666666697","18.100000000000001","51.826666666666704"," 5.000000000000000000","96.0900000000000034","17.789999999999999","44.566666666666698","18.856666666666701","52.363333333333301","17.149999999999999","48.994999999999997"," 5.0999999999999996e+00","741.68333333333305"," 91.333333333333300"," 5.00000000000000000","38.1666666666666998"," 3.8500000000000001e+00"," 7.1652189712040126324"," 7.1652189712040126324"
"2016-01-12 08:00:00"," 140","20","19.789999999999999","48.666666666666700","19.100000000000001","45.000000000000000","20.199999999999999","45.289999999999999","19.166666666666700","45.899999999999999","18.100000000000001","51.966666666666697"," 5.059999999999999609","96.1566666666666947","17.789999999999999","44.326666666666704","18.789999999999999","51.963333333333303","17.100000000000001","48.633333333333297"," 5.0999999999999996e+00","741.79999999999995"," 91.000000000000000"," 5.00000000000000000","40.0000000000000000"," 3.7999999999999998e+00","11.9814707548357546329","11.9814707548357546329"
"2016-01-12 08:10:00"," 110","30","19.789999999999999","48.533333333333303","19.066666666666698","45.060000000000002","20.133333333333301","45.289999999999999","19.199999999999999","45.759999999999998","18.100000000000001","52.126666666666701"," 5.089999999999999858","96.0266666666666993","17.856666666666701","44.659999999999997","18.789999999999999","51.633333333333297","17.100000000000001","48.359999999999999"," 5.0499999999999998e+00","741.88333333333298"," 91.000000000000000"," 5.00000000000000000","40.0000000000000000"," 3.7333333333333298e+00"," 2.9467188636772334576"," 2.9467188636772334576"
"2016-01-12 08:20:00","  90","10","19.890000000000001","50.000000000000000","19.022222222222201","45.044444444444402","20.149999999999999","45.244999999999997","19.199999999999999","45.626666666666701","18.033333333333299","52.200000000000003"," 5.089999999999999858","95.7600000000000051","18.000000000000000","45.063333333333297","18.789999999999999","51.395000000000003","17.100000000000001","48.026666666666699"," 5.0000000000000000e+00","741.96666666666704"," 91.000000000000000"," 5.00000000000000000","40.0000000000000000"," 3.6666666666666701e+00","32.1144129266031086445","32.1144129266031086445"
"2016-01-12 08:30:00","  60"," 0","19.890000000000001","48.733333333333299","19.100000000000001","45.200000000000003","20.100000000000001","45.200000000000003","19.100000000000001","45.526666666666699","18.050000000000001","52.399999999999999"," 5.000000000000000000","95.4566666666667061","18.000000000000000","44.456666666666699","18.699999999999999","51.045000000000002","17.100000000000001","47.766666666666701"," 4.9500000000000002e+00","742.04999999999995"," 91.000000000000000"," 5.00000000000000000","40.0000000000000000"," 3.6000000000000001e+00","43.8134606345556676388","43.8134606345556676388"
"2016-01-12 08:40:00","  60"," 0","19.890000000000001","48.026666666666699","19.033333333333299","45.126666666666701","20.100000000000001","45.200000000000003","19.100000000000001","45.399999999999999","18.000000000000000","52.500000000000000"," 4.793333333333330337","94.7900000000000063","17.890000000000001","43.960000000000001","18.699999999999999","50.759999999999998","17.100000000000001","47.466666666666697"," 4.9000000000000004e+00","742.13333333333298"," 91.000000000000000"," 5.00000000000000000","40.0000000000000000"," 3.5333333333333301e+00","38.9457338722422719002","38.9457338722422719002"
"2016-01-12 08:50:00","  60"," 0","19.890000000000001","47.633333333333297","19.000000000000000","45.090000000000003","20.100000000000001","45.200000000000003","19.100000000000001","45.363333333333301","18.000000000000000","52.560000000000002"," 4.466666666666670338","94.1933333333332996","17.890000000000001","43.566666666666698","18.699999999999999","50.645000000000003","17.033333333333299","47.266666666666701"," 4.8499999999999996e+00","742.21666666666704"," 91.000000000000000"," 5.00000000000000000","40.0000000000000000"," 3.4666666666666699e+00","39.8654412943869829178","39.8654412943869829178"
"2016-01-12 09:00:00","  50"," 0","19.856666666666701","47.063333333333297","19.000000000000000","45.030000000000001","20.100000000000001","45.200000000000003","19.100000000000001","45.229999999999997","18.000000000000000","52.789999999999999"," 4.297500000000000320","94.4500000000000028","17.856666666666701","43.100000000000001","18.699999999999999","50.420000000000002","17.000000000000000","46.930000000000000"," 4.7999999999999998e+00","742.29999999999995"," 91.000000000000000"," 5.00000000000000000","40.0000000000000000"," 3.3999999999999999e+00","22.7637226809747517109","22.7637226809747517109"
"2016-01-12 09:10:00","  60"," 0","19.789999999999999","46.656666666666702","19.000000000000000","44.966666666666697","20.100000000000001","45.163333333333298","19.100000000000001","45.090000000000003","17.926666666666701","52.789999999999999"," 4.063333333333329911","94.1933333333332996","17.789999999999999","42.766666666666701","18.633333333333301","50.156666666666702","17.066666666666698","46.789999999999999"," 4.8833333333333302e+00","742.38333333333298"," 91.000000000000000"," 5.00000000000000000","38.1666666666666998"," 3.4833333333333298e+00","20.5042041023261845112","20.5042041023261845112"
"2016-01-12 09:20:00","  50"," 0","19.789999999999999","46.333333333333300","19.000000000000000","44.826666666666704","20.100000000000001","45.090000000000003","19.100000000000001","44.966666666666697","17.890000000000001","52.759999999999998"," 4.030000000000000249","94.6666666666666998","17.789999999999999","42.430000000000000","18.666666666666700","50.026666666666699","17.033333333333299","46.590000000000003"," 4.9666666666666703e+00","742.46666666666704"," 91.000000000000000"," 5.00000000000000000","36.3333333333333002"," 3.5666666666666700e+00","40.5435121385380625725","40.5435121385380625725"
"2016-01-12 09:30:00","  30"," 0","19.789999999999999","46.066666666666698","19.000000000000000","44.645000000000003","20.100000000000001","45.163333333333298","19.033333333333299","44.766666666666701","17.890000000000001","52.033333333333303"," 4.089999999999999858","95.0000000000000000","17.789999999999999","42.229999999999997","18.600000000000001","49.826666666666704","17.033333333333299","46.390000000000001"," 5.0499999999999998e+00","742.54999999999995"," 91.000000000000000"," 5.00000000000000000","34.5000000000000000"," 3.6499999999999999e+00","30.2466645138338208199","30.2466645138338208199"
"2016-01-12 09:40:00","  40"," 0","19.760000000000002","45.863333333333301","18.963333333333299","44.560000000000002","20.033333333333299","44.963333333333303","19.000000000000000","44.663333333333298","18.000000000000000","50.899999999999999"," 4.123333333333330408","95.3966666666667038","17.699999999999999","41.966666666666697","18.600000000000001","49.663333333333298","17.000000000000000","46.163333333333298"," 5.1333333333333302e+00","742.63333333333298"," 91.000000000000000"," 5.00000000000000000","32.6666666666666998"," 3.7333333333333298e+00","32.7361964038573205471","32.7361964038573205471"
"2016-01-12 09:50:00","  30"," 0","19.699999999999999","45.789999999999999","18.963333333333299","44.433333333333302","20.000000000000000","44.899999999999999","19.066666666666698","44.590000000000003","18.000000000000000","50.426666666666698"," 4.263333333333330089","95.7966666666666953","17.699999999999999","41.826666666666704","18.600000000000001","49.590000000000003","17.000000000000000","46.030000000000001"," 5.2166666666666703e+00","742.71666666666704"," 91.000000000000000"," 5.00000000000000000","30.8333333333333002"," 3.8166666666666700e+00","17.6598635967820882797","17.6598635967820882797"
"2016-01-12 10:00:00"," 260"," 0","19.699999999999999","45.663333333333298","18.890000000000001","44.289999999999999","20.000000000000000","44.899999999999999","19.100000000000001","44.693333333333300","18.000000000000000","49.930000000000000"," 4.463333333333330266","96.2600000000000051","17.699999999999999","41.663333333333298","18.600000000000001","49.466666666666697","17.000000000000000","45.863333333333301"," 5.2999999999999998e+00","742.79999999999995"," 91.000000000000000"," 5.00000000000000000","29.0000000000000000"," 3.8999999999999999e+00","13.5130072943866252899","13.5130072943866252899"
"2016-01-12 10:10:00"," 500"," 0","19.699999999999999","45.590000000000003","18.890000000000001","44.229999999999997","19.890000000000001","44.899999999999999","19.166666666666700","45.026666666666699","18.000000000000000","49.656666666666702"," 4.730000000000000426","96.4666666666666970","17.699999999999999","41.590000000000003","18.533333333333299","49.399999999999999","17.000000000000000","45.729999999999997"," 5.4833333333333298e+00","742.88333333333298"," 90.166666666666700"," 5.00000000000000000","30.8333333333333002"," 3.9500000000000002e+00","49.6342030586674809456","49.6342030586674809456"
"2016-01-12 10:20:00"," 450"," 0","19.730000000000000","47.793333333333301","18.926666666666701","44.229999999999997","19.890000000000001","44.899999999999999","19.359999999999999","45.359999999999999","18.000000000000000","49.500000000000000"," 5.030000000000000249","96.5600000000000023","17.699999999999999","41.500000000000000","18.500000000000000","49.259999999999998","17.000000000000000","45.663333333333298"," 5.6666666666666696e+00","742.96666666666704"," 89.333333333333300"," 5.00000000000000000","32.6666666666666998"," 4.0000000000000000e+00","31.6746632219292223454","31.6746632219292223454"
"2016-01-12 10:30:00","  50","10","19.789999999999999","48.793333333333301","19.000000000000000","44.363333333333301","19.890000000000001","44.863333333333301","19.693333333333300","45.560000000000002","18.000000000000000","49.560000000000002"," 5.156666666666669840","96.5000000000000000","17.699999999999999","41.399999999999999","18.500000000000000","49.200000000000003","17.000000000000000","45.463333333333303"," 5.8499999999999996e+00","743.04999999999995"," 88.500000000000000"," 5.00000000000000000","34.5000000000000000"," 4.0499999999999998e+00","10.6604067608714103699","10.6604067608714103699"
"2016-01-12 10:40:00","  60"," 0","19.890000000000001","47.939999999999998","19.033333333333299","44.566666666666698","19.963333333333299","44.863333333333301","20.000000000000000","45.133333333333297","18.033333333333299","49.626666666666701"," 5.333333333333330373","96.5600000000000023","17.699999999999999","41.326666666666704","18.500000000000000","49.090000000000003","17.033333333333299","45.289999999999999"," 6.0333333333333297e+00","743.13333333333298"," 87.666666666666700"," 5.00000000000000000","36.3333333333333002"," 4.0999999999999996e+00"," 6.4686174038797616959"," 6.4686174038797616959"
"2016-01-12 10:50:00","  60"," 0","19.890000000000001","47.159999999999997","19.033333333333299","44.566666666666698","19.926666666666701","44.789999999999999","20.066666666666698","44.859999999999999","18.100000000000001","49.566666666666698"," 5.400000000000000355","96.2933333333332939","17.699999999999999","41.259999999999998","18.500000000000000","49.090000000000003","17.033333333333299","45.229999999999997"," 6.2166666666666703e+00","743.21666666666704"," 86.833333333333300"," 5.00000000000000000","38.1666666666666998"," 4.1500000000000004e+00","23.9059017156250774860","23.9059017156250774860"
"2016-01-12 11:00:00","  50"," 0","19.890000000000001","46.766666666666701","19.033333333333299","44.500000000000000","20.000000000000000","44.789999999999999","20.133333333333301","44.700000000000003","18.033333333333299","49.326666666666704"," 5.530000000000000249","96.1899999999999977","17.699999999999999","41.200000000000003","18.500000000000000","49.000000000000000","17.050000000000001","45.244999999999997"," 6.4000000000000004e+00","743.29999999999995"," 86.000000000000000"," 5.00000000000000000","40.0000000000000000"," 4.2000000000000002e+00","46.2037234916351735592","46.2037234916351735592"
"2016-01-12 11:10:00","  50"," 0","20.000000000000000","46.296666666666702","19.100000000000001","44.500000000000000","20.000000000000000","44.789999999999999","20.199999999999999","44.626666666666701","18.100000000000001","49.326666666666704"," 5.796666666666670409","96.1899999999999977","17.730000000000000","41.026666666666699","18.500000000000000","48.933333333333302","17.100000000000001","45.289999999999999"," 6.5000000000000000e+00","743.33333333333303"," 85.166666666666700"," 5.33333333333333037","38.0000000000000000"," 4.1666666666666696e+00","29.9380483571439981461","29.9380483571439981461"
"2016-01-12 11:20:00","  50"," 0","20.000000000000000","45.963333333333303","19.100000000000001","44.466666666666697","19.926666666666701","44.789999999999999","20.199999999999999","44.590000000000003","18.100000000000001","49.259999999999998"," 5.833333333333330373","95.0233333333332979","17.789999999999999","40.899999999999999","18.426666666666701","48.590000000000003","17.100000000000001","45.229999999999997"," 6.5999999999999996e+00","743.36666666666702"," 84.333333333333300"," 5.66666666666666963","36.0000000000000000"," 4.1333333333333302e+00","48.8085347460582852364","48.8085347460582852364"
"2016-01-12 11:30:00","  60"," 0","20.000000000000000","46.223333333333301","19.100000000000001","44.399999999999999","19.945000000000000","44.789999999999999","20.133333333333301","44.463333333333303","18.100000000000001","49.126666666666701"," 5.966666666666670338","94.5633333333333042","17.789999999999999","40.700000000000003","18.500000000000000","48.463333333333303","17.100000000000001","45.200000000000003"," 6.7000000000000002e+00","743.39999999999998"," 83.500000000000000"," 6.00000000000000000","34.0000000000000000"," 4.0999999999999996e+00","36.5896255942061543465","36.5896255942061543465"
"2016-01-12 11:40:00","  60"," 0","20.000000000000000","45.963333333333303","19.100000000000001","44.289999999999999","19.890000000000001","44.759999999999998","20.100000000000001","44.163333333333298","18.100000000000001","49.090000000000003"," 6.245000000000000107","93.7450000000000045","17.856666666666701","40.626666666666701","18.500000000000000","48.189999999999998","17.100000000000001","45.126666666666701"," 6.7999999999999998e+00","743.43333333333305"," 82.666666666666700"," 6.33333333333333037","32.0000000000000000"," 4.0666666666666700e+00","17.8363456041552126408","17.8363456041552126408"
"2016-01-12 11:50:00","  60"," 0","20.000000000000000","45.723333333333301","19.149999999999999","44.244999999999997","19.890000000000001","44.700000000000003","20.100000000000001","44.030000000000001","18.100000000000001","49.000000000000000"," 6.433333333333330017","91.2300000000000040","17.823333333333299","40.466666666666697","18.500000000000000","47.966666666666697","17.100000000000001","45.200000000000003"," 6.9000000000000004e+00","743.46666666666704"," 81.833333333333300"," 6.66666666666666963","30.0000000000000000"," 4.0333333333333297e+00","21.5736845275387167931","21.5736845275387167931"
"2016-01-12 12:00:00","  60"," 0","20.000000000000000","45.663333333333298","19.199999999999999","44.200000000000003","19.963333333333299","44.700000000000003","20.033333333333299","43.899999999999999","18.100000000000001","48.933333333333302"," 6.500000000000000000","88.8966666666667038","17.890000000000001","40.326666666666704","18.566666666666698","47.826666666666704","17.100000000000001","45.200000000000003"," 7.0000000000000000e+00","743.50000000000000"," 81.000000000000000"," 7.00000000000000000","28.0000000000000000"," 4.0000000000000000e+00"," 7.4105780338868498802"," 7.4105780338868498802"
"2016-01-12 12:10:00"," 190"," 0","20.033333333333299","45.500000000000000","19.199999999999999","44.126666666666701","19.963333333333299","44.700000000000003","20.033333333333299","43.693333333333300","18.066666666666698","49.000000000000000"," 6.589999999999999858","85.4633333333332956","17.917500000000000","40.240000000000002","18.566666666666698","47.590000000000003","17.100000000000001","45.060000000000002"," 7.0833333333333304e+00","743.50000000000000"," 80.666666666666700"," 7.00000000000000000","30.0000000000000000"," 4.0166666666666702e+00"," 0.6538787740282714367"," 0.6538787740282714367"
"2016-01-12 12:20:00"," 220"," 0","20.100000000000001","45.693333333333300","19.199999999999999","43.899999999999999","20.000000000000000","44.789999999999999","20.000000000000000","43.844999999999999","18.000000000000000","49.399999999999999"," 6.656666666666669840","84.3966666666667038","17.926666666666701","40.030000000000001","18.550000000000001","47.545000000000002","17.100000000000001","45.000000000000000"," 7.1666666666666696e+00","743.50000000000000"," 80.333333333333300"," 7.00000000000000000","32.0000000000000000"," 4.0333333333333297e+00","35.7783033046871423721","35.7783033046871423721"
"2016-01-12 12:30:00"," 170"," 0","20.100000000000001","45.399999999999999","19.199999999999999","43.899999999999999","20.000000000000000","44.789999999999999","20.000000000000000","43.826666666666704","17.963333333333299","49.890000000000001"," 6.933333333333330017","83.0999999999999943","17.972500000000000","39.875000000000000","18.600000000000001","47.352222222222203","17.100000000000001","44.863333333333301"," 7.2500000000000000e+00","743.50000000000000"," 80.000000000000000"," 7.00000000000000000","34.0000000000000000"," 4.0499999999999998e+00"," 5.1592117873951792717"," 5.1592117873951792717"
"2016-01-12 12:40:00"," 390"," 0","20.100000000000001","45.326666666666704","19.199999999999999","43.856000000000002","19.963333333333299","44.789999999999999","20.000000000000000","43.966666666666697","17.890000000000001","50.223333333333301"," 7.126666666666669592","82.8933333333333024","18.000000000000000","39.700000000000003","18.600000000000001","47.200000000000003","17.100000000000001","44.789999999999999"," 7.3333333333333304e+00","743.50000000000000"," 79.666666666666700"," 7.00000000000000000","36.0000000000000000"," 4.0666666666666700e+00","22.3142174305394291878","22.3142174305394291878"
"2016-01-12 12:50:00","  90"," 0","20.100000000000001","45.326666666666704","19.199999999999999","43.700000000000003","19.890000000000001","44.789999999999999","19.890000000000001","44.090000000000003","17.890000000000001","50.398000000000003"," 7.433333333333330017","82.3333333333333002","18.000000000000000","39.663333333333298","18.500000000000000","47.200000000000003","17.100000000000001","44.700000000000003"," 7.4166666666666696e+00","743.50000000000000"," 79.333333333333300"," 7.00000000000000000","38.0000000000000000"," 4.0833333333333304e+00","32.0050522568635642529","32.0050522568635642529"
"2016-01-12 13:00:00","  60"," 0","20.166666666666700","46.993333333333297","19.199999999999999","43.759999999999998","19.890000000000001","44.789999999999999","19.890000000000001","44.163333333333298","17.890000000000001","50.560000000000002"," 7.500000000000000000","81.0000000000000000","18.000000000000000","39.590000000000003","18.500000000000000","47.126666666666701","17.166666666666700","44.626666666666701"," 7.5000000000000000e+00","743.50000000000000"," 79.000000000000000"," 7.00000000000000000","40.0000000000000000"," 4.0999999999999996e+00","49.5919310022145509720","49.5919310022145509720"
"2016-01-12 13:10:00"," 290"," 0","20.100000000000001","46.430000000000000","19.100000000000001","43.817500000000003","19.890000000000001","44.789999999999999","19.856666666666701","44.159999999999997","17.856666666666701","50.729999999999997"," 7.400000000000000355","80.3599999999999994","17.890000000000001","39.590000000000003","18.500000000000000","47.229999999999997","17.166666666666700","44.560000000000002"," 7.4166666666666696e+00","743.50000000000000"," 79.333333333333300"," 7.16666666666666963","40.0000000000000000"," 4.0666666666666700e+00","24.7796788928098976612","24.7796788928098976612"
"2016-01-12 13:20:00"," 130"," 0","20.100000000000001","46.030000000000001","19.100000000000001","43.838124999999998","19.890000000000001","44.789999999999999","19.856666666666701","44.026666666666699","17.856666666666701","50.863333333333301"," 7.466666666666670338","80.3599999999999994","17.890000000000001","39.590000000000003","18.500000000000000","47.289999999999999","17.100000000000001","44.500000000000000"," 7.3333333333333304e+00","743.50000000000000"," 79.666666666666700"," 7.33333333333333037","40.0000000000000000"," 4.0333333333333297e+00","24.2174762184731662273","24.2174762184731662273"
"2016-01-12 13:30:00"," 140"," 0","20.066666666666698","45.363333333333301","19.100000000000001","43.744999999999997","19.890000000000001","44.863333333333301","19.789999999999999","43.863333333333301","17.789999999999999","50.933333333333302"," 7.656666666666669840","78.7900000000000063","17.890000000000001","39.590000000000003","18.500000000000000","47.329999999999998","17.100000000000001","44.399999999999999"," 7.2500000000000000e+00","743.50000000000000"," 80.000000000000000"," 7.50000000000000000","40.0000000000000000"," 4.0000000000000000e+00"," 8.6721167434006929398"," 8.6721167434006929398"
"2016-01-12 13:40:00"," 240"," 0","20.000000000000000","44.963333333333303","19.100000000000001","43.595555555555599","19.890000000000001","44.826666666666704","19.730000000000000","43.530000000000001","17.789999999999999","51.000000000000000"," 7.530000000000000249","78.1899999999999977","17.890000000000001","39.590000000000003","18.500000000000000","47.282499999999999","17.100000000000001","44.326666666666704"," 7.1666666666666696e+00","743.50000000000000"," 80.333333333333300"," 7.66666666666666963","40.0000000000000000"," 3.9666666666666699e+00","37.7410472254268825054","37.7410472254268825054"
"2016-01-12 13:50:00","  50"," 0","20.000000000000000","44.759999999999998","19.100000000000001","43.488888888888901","19.890000000000001","44.899999999999999","19.699999999999999","43.500000000000000","17.789999999999999","51.000000000000000"," 7.623333333333330408","78.7300000000000040","17.945000000000000","39.564999999999998","18.500000000000000","47.137142857142898","17.100000000000001","44.289999999999999"," 7.0833333333333304e+00","743.50000000000000"," 80.666666666666700"," 7.83333333333333037","40.0000000000000000"," 3.9333333333333300e+00","22.6947744609788060188","22.6947744609788060188"
"2016-01-12 14:00:00","  60"," 0","20.000000000000000","44.594999999999999","19.100000000000001","43.424999999999997","19.890000000000001","44.899999999999999","19.699999999999999","43.500000000000000","17.789999999999999","51.000000000000000"," 7.690000000000000391","77.1966666666667010","18.077777777777801","39.476666666666702","18.500000000000000","47.011333333333297","17.100000000000001","44.229999999999997"," 7.0000000000000000e+00","743.50000000000000"," 81.000000000000000"," 8.00000000000000000","40.0000000000000000"," 3.8999999999999999e+00","25.5584891885519027710","25.5584891885519027710"
"2016-01-12 14:10:00","  60"," 0","20.000000000000000","44.433333333333302","19.100000000000001","43.334000000000003","19.890000000000001","44.899999999999999","19.699999999999999","43.466666666666697","17.789999999999999","51.000000000000000"," 7.559999999999999609","76.3233333333332951","18.183333333333302","39.274999999999999","18.500000000000000","46.916666666666700","17.100000000000001","44.200000000000003"," 6.9833333333333298e+00","743.54999999999995"," 80.166666666666700"," 7.50000000000000000","40.0000000000000000"," 3.7333333333333298e+00","10.3772556642070412636","10.3772556642070412636"
"2016-01-12 14:20:00","  60"," 0","20.000000000000000","44.259999999999998","19.100000000000001","43.289999999999999","19.890000000000001","44.899999999999999","19.699999999999999","43.399999999999999","17.789999999999999","51.000000000000000"," 7.433333333333330017","76.4633333333332956","18.183333333333302","39.090000000000003","18.500000000000000","46.863333333333301","17.100000000000001","44.200000000000003"," 6.9666666666666703e+00","743.60000000000002"," 79.333333333333300"," 7.00000000000000000","40.0000000000000000"," 3.5666666666666700e+00","11.4329071366228163242","11.4329071366228163242"
"2016-01-12 14:30:00"," 370"," 0","20.000000000000000","44.200000000000003","19.100000000000001","43.289999999999999","19.890000000000001","44.899999999999999","19.600000000000001","43.200000000000003","17.730000000000000","51.000000000000000"," 7.294999999999999929","77.4000000000000057","18.100000000000001","39.090000000000003","18.500000000000000","46.789999999999999","17.100000000000001","44.126666666666701"," 6.9500000000000002e+00","743.64999999999998"," 78.500000000000000"," 6.50000000000000000","40.0000000000000000"," 3.3999999999999999e+00","29.7855998156592249870","29.7855998156592249870"
"2016-01-12 14:40:00"," 200"," 0","20.000000000000000","44.060000000000002","19.033333333333299","43.229999999999997","19.945000000000000","44.899999999999999","19.600000000000001","43.126666666666701","17.789999999999999","51.000000000000000"," 6.900000000000000355","77.6333333333332973","18.066666666666698","39.060000000000002","18.500000000000000","47.000000000000000","17.100000000000001","44.000000000000000"," 6.9333333333333300e+00","743.70000000000005"," 77.666666666666700"," 6.00000000000000000","40.0000000000000000"," 3.2333333333333298e+00","28.7436099140904843807","28.7436099140904843807"
"2016-01-12 14:50:00","  70"," 0","20.000000000000000","44.060000000000002","19.000000000000000","43.200000000000003","19.890000000000001","44.899999999999999","19.566666666666698","43.060000000000002","17.699999999999999","51.000000000000000"," 6.966666666666670338","78.8266666666666964","18.000000000000000","39.000000000000000","18.426666666666701","46.933333333333302","17.100000000000001","43.933333333333302"," 6.9166666666666696e+00","743.75000000000000"," 76.833333333333300"," 5.50000000000000000","40.0000000000000000"," 3.0666666666666700e+00"," 3.8532190141268074512"," 3.8532190141268074512"
"2016-01-12 15:00:00","  50"," 0","20.000000000000000","44.090000000000003","19.000000000000000","43.126666666666701","19.890000000000001","44.826666666666704","19.500000000000000","43.000000000000000","17.699999999999999","51.000000000000000"," 6.966666666666670338","79.4899999999999949","17.972500000000000","39.000000000000000","18.463333333333299","47.000000000000000","17.100000000000001","43.789999999999999"," 6.9000000000000004e+00","743.79999999999995"," 76.000000000000000"," 5.00000000000000000","40.0000000000000000"," 2.8999999999999999e+00"," 1.7770289792679250240"," 1.7770289792679250240"
"2016-01-12 15:10:00","  40"," 0","20.000000000000000","44.030000000000001","19.000000000000000","43.090000000000003","19.890000000000001","44.899999999999999","19.463333333333299","43.060000000000002","17.699999999999999","51.000000000000000"," 6.833333333333330373","78.7566666666667032","17.890000000000001","39.000000000000000","18.390000000000001","47.000000000000000","17.100000000000001","43.789999999999999"," 6.7999999999999998e+00","743.81666666666695"," 77.000000000000000"," 4.83333333333333037","40.0000000000000000"," 3.0000000000000000e+00","32.1397746098227798939","32.1397746098227798939"
"2016-01-12 15:20:00","  40"," 0","19.963333333333299","43.899999999999999","18.926666666666701","43.090000000000003","19.890000000000001","44.899999999999999","19.390000000000001","43.000000000000000","17.699999999999999","51.000000000000000"," 6.366666666666669805","79.0600000000000023","18.033333333333299","39.090000000000003","18.390000000000001","46.899999999999999","17.100000000000001","43.700000000000003"," 6.7000000000000002e+00","743.83333333333303"," 78.000000000000000"," 4.66666666666666963","40.0000000000000000"," 3.1000000000000001e+00","46.4307599817402660847","46.4307599817402660847"
"2016-01-12 15:30:00","  30"," 0","19.963333333333299","43.899999999999999","19.033333333333299","43.060000000000002","19.890000000000001","44.789999999999999","19.445000000000000","43.145000000000003","17.699999999999999","51.000000000000000"," 6.433333333333330017","82.5333333333333030","18.166666666666700","39.030000000000001","18.497499999999999","46.672499999999999","17.100000000000001","43.759999999999998"," 6.5999999999999996e+00","743.85000000000002"," 79.000000000000000"," 4.50000000000000000","40.0000000000000000"," 3.2000000000000002e+00","29.9046211177483201027","29.9046211177483201027"
"2016-01-12 15:40:00","  30"," 0","20.000000000000000","43.863333333333301","19.100000000000001","43.000000000000000","19.890000000000001","44.789999999999999","19.533333333333299","43.163333333333298","17.699999999999999","51.000000000000000"," 6.933333333333330017","81.0266666666666993","18.323333333333299","38.833333333333300","18.666666666666700","46.530000000000001","17.166666666666700","43.789999999999999"," 6.5000000000000000e+00","743.86666666666702"," 80.000000000000000"," 4.33333333333333037","40.0000000000000000"," 3.2999999999999998e+00","28.0450374004431068897","28.0450374004431068897"
"2016-01-12 15:50:00","  30"," 0","20.066666666666698","43.863333333333301","19.133333333333301","42.863333333333301","19.890000000000001","44.759999999999998","19.600000000000001","43.030000000000001","17.699999999999999","51.000000000000000"," 7.000000000000000000","76.8333333333333002","18.445000000000000","38.645000000000003","18.789999999999999","46.223333333333301","17.166666666666700","43.789999999999999"," 6.4000000000000004e+00","743.88333333333298"," 81.000000000000000"," 4.16666666666666963","40.0000000000000000"," 3.3999999999999999e+00","26.3013861957006156445","26.3013861957006156445"
"2016-01-12 16:00:00","  30"," 0","20.100000000000001","43.789999999999999","19.199999999999999","42.715000000000003","19.890000000000001","44.700000000000003","19.600000000000001","42.863333333333301","17.699999999999999","51.000000000000000"," 6.933333333333330017","75.1333333333332973","18.528571428571400","38.253571428571398","18.789999999999999","45.980833333333301","17.199999999999999","43.789999999999999"," 6.2999999999999998e+00","743.89999999999998"," 82.000000000000000"," 4.00000000000000000","40.0000000000000000"," 3.5000000000000000e+00","49.2547611938789486885","49.2547611938789486885"
"2016-01-12 16:10:00","  40"," 0","20.100000000000001","43.729999999999997","19.136363636363601","42.649999999999999","19.890000000000001","44.700000000000003","19.533333333333299","42.789999999999999","17.699999999999999","51.060000000000002"," 6.726666666666670125","75.3333333333333002","18.487777777777801","38.187777777777796","18.780000000000001","45.887777777777799","17.199999999999999","43.729999999999997"," 6.3333333333333304e+00","743.95000000000005"," 80.833333333333300"," 4.50000000000000000","38.1666666666666998"," 3.2999999999999998e+00","25.3820911166258156300","25.3820911166258156300"
"2016-01-12 16:20:00","  50"," 0","20.100000000000001","43.560000000000002","19.129999999999999","42.590000000000003","19.890000000000001","44.759999999999998","19.390000000000001","42.590000000000003","17.666666666666700","51.000000000000000"," 6.526666666666669947","73.7600000000000051","18.390000000000001","38.027000000000001","18.716363636363599","45.810000000000002","17.199999999999999","43.663333333333298"," 6.3666666666666698e+00","744.00000000000000"," 79.666666666666700"," 5.00000000000000000","36.3333333333333002"," 3.1000000000000001e+00","34.1394039336591959000","34.1394039336591959000"
"2016-01-12 16:30:00","  40"," 0","20.100000000000001","43.433333333333302","19.100000000000001","42.590000000000003","19.890000000000001","44.789999999999999","19.390000000000001","42.590000000000003","17.600000000000001","51.000000000000000"," 6.333333333333330373","73.5000000000000000","18.375714285714299","38.000000000000000","18.699999999999999","45.789999999999999","17.199999999999999","43.530000000000001"," 6.4000000000000004e+00","744.04999999999995"," 78.500000000000000"," 5.50000000000000000","34.5000000000000000"," 2.8999999999999999e+00","30.0770608824677765369","30.0770608824677765369"
"2016-01-12 16:40:00","  40"," 0","20.100000000000001","43.163333333333298","19.037500000000001","42.533749999999998","19.823333333333299","44.729999999999997","19.289999999999999","42.590000000000003","17.600000000000001","50.966666666666697"," 6.123333333333330408","75.7000000000000028","18.242000000000001","37.946666666666701","18.699999999999999","45.724545454545499","17.100000000000001","43.399999999999999"," 6.4333333333333300e+00","744.10000000000002"," 77.333333333333300"," 6.00000000000000000","32.6666666666666998"," 2.7000000000000002e+00","11.9434338877908885479","11.9434338877908885479"
"2016-01-12 16:50:00","  40"," 0","20.100000000000001","43.030000000000001","19.007692307692299","42.430000000000000","19.789999999999999","44.700000000000003","19.289999999999999","42.590000000000003","17.600000000000001","50.899999999999999"," 6.190000000000000391","76.3666666666667027","18.199999999999999","37.899999999999999","18.631250000000001","45.711874999999999","17.100000000000001","43.326666666666704"," 6.4666666666666703e+00","744.14999999999998"," 76.166666666666700"," 6.50000000000000000","30.8333333333333002"," 2.5000000000000000e+00","12.9082963336259126663","12.9082963336259126663"
"2016-01-12 17:00:00","  60"," 0","20.066666666666698","42.833333333333300","19.000000000000000","42.418181818181800","19.789999999999999","44.700000000000003","19.260000000000002","42.560000000000002","17.600000000000001","50.899999999999999"," 6.156666666666669840","76.8933333333333024","18.138888888888900","37.905555555555601","18.600000000000001","45.789999999999999","17.100000000000001","43.259999999999998"," 6.5000000000000000e+00","744.20000000000005"," 75.000000000000000"," 7.00000000000000000","29.0000000000000000"," 2.2999999999999998e+00","36.4654811681248247623","36.4654811681248247623"
"2016-01-12 17:10:00","  60","10","20.000000000000000","42.672499999999999","19.000000000000000","42.433333333333302","19.789999999999999","44.663333333333298","19.199999999999999","42.560000000000002","17.600000000000001","50.899999999999999"," 6.089999999999999858","77.5600000000000023","18.100000000000001","37.945454545454503","18.600000000000001","45.808333333333302","17.100000000000001","43.200000000000003"," 6.3166666666666700e+00","744.28333333333296"," 76.666666666666700"," 7.00000000000000000","30.8333333333333002"," 2.4333333333333300e+00","22.6285415701568126678","22.6285415701568126678"
"2016-01-12 17:20:00"," 210","20","20.000000000000000","42.530000000000001","18.989999999999998","42.471818181818200","19.789999999999999","44.590000000000003","19.199999999999999","42.626666666666701","17.600000000000001","50.789999999999999"," 6.089999999999999858","77.9950000000000045","18.100000000000001","38.045000000000002","18.600000000000001","45.899999999999999","17.100000000000001","43.145000000000003"," 6.1333333333333302e+00","744.36666666666702"," 78.333333333333300"," 7.00000000000000000","32.6666666666666998"," 2.5666666666666700e+00"," 8.7563384207896888256"," 8.7563384207896888256"
"2016-01-12 17:30:00"," 380","20","20.033333333333299","43.496666666666698","18.902222222222200","42.579999999999998","19.823333333333299","44.590000000000003","19.199999999999999","42.759999999999998","17.600000000000001","50.729999999999997"," 6.059999999999999609","78.7000000000000028","18.018181818181802","38.057272727272696","18.536363636363600","46.000000000000000","17.100000000000001","43.000000000000000"," 5.9500000000000002e+00","744.45000000000005"," 80.000000000000000"," 7.00000000000000000","34.5000000000000000"," 2.7000000000000002e+00","37.3349134810268878937","37.3349134810268878937"
"2016-01-12 17:40:00"," 370","40","20.033333333333299","42.963333333333303","18.890000000000001","42.560000000000002","19.890000000000001","44.590000000000003","19.359999999999999","43.566666666666698","17.533333333333299","50.789999999999999"," 5.933333333333330017","81.0333333333333030","18.000000000000000","38.344166666666702","18.500000000000000","46.000000000000000","17.100000000000001","43.000000000000000"," 5.7666666666666702e+00","744.53333333333296"," 81.666666666666700"," 7.00000000000000000","36.3333333333333002"," 2.8333333333333299e+00"," 5.2493820199742913246"," 5.2493820199742913246"
"2016-01-12 17:50:00"," 230","30","20.000000000000000","43.159999999999997","18.890000000000001","42.796666666666702","19.890000000000001","44.590000000000003","19.693333333333300","43.899999999999999","17.600000000000001","50.789999999999999"," 5.526666666666669947","82.8933333333333024","18.066666666666698","38.899999999999999","18.500000000000000","46.126666666666701","17.066666666666698","42.930000000000000"," 5.5833333333333304e+00","744.61666666666702"," 83.333333333333300"," 7.00000000000000000","38.1666666666666998"," 2.9666666666666699e+00","43.2272474514320492744","43.2272474514320492744"
"2016-01-12 18:00:00","  80","40","20.000000000000000","43.899999999999999","18.856666666666701","43.399999999999999","19.789999999999999","44.466666666666697","20.163333333333298","43.833333333333300","17.600000000000001","50.744999999999997"," 5.259999999999999787","83.4333333333332945","18.133333333333301","39.326666666666704","18.500000000000000","46.333333333333300","17.000000000000000","42.863333333333301"," 5.4000000000000004e+00","744.70000000000005"," 85.000000000000000"," 7.00000000000000000","40.0000000000000000"," 3.1000000000000001e+00","30.7322485838085412979","30.7322485838085412979"
"2016-01-12 18:10:00","  90","30","20.000000000000000","43.700000000000003","18.856666666666701","43.466666666666697","19.789999999999999","44.466666666666697","20.289999999999999","43.626666666666701","17.500000000000000","50.826666666666704"," 5.059999999999999609","84.2566666666667032","18.199999999999999","39.326666666666704","18.600000000000001","46.626666666666701","17.033333333333299","42.826666666666704"," 5.2999999999999998e+00","744.75000000000000"," 86.000000000000000"," 6.83333333333333037","40.0000000000000000"," 3.1499999999999999e+00","27.8579769423231482506","27.8579769423231482506"
"2016-01-12 18:20:00","  70","20","20.000000000000000","43.759999999999998","18.926666666666701","43.363333333333301","19.789999999999999","44.399999999999999","20.199999999999999","43.490000000000002","17.500000000000000","50.899999999999999"," 4.933333333333330017","85.0633333333333042","18.245000000000001","39.450000000000003","18.666666666666700","46.833333333333300","17.033333333333299","42.826666666666704"," 5.2000000000000002e+00","744.79999999999995"," 87.000000000000000"," 6.66666666666666963","40.0000000000000000"," 3.2000000000000002e+00","16.4388659526593983173","16.4388659526593983173"
"2016-01-12 18:30:00","  40","10","20.033333333333299","44.000000000000000","19.000000000000000","43.289999999999999","19.789999999999999","44.399999999999999","20.199999999999999","43.096666666666700","17.500000000000000","51.000000000000000"," 4.933333333333330017","86.4566666666667061","18.199999999999999","39.259999999999998","18.699999999999999","47.026666666666699","17.000000000000000","42.700000000000003"," 5.0999999999999996e+00","744.85000000000002"," 88.000000000000000"," 6.50000000000000000","40.0000000000000000"," 3.2500000000000000e+00","22.6565722725354135036","22.6565722725354135036"
"2016-01-12 18:40:00","  40"," 0","20.100000000000001","44.259999999999998","19.199999999999999","43.289999999999999","19.890000000000001","44.399999999999999","20.100000000000001","42.844999999999999","17.500000000000000","51.000000000000000"," 5.000000000000000000","87.6633333333332985","18.199999999999999","39.126666666666701","18.760000000000002","46.899999999999999","17.000000000000000","42.759999999999998"," 5.0000000000000000e+00","744.89999999999998"," 89.000000000000000"," 6.33333333333333037","40.0000000000000000"," 3.2999999999999998e+00","25.0220486312173306942","25.0220486312173306942"
"2016-01-12 18:50:00","  30"," 0","20.100000000000001","44.200000000000003","19.245000000000001","43.244999999999997","19.890000000000001","44.326666666666704","19.963333333333299","42.590000000000003","17.500000000000000","51.090000000000003"," 4.900000000000000355","88.6333333333332973","18.100000000000001","39.090000000000003","18.699999999999999","46.767499999999998","17.000000000000000","42.789999999999999"," 4.9000000000000004e+00","744.95000000000005"," 90.000000000000000"," 6.16666666666666963","40.0000000000000000"," 3.3500000000000001e+00"," 9.0433180565014481544"," 9.0433180565014481544"
"2016-01-12 19:00:00","  50"," 0","20.100000000000001","44.126666666666701","19.289999999999999","43.094999999999999","19.789999999999999","44.090000000000003","19.890000000000001","42.590000000000003","17.500000000000000","51.090000000000003"," 4.900000000000000355","89.4266666666667049","18.100000000000001","39.090000000000003","18.699999999999999","46.645000000000003","17.000000000000000","42.789999999999999"," 4.7999999999999998e+00","745.00000000000000"," 91.000000000000000"," 6.00000000000000000","40.0000000000000000"," 3.3999999999999999e+00","26.4815301401540637016","26.4815301401540637016"
"2016-01-12 19:10:00","  50"," 0","20.100000000000001","44.060000000000002","19.370000000000001","42.920000000000002","19.789999999999999","44.090000000000003","19.856666666666701","42.560000000000002","17.500000000000000","51.000000000000000"," 4.866666666666669805","90.2266666666667021","18.066666666666698","39.060000000000002","18.600000000000001","46.500000000000000","17.000000000000000","42.789999999999999"," 4.7500000000000000e+00","745.03333333333296"," 91.333333333333300"," 6.16666666666666963","40.0000000000000000"," 3.3999999999999999e+00"," 3.7637872854247689247"," 3.7637872854247689247"
"2016-01-12 19:20:00","  60"," 0","20.100000000000001","44.000000000000000","19.390000000000001","42.899999999999999","19.789999999999999","44.126666666666701","19.789999999999999","42.500000000000000","17.500000000000000","51.000000000000000"," 4.866666666666669805","90.8933333333333024","18.000000000000000","39.000000000000000","18.533333333333299","46.560000000000002","16.926666666666701","42.789999999999999"," 4.7000000000000002e+00","745.06666666666695"," 91.666666666666700"," 6.33333333333333037","40.0000000000000000"," 3.3999999999999999e+00","13.8877966324798762798","13.8877966324798762798"
"2016-01-12 19:30:00","  50"," 0","20.100000000000001","43.899999999999999","19.390000000000001","42.759999999999998","19.789999999999999","44.200000000000003","19.760000000000002","42.530000000000001","17.500000000000000","51.000000000000000"," 4.933333333333330017","91.4000000000000057","17.963333333333299","39.000000000000000","18.500000000000000","46.899999999999999","16.890000000000001","42.789999999999999"," 4.6500000000000004e+00","745.10000000000002"," 92.000000000000000"," 6.50000000000000000","40.0000000000000000"," 3.3999999999999999e+00","10.6349759618751704693","10.6349759618751704693"
"2016-01-12 19:40:00","  60"," 0","20.100000000000001","43.826666666666704","19.390000000000001","42.700000000000003","19.789999999999999","44.200000000000003","19.699999999999999","42.530000000000001","17.500000000000000","51.000000000000000"," 4.933333333333330017","91.2600000000000051","17.890000000000001","39.000000000000000","18.500000000000000","47.126666666666701","16.963333333333299","42.863333333333301"," 4.5999999999999996e+00","745.13333333333298"," 92.333333333333300"," 6.66666666666666963","40.0000000000000000"," 3.3999999999999999e+00","14.2395240487530827522","14.2395240487530827522"
"2016-01-12 19:50:00","  60"," 0","20.033333333333299","43.729999999999997","19.390000000000001","42.663333333333298","19.789999999999999","44.200000000000003","19.666666666666700","42.560000000000002","17.500000000000000","50.966666666666697"," 4.626666666666669592","90.9633333333332956","17.890000000000001","39.000000000000000","18.500000000000000","47.259999999999998","16.890000000000001","42.899999999999999"," 4.5499999999999998e+00","745.16666666666697"," 92.666666666666700"," 6.83333333333333037","40.0000000000000000"," 3.3999999999999999e+00","44.7547051473520696163","44.7547051473520696163"
"2016-01-12 20:00:00","  60"," 0","20.100000000000001","43.729999999999997","19.390000000000001","42.530000000000001","19.789999999999999","44.289999999999999","19.600000000000001","42.500000000000000","17.500000000000000","50.899999999999999"," 4.400000000000000355","91.2724999999999937","17.890000000000001","39.000000000000000","18.500000000000000","47.326666666666704","16.890000000000001","42.899999999999999"," 4.5000000000000000e+00","745.20000000000005"," 93.000000000000000"," 7.00000000000000000","40.0000000000000000"," 3.3999999999999999e+00","22.3117661662399768829","22.3117661662399768829"
"2016-01-12 20:10:00","  50"," 0","20.066666666666698","43.490000000000002","19.356666666666701","42.500000000000000","19.789999999999999","44.289999999999999","19.600000000000001","42.500000000000000","17.500000000000000","50.863333333333301"," 4.366666666666669805","92.4599999999999937","17.789999999999999","38.899999999999999","18.500000000000000","47.399999999999999","16.890000000000001","42.899999999999999"," 4.5333333333333297e+00","745.31666666666695"," 92.666666666666700"," 6.83333333333333037","40.0000000000000000"," 3.3999999999999999e+00","38.9992444892413914204","38.9992444892413914204"
"2016-01-12 20:20:00","  50"," 0","20.000000000000000","43.289999999999999","19.289999999999999","42.433333333333302","19.789999999999999","44.289999999999999","19.533333333333299","42.500000000000000","17.500000000000000","50.789999999999999"," 4.530000000000000249","93.1899999999999977","17.789999999999999","38.899999999999999","18.390000000000001","47.399999999999999","16.890000000000001","42.899999999999999"," 4.5666666666666700e+00","745.43333333333305"," 92.333333333333300"," 6.66666666666666963","40.0000000000000000"," 3.3999999999999999e+00","44.0309517434798181057","44.0309517434798181057"
"2016-01-12 20:30:00","  50"," 0","20.000000000000000","43.145000000000003","19.289999999999999","42.450000000000003","19.789999999999999","44.289999999999999","19.500000000000000","42.500000000000000","17.500000000000000","50.789999999999999"," 4.589999999999999858","93.1899999999999977","17.789999999999999","38.899999999999999","18.390000000000001","47.399999999999999","16.890000000000001","42.844999999999999"," 4.5999999999999996e+00","745.54999999999995"," 92.000000000000000"," 6.50000000000000000","40.0000000000000000"," 3.3999999999999999e+00","20.6562104751355946064","20.6562104751355946064"
"2016-01-12 20:40:00","  50"," 0","20.000000000000000","43.060000000000002","19.260000000000002","42.466666666666697","19.789999999999999","44.289999999999999","19.500000000000000","42.500000000000000","17.500000000000000","50.729999999999997"," 4.559999999999999609","93.0600000000000023","17.789999999999999","38.966666666666697","18.390000000000001","47.399999999999999","16.890000000000001","42.826666666666704"," 4.6333333333333302e+00","745.66666666666697"," 91.666666666666700"," 6.33333333333333037","40.0000000000000000"," 3.3999999999999999e+00"," 3.1904240255244076252"," 3.1904240255244076252"
"2016-01-12 20:50:00","  50"," 0","19.926666666666701","43.000000000000000","19.199999999999999","42.399999999999999","19.789999999999999","44.289999999999999","19.463333333333299","42.466666666666697","17.390000000000001","50.590000000000003"," 4.366666666666669805","92.9333333333332945","17.789999999999999","39.000000000000000","18.390000000000001","47.399999999999999","16.890000000000001","42.899999999999999"," 4.6666666666666696e+00","745.78333333333296"," 91.333333333333300"," 6.16666666666666963","40.0000000000000000"," 3.3999999999999999e+00","16.7743745842017233372","16.7743745842017233372"
"2016-01-12 21:00:00","  60"," 0","19.890000000000001","42.863333333333301","19.199999999999999","42.326666666666704","19.789999999999999","44.289999999999999","19.390000000000001","42.399999999999999","17.390000000000001","50.530000000000001"," 4.263333333333330089","93.3666666666667027","17.730000000000000","39.000000000000000","18.390000000000001","47.399999999999999","16.890000000000001","42.899999999999999"," 4.7000000000000002e+00","745.89999999999998"," 91.000000000000000"," 6.00000000000000000","40.0000000000000000"," 3.3999999999999999e+00","36.1862973310053348541","36.1862973310053348541"
"2016-01-12 21:10:00","  60"," 0","19.890000000000001","42.789999999999999","19.199999999999999","42.326666666666704","19.789999999999999","44.259999999999998","19.390000000000001","42.433333333333302","17.390000000000001","50.500000000000000"," 4.263333333333330089","93.8933333333333024","17.699999999999999","39.000000000000000","18.390000000000001","47.326666666666704","16.890000000000001","42.899999999999999"," 4.7999999999999998e+00","745.95000000000005"," 90.500000000000000"," 6.16666666666666963","38.1666666666666998"," 3.4166666666666701e+00","16.8807666748762130737","16.8807666748762130737"
"2016-01-12 21:20:00","  40"," 0","19.890000000000001","42.700000000000003","19.100000000000001","42.363333333333301","19.789999999999999","44.200000000000003","19.323333333333299","42.500000000000000","17.390000000000001","50.466666666666697"," 4.400000000000000355","94.2633333333333070","17.699999999999999","39.000000000000000","18.289999999999999","47.289999999999999","16.890000000000001","42.899999999999999"," 4.9000000000000004e+00","746.00000000000000"," 90.000000000000000"," 6.33333333333333037","36.3333333333333002"," 3.4333333333333300e+00","31.5207061241380870342","31.5207061241380870342"
"2016-01-12 21:30:00","  30"," 0","19.823333333333299","42.626666666666701","19.100000000000001","42.289999999999999","19.789999999999999","44.163333333333298","19.289999999999999","42.500000000000000","17.390000000000001","50.399999999999999"," 4.466666666666670338","94.3966666666667038","17.699999999999999","39.000000000000000","18.289999999999999","47.289999999999999","16.890000000000001","42.826666666666704"," 5.0000000000000000e+00","746.04999999999995"," 89.500000000000000"," 6.50000000000000000","34.5000000000000000"," 3.4500000000000002e+00","42.0307277003303170204","42.0307277003303170204"
"2016-01-12 21:40:00","  30","20","19.789999999999999","42.590000000000003","19.044444444444402","42.240000000000002","19.730000000000000","44.090000000000003","19.289999999999999","42.500000000000000","17.390000000000001","50.399999999999999"," 4.623333333333330408","94.4000000000000057","17.625000000000000","38.924999999999997","18.289999999999999","47.289999999999999","16.789999999999999","42.789999999999999"," 5.0999999999999996e+00","746.10000000000002"," 89.000000000000000"," 6.66666666666666963","32.6666666666666998"," 3.4666666666666699e+00","42.8065832355059683323","42.8065832355059683323"
"2016-01-12 21:50:00","  30","10","19.789999999999999","42.723333333333301","19.000000000000000","42.056363636363599","19.699999999999999","44.000000000000000","19.289999999999999","42.689999999999998","17.390000000000001","50.326666666666704"," 4.690000000000000391","94.2600000000000051","17.724545454545499","39.327272727272700","18.289999999999999","47.481666666666698","16.789999999999999","42.789999999999999"," 5.2000000000000002e+00","746.14999999999998"," 88.500000000000000"," 6.83333333333333037","30.8333333333333002"," 3.4833333333333298e+00","19.5679640513844788074","19.5679640513844788074"
"2016-01-12 22:00:00","  40"," 0","19.760000000000002","42.759999999999998","19.000000000000000","41.886666666666699","19.699999999999999","44.060000000000002","19.289999999999999","42.729999999999997","17.390000000000001","50.289999999999999"," 4.833333333333330373","94.3966666666667038","17.780000000000001","39.689444444444398","18.362727272727302","47.705454545454501","16.890000000000001","43.196666666666701"," 5.2999999999999998e+00","746.20000000000005"," 88.000000000000000"," 7.00000000000000000","29.0000000000000000"," 3.5000000000000000e+00","19.0246942802332341671","19.0246942802332341671"
"2016-01-12 22:10:00","  50","10","19.699999999999999","42.700000000000003","19.000000000000000","41.988333333333301","19.699999999999999","44.126666666666701","19.230000000000000","42.789999999999999","17.390000000000001","50.289999999999999"," 4.966666666666670338","94.5900000000000034","17.806666666666700","40.196111111111101","18.479375000000001","48.342500000000001","16.890000000000001","43.796666666666702"," 5.3333333333333304e+00","746.26666666666699"," 87.333333333333300"," 6.83333333333333037","30.8333333333333002"," 3.3999999999999999e+00","44.7722712997347116470","44.7722712997347116470"
"2016-01-12 22:20:00","  50"," 0","19.699999999999999","42.700000000000003","19.000000000000000","42.064285714285703","19.699999999999999","44.200000000000003","19.199999999999999","43.000000000000000","17.390000000000001","50.326666666666704"," 5.089999999999999858","94.6266666666666936","17.856666666666701","40.692222222222199","18.558823529411800","48.841764705882397","16.890000000000001","44.193333333333300"," 5.3666666666666698e+00","746.33333333333303"," 86.666666666666700"," 6.66666666666666963","32.6666666666666998"," 3.2999999999999998e+00","32.2157881455495953560","32.2157881455495953560"
"2016-01-12 22:30:00","  50"," 0","19.633333333333301","42.626666666666701","18.910625000000000","42.252499999999998","19.730000000000000","44.289999999999999","19.199999999999999","43.133333333333297","17.390000000000001","50.466666666666697"," 5.089999999999999858","94.2933333333332939","17.890000000000001","40.937777777777796","18.600000000000001","49.322727272727299","16.890000000000001","44.659999999999997"," 5.4000000000000004e+00","746.39999999999998"," 86.000000000000000"," 6.50000000000000000","34.5000000000000000"," 3.2000000000000002e+00","37.0539324358105659485","37.0539324358105659485"
"2016-01-12 22:40:00","  40"," 0","19.666666666666700","43.000000000000000","18.890000000000001","42.410625000000003","19.789999999999999","44.289999999999999","19.199999999999999","43.229999999999997","17.390000000000001","50.530000000000001"," 5.190000000000000391","93.6333333333332973","17.840000000000000","41.085000000000001","18.600000000000001","49.664375000000000","16.926666666666701","45.096666666666700"," 5.4333333333333300e+00","746.46666666666704"," 85.333333333333300"," 6.33333333333333037","36.3333333333333002"," 3.1000000000000001e+00","30.2651723264716565609","30.2651723264716565609"
"2016-01-12 22:50:00","  50"," 0","19.600000000000001","43.000000000000000","18.890000000000001","42.500000000000000","19.789999999999999","44.433333333333302","19.199999999999999","43.363333333333301","17.390000000000001","50.663333333333298"," 5.272499999999999964","92.4699999999999989","17.844545454545500","41.273636363636399","18.600000000000001","50.059090909090898","16.926666666666701","45.430000000000000"," 5.4666666666666703e+00","746.53333333333296"," 84.666666666666700"," 6.16666666666666963","38.1666666666666998"," 3.0000000000000000e+00","45.1540805748663842678","45.1540805748663842678"
"2016-01-12 23:00:00","  40"," 0","19.600000000000001","43.000000000000000","18.890000000000001","42.645000000000003","19.789999999999999","44.500000000000000","19.133333333333301","43.399999999999999","17.356666666666701","50.789999999999999"," 5.366666666666669805","90.7999999999999972","17.846250000000001","41.441249999999997","18.633333333333301","50.390000000000001","17.000000000000000","45.700000000000003"," 5.5000000000000000e+00","746.60000000000002"," 84.000000000000000"," 6.00000000000000000","40.0000000000000000"," 2.8999999999999999e+00","14.6865077549591660500","14.6865077549591660500"
"2016-01-12 23:10:00","  40"," 0","19.533333333333299","43.000000000000000","18.808181818181801","42.700000000000003","19.789999999999999","44.530000000000001","19.133333333333301","43.466666666666697","17.356666666666701","50.863333333333301"," 5.500000000000000000","89.0999999999999943","17.890000000000001","41.590000000000003","18.614285714285700","50.567142857142898","17.000000000000000","45.833333333333300"," 5.5833333333333304e+00","746.73333333333301"," 83.333333333333300"," 6.33333333333333037","40.0000000000000000"," 2.8666666666666698e+00"," 9.5630054944194853306"," 9.5630054944194853306"
"2016-01-12 23:20:00","  40"," 0","19.500000000000000","43.090000000000003","18.789999999999999","42.756250000000001","19.789999999999999","44.590000000000003","19.100000000000001","43.500000000000000","17.289999999999999","51.030000000000001"," 5.559999999999999609","87.3666666666667027","17.801111111111101","41.727777777777803","18.600000000000001","50.882857142857098","17.000000000000000","46.030000000000001"," 5.6666666666666696e+00","746.86666666666702"," 82.666666666666700"," 6.66666666666666963","40.0000000000000000"," 2.8333333333333299e+00","44.3225471652112901211","44.3225471652112901211"
"2016-01-12 23:30:00","  40"," 0","19.500000000000000","43.090000000000003","18.789999999999999","42.861666666666700","19.789999999999999","44.590000000000003","19.100000000000001","43.500000000000000","17.289999999999999","51.090000000000003"," 5.690000000000000391","85.4300000000000068","17.789999999999999","41.938888888888897","18.625000000000000","51.250000000000000","17.000000000000000","46.163333333333298"," 5.7500000000000000e+00","747.00000000000000"," 82.000000000000000"," 7.00000000000000000","40.0000000000000000"," 2.7999999999999998e+00","25.1669742865487933159","25.1669742865487933159"
"2016-01-12 23:40:00","  50"," 0","19.500000000000000","43.145000000000003","18.789999999999999","43.000000000000000","19.789999999999999","44.590000000000003","19.100000000000001","43.530000000000001","17.289999999999999","51.229999999999997"," 5.690000000000000391","84.6233333333333064","17.789999999999999","42.126666666666701","18.699999999999999","51.465000000000003","17.000000000000000","46.289999999999999"," 5.8333333333333304e+00","747.13333333333298"," 81.333333333333300"," 7.33333333333333037","40.0000000000000000"," 2.7666666666666702e+00","43.8528771512210369110","43.8528771512210369110"
"2016-01-12 23:50:00","  50"," 0","19.500000000000000","43.200000000000003","18.774999999999999","43.045000000000002","19.890000000000001","44.826666666666704","19.033333333333299","43.530000000000001","17.289999999999999","51.289999999999999"," 5.799999999999999822","83.8266666666666964","17.789999999999999","42.293999999999997","18.699999999999999","51.590000000000003","17.000000000000000","46.530000000000001"," 5.9166666666666696e+00","747.26666666666699"," 80.666666666666700"," 7.66666666666666963","40.0000000000000000"," 2.7333333333333298e+00"," 9.4596811220981180668"," 9.4596811220981180668"
"2016-01-13 00:00:00","  50"," 0","19.426666666666701","43.200000000000003","18.699999999999999","43.090000000000003","19.890000000000001","44.899999999999999","19.000000000000000","43.590000000000003","17.289999999999999","51.399999999999999"," 5.866666666666669805","82.5600000000000023","17.840000000000000","42.494999999999997","18.699999999999999","51.631250000000001","17.000000000000000","46.663333333333298"," 6.0000000000000000e+00","747.39999999999998"," 80.000000000000000"," 8.00000000000000000","40.0000000000000000"," 2.7000000000000002e+00","37.9051526193507015705","37.9051526193507015705"
"2016-01-13 00:10:00","  30"," 0","19.390000000000001","43.200000000000003","18.699999999999999","43.200000000000003","19.890000000000001","44.844999999999999","19.000000000000000","43.590000000000003","17.289999999999999","51.399999999999999"," 6.000000000000000000","80.9566666666667061","17.804285714285701","42.586428571428598","18.725714285714300","51.794285714285699","17.000000000000000","46.826666666666704"," 5.8833333333333302e+00","747.53333333333296"," 81.333333333333300"," 8.00000000000000000","37.8333333333333002"," 2.8333333333333299e+00","36.2249446334317326546","36.2249446334317326546"
"2016-01-13 00:20:00","  20"," 0","19.390000000000001","43.259999999999998","18.699999999999999","43.259999999999998","19.890000000000001","44.863333333333301","18.963333333333299","43.626666666666701","17.289999999999999","51.500000000000000"," 6.000000000000000000","80.6899999999999977","17.815000000000001","42.899999999999999","18.789999999999999","51.924999999999997","17.000000000000000","46.966666666666697"," 5.7666666666666702e+00","747.66666666666697"," 82.666666666666700"," 8.00000000000000000","35.6666666666666998"," 2.9666666666666699e+00","47.1862409147433936596","47.1862409147433936596"
"2016-01-13 00:30:00","  30"," 0","19.390000000000001","43.289999999999999","18.690909090909098","43.310000000000002","19.890000000000001","44.789999999999999","18.890000000000001","43.700000000000003","17.289999999999999","51.590000000000003"," 5.730000000000000426","84.0333333333333030","17.890000000000001","43.155999999999999","18.750000000000000","52.185555555555602","17.000000000000000","47.126666666666701"," 5.6500000000000004e+00","747.79999999999995"," 84.000000000000000"," 8.00000000000000000","33.5000000000000000"," 3.1000000000000001e+00","27.3823293508030474186","27.3823293508030474186"
"2016-01-13 00:40:00","  20"," 0","19.390000000000001","43.363333333333301","18.677777777777798","43.397777777777797","19.890000000000001","44.789999999999999","18.890000000000001","43.700000000000003","17.289999999999999","51.590000000000003"," 5.530000000000000249","86.5600000000000023","17.890000000000001","43.200000000000003","18.815000000000001","52.250000000000000","17.000000000000000","47.259999999999998"," 5.5333333333333297e+00","747.93333333333305"," 85.333333333333300"," 8.00000000000000000","31.3333333333333002"," 3.2333333333333298e+00","35.5871933861635625362","35.5871933861635625362"
"2016-01-13 00:50:00","  40"," 0","19.390000000000001","43.399999999999999","18.642857142857100","43.428571428571402","19.823333333333299","44.729999999999997","18.890000000000001","43.759999999999998","17.289999999999999","51.700000000000003"," 5.500000000000000000","87.4566666666667061","17.890000000000001","43.427142857142897","18.875714285714299","52.321428571428598","17.000000000000000","47.433333333333302"," 5.4166666666666696e+00","748.06666666666695"," 86.666666666666700"," 8.00000000000000000","29.1666666666666998"," 3.3666666666666698e+00","19.4452549912966787815","19.4452549912966787815"
"2016-01-13 01:00:00","  50"," 0","19.323333333333299","43.466666666666697","18.600000000000001","43.460000000000001","19.789999999999999","44.700000000000003","18.890000000000001","43.789999999999999","17.289999999999999","51.700000000000003"," 5.559999999999999609","86.3299999999999983","17.890000000000001","43.590000000000003","18.751428571428601","52.289999999999999","17.000000000000000","47.560000000000002"," 5.2999999999999998e+00","748.20000000000005"," 88.000000000000000"," 8.00000000000000000","27.0000000000000000"," 3.5000000000000000e+00"," 5.0436563091352581978"," 5.0436563091352581978"
"2016-01-13 01:10:00","  60"," 0","19.289999999999999","43.500000000000000","18.600000000000001","43.500000000000000","19.789999999999999","44.759999999999998","18.890000000000001","43.826666666666704","17.289999999999999","51.729999999999997"," 5.500000000000000000","86.3266666666666964","17.890000000000001","43.590000000000003","18.699999999999999","52.433333333333302","17.033333333333299","47.766666666666701"," 5.2999999999999998e+00","748.31666666666695"," 88.500000000000000"," 8.00000000000000000","26.0000000000000000"," 3.5666666666666700e+00","46.3651044294238090515","46.3651044294238090515"
"2016-01-13 01:20:00","  50"," 0","19.289999999999999","43.560000000000002","18.600000000000001","43.560000000000002","19.789999999999999","44.789999999999999","18.890000000000001","43.899999999999999","17.289999999999999","51.789999999999999"," 5.433333333333330017","87.4666666666666970","17.890000000000001","43.663333333333298","18.699999999999999","52.633333333333297","17.033333333333299","47.966666666666697"," 5.2999999999999998e+00","748.43333333333305"," 89.000000000000000"," 8.00000000000000000","25.0000000000000000"," 3.6333333333333302e+00","14.1616250155493617058","14.1616250155493617058"
"2016-01-13 01:30:00","  40"," 0","19.289999999999999","43.590000000000003","18.588888888888899","43.590000000000003","19.856666666666701","44.863333333333301","18.789999999999999","43.899999999999999","17.289999999999999","51.899999999999999"," 5.400000000000000355","89.3266666666666964","17.890000000000001","43.862222222222201","18.699999999999999","53.173333333333296","17.000000000000000","48.156666666666702"," 5.2999999999999998e+00","748.54999999999995"," 89.500000000000000"," 8.00000000000000000","24.0000000000000000"," 3.7000000000000002e+00","29.5286579406820237637","29.5286579406820237637"
"2016-01-13 01:40:00","  40"," 0","19.289999999999999","43.590000000000003","18.500000000000000","43.590000000000003","19.890000000000001","44.899999999999999","18.789999999999999","43.899999999999999","17.289999999999999","51.899999999999999"," 5.400000000000000355","89.9699999999999989","17.890000000000001","44.000000000000000","18.699999999999999","53.466666666666697","17.000000000000000","48.363333333333301"," 5.2999999999999998e+00","748.66666666666697"," 90.000000000000000"," 8.00000000000000000","23.0000000000000000"," 3.7666666666666702e+00"," 5.5180302471853792667"," 5.5180302471853792667"
"2016-01-13 01:50:00","  50"," 0","19.289999999999999","43.700000000000003","18.500000000000000","43.635833333333302","19.890000000000001","44.899999999999999","18.789999999999999","43.933333333333302","17.289999999999999","51.933333333333302"," 5.400000000000000355","89.8333333333333002","17.890000000000001","44.365000000000002","18.699999999999999","54.006250000000001","17.100000000000001","48.656666666666702"," 5.2999999999999998e+00","748.78333333333296"," 90.500000000000000"," 8.00000000000000000","22.0000000000000000"," 3.8333333333333299e+00","42.0253516058437526226","42.0253516058437526226"
"2016-01-13 02:00:00","  40"," 0","19.289999999999999","43.759999999999998","18.500000000000000","43.686250000000001","19.890000000000001","44.899999999999999","18.789999999999999","44.000000000000000","17.289999999999999","52.000000000000000"," 5.400000000000000355","89.2633333333333070","17.979375000000001","44.679375000000000","18.699999999999999","54.557142857142900","17.033333333333299","48.789999999999999"," 5.2999999999999998e+00","748.89999999999998"," 91.000000000000000"," 8.00000000000000000","21.0000000000000000"," 3.8999999999999999e+00","15.8981842221692204475","15.8981842221692204475"
"2016-01-13 02:10:00","  40"," 0","19.199999999999999","43.700000000000003","18.500000000000000","43.700000000000003","19.890000000000001","44.966666666666697","18.789999999999999","44.000000000000000","17.289999999999999","52.030000000000001"," 5.466666666666670338","89.1899999999999977","18.000000000000000","44.755000000000003","18.704999999999998","54.847777777777800","17.100000000000001","48.963333333333303"," 5.3333333333333304e+00","749.08333333333303"," 90.666666666666700"," 8.00000000000000000","21.5000000000000000"," 3.8833333333333302e+00","39.1425668494775891304","39.1425668494775891304"
"2016-01-13 02:20:00","  50"," 0","19.199999999999999","43.759999999999998","18.500000000000000","43.774999999999999","19.890000000000001","45.000000000000000","18.789999999999999","44.060000000000002","17.230000000000000","52.030000000000001"," 5.500000000000000000","88.3933333333333024","18.000000000000000","44.765000000000001","18.750000000000000","55.000000000000000","17.100000000000001","49.090000000000003"," 5.3666666666666698e+00","749.26666666666699"," 90.333333333333300"," 8.00000000000000000","22.0000000000000000"," 3.8666666666666698e+00","13.3754103677347302437","13.3754103677347302437"
"2016-01-13 02:30:00","  50"," 0","19.199999999999999","43.789999999999999","18.500000000000000","43.844999999999999","19.890000000000001","45.000000000000000","18.760000000000002","44.090000000000003","17.260000000000002","52.090000000000003"," 5.559999999999999609","87.3266666666666964","18.000000000000000","44.693888888888900","18.704999999999998","54.944444444444400","17.100000000000001","49.229999999999997"," 5.4000000000000004e+00","749.45000000000005"," 90.000000000000000"," 8.00000000000000000","22.5000000000000000"," 3.8500000000000001e+00","10.9322642441838979721","10.9322642441838979721"
"2016-01-13 02:40:00","  50"," 0","19.199999999999999","43.863333333333301","18.500000000000000","43.899999999999999","19.890000000000001","45.000000000000000","18.699999999999999","44.090000000000003","17.260000000000002","52.163333333333298"," 5.589999999999999858","86.0600000000000023","18.000000000000000","44.681666666666700","18.730000000000000","54.961111111111101","17.100000000000001","49.317500000000003"," 5.4333333333333300e+00","749.63333333333298"," 89.666666666666700"," 8.00000000000000000","23.0000000000000000"," 3.8333333333333299e+00","25.8398418198339641094","25.8398418198339641094"
"2016-01-13 02:50:00","  40"," 0","19.199999999999999","43.899999999999999","18.483076923076901","43.861923076923098","19.963333333333299","45.000000000000000","18.699999999999999","44.126666666666701","17.199999999999999","52.090000000000003"," 5.656666666666669840","86.0000000000000000","18.000000000000000","44.608333333333299","18.765000000000001","54.881666666666703","17.100000000000001","49.466666666666697"," 5.4666666666666703e+00","749.81666666666695"," 89.333333333333300"," 8.00000000000000000","23.5000000000000000"," 3.8166666666666700e+00","13.4475296013988554478","13.4475296013988554478"
"2016-01-13 03:00:00","  30"," 0","19.100000000000001","43.933333333333302","18.493888888888900","43.789999999999999","19.890000000000001","45.030000000000001","18.699999999999999","44.126666666666701","17.199999999999999","52.163333333333298"," 5.690000000000000391","85.3333333333333002","18.000000000000000","44.714444444444403","18.739999999999998","54.765000000000001","17.100000000000001","49.530000000000001"," 5.5000000000000000e+00","750.00000000000000"," 89.000000000000000"," 8.00000000000000000","24.0000000000000000"," 3.7999999999999998e+00"," 9.0584163670428097248"," 9.0584163670428097248"
"2016-01-13 03:10:00","  20"," 0","19.100000000000001","44.000000000000000","18.420555555555602","43.808333333333302","19.890000000000001","45.067500000000003","18.699999999999999","44.126666666666701","17.199999999999999","52.229999999999997"," 5.690000000000000391","85.0600000000000023","18.011111111111099","44.784999999999997","18.725000000000001","54.657222222222202","17.100000000000001","49.590000000000003"," 5.4833333333333298e+00","750.20000000000005"," 89.000000000000000"," 8.00000000000000000","24.0000000000000000"," 3.7833333333333301e+00","25.9288068744353950024","25.9288068744353950024"
"2016-01-13 03:20:00","  20"," 0","19.100000000000001","44.000000000000000","18.396111111111100","43.796111111111102","19.890000000000001","45.000000000000000","18.699999999999999","44.200000000000003","17.199999999999999","52.289999999999999"," 5.690000000000000391","84.7600000000000051","18.033333333333299","44.755000000000003","18.710000000000001","54.545000000000002","17.100000000000001","49.590000000000003"," 5.4666666666666703e+00","750.39999999999998"," 89.000000000000000"," 8.00000000000000000","24.0000000000000000"," 3.7666666666666702e+00","28.1391467899084091187","28.1391467899084091187"
"2016-01-13 03:30:00","  20"," 0","19.100000000000001","44.000000000000000","18.390000000000001","43.789999999999999","19.890000000000001","45.000000000000000","18.699999999999999","44.200000000000003","17.199999999999999","52.289999999999999"," 5.690000000000000391","84.6333333333332973","18.061111111111099","44.794444444444402","18.730000000000000","54.432777777777801","17.100000000000001","49.663333333333298"," 5.4500000000000002e+00","750.60000000000002"," 89.000000000000000"," 8.00000000000000000","24.0000000000000000"," 3.7500000000000000e+00"," 6.4578427234664559364"," 6.4578427234664559364"
"2016-01-13 03:40:00","  50"," 0","19.100000000000001","44.090000000000003","18.390000000000001","43.789999999999999","19.823333333333299","44.933333333333302","18.699999999999999","44.200000000000003","17.199999999999999","52.399999999999999"," 5.726666666666670125","83.1966666666667010","18.027777777777800","44.694444444444400","18.715000000000000","54.292222222222200","17.100000000000001","49.700000000000003"," 5.4333333333333300e+00","750.79999999999995"," 89.000000000000000"," 8.00000000000000000","24.0000000000000000"," 3.7333333333333298e+00","12.8183802007697522640","12.8183802007697522640"
"2016-01-13 03:50:00","  50"," 0","19.100000000000001","44.090000000000003","18.371818181818199","43.840000000000003","19.789999999999999","44.933333333333302","18.633333333333301","44.126666666666701","17.199999999999999","52.399999999999999"," 5.799999999999999822","82.2566666666667032","18.000000000000000","44.657222222222202","18.725000000000001","54.204999999999998","17.100000000000001","49.759999999999998"," 5.4166666666666696e+00","751.00000000000000"," 89.000000000000000"," 8.00000000000000000","24.0000000000000000"," 3.7166666666666699e+00","35.8967637992464005947","35.8967637992464005947"
"2016-01-13 04:00:00","  50"," 0","19.033333333333299","44.030000000000001","18.307647058823498","43.899999999999999","19.789999999999999","45.000000000000000","18.633333333333301","44.200000000000003","17.199999999999999","52.433333333333302"," 5.833333333333330373","80.9899999999999949","18.000000000000000","44.669444444444402","18.699999999999999","54.149230769230797","17.100000000000001","49.789999999999999"," 5.4000000000000004e+00","751.20000000000005"," 89.000000000000000"," 8.00000000000000000","24.0000000000000000"," 3.7000000000000002e+00","48.0704968213103711605","48.0704968213103711605"
"2016-01-13 04:10:00","  40"," 0","19.033333333333299","44.090000000000003","18.342941176470600","43.899999999999999","19.823333333333299","45.030000000000001","18.600000000000001","44.145000000000003","17.199999999999999","52.500000000000000"," 5.833333333333330373","80.1966666666667010","18.050000000000001","44.663333333333298","18.724545454545499","54.090000000000003","17.100000000000001","49.789999999999999"," 5.3666666666666698e+00","751.31666666666695"," 89.166666666666700"," 8.00000000000000000","23.6666666666666998"," 3.6833333333333300e+00"," 5.0070423283614218235"," 5.0070423283614218235"
"2016-01-13 04:20:00","  40"," 0","19.000000000000000","44.090000000000003","18.340000000000000","43.916666666666700","19.823333333333299","45.030000000000001","18.600000000000001","44.126666666666701","17.199999999999999","52.500000000000000"," 5.799999999999999822","80.1400000000000006","18.000000000000000","44.687777777777796","18.739999999999998","54.090000000000003","17.199999999999999","49.899999999999999"," 5.3333333333333304e+00","751.43333333333305"," 89.333333333333300"," 8.00000000000000000","23.3333333333333002"," 3.6666666666666701e+00","38.1611344753764569759","38.1611344753764569759"
"2016-01-13 04:30:00","  50"," 0","19.000000000000000","44.090000000000003","18.289999999999999","43.905555555555601","19.890000000000001","45.060000000000002","18.600000000000001","44.200000000000003","17.199999999999999","52.500000000000000"," 5.763333333333330089","79.7300000000000040","18.000000000000000","44.781111111111102","18.725000000000001","54.015000000000001","17.199999999999999","49.899999999999999"," 5.2999999999999998e+00","751.54999999999995"," 89.500000000000000"," 8.00000000000000000","23.0000000000000000"," 3.6499999999999999e+00","47.3983177333138883114","47.3983177333138883114"
"2016-01-13 04:40:00","  40"," 0","19.000000000000000","44.090000000000003","18.289999999999999","43.899999999999999","19.890000000000001","45.060000000000002","18.533333333333299","44.200000000000003","17.199999999999999","52.590000000000003"," 5.623333333333330408","79.8633333333333013","18.027777777777800","44.915555555555599","18.699999999999999","53.927777777777798","17.199999999999999","49.966666666666697"," 5.2666666666666702e+00","751.66666666666697"," 89.666666666666700"," 8.00000000000000000","22.6666666666666998"," 3.6333333333333302e+00","40.9317344194278120995","40.9317344194278120995"
"2016-01-13 04:50:00","  50"," 0","19.000000000000000","44.163333333333298","18.289999999999999","43.938888888888897","19.890000000000001","45.060000000000002","18.600000000000001","44.200000000000003","17.199999999999999","52.590000000000003"," 5.623333333333330408","80.0266666666666993","18.027777777777800","44.950000000000003","18.699999999999999","53.857222222222198","17.199999999999999","49.966666666666697"," 5.2333333333333298e+00","751.78333333333296"," 89.833333333333300"," 8.00000000000000000","22.3333333333333002"," 3.6166666666666698e+00","15.4146165354177355766","15.4146165354177355766"
"2016-01-13 05:00:00","  50"," 0","18.963333333333299","44.200000000000003","18.273125000000000","43.981250000000003","19.890000000000001","45.060000000000002","18.566666666666698","44.200000000000003","17.199999999999999","52.590000000000003"," 5.690000000000000391","79.6333333333332973","18.012499999999999","44.891874999999999","18.699999999999999","53.784374999999997","17.199999999999999","50.000000000000000"," 5.2000000000000002e+00","751.89999999999998"," 90.000000000000000"," 8.00000000000000000","22.0000000000000000"," 3.6000000000000001e+00","32.4789730249904096127","32.4789730249904096127"
"2016-01-13 05:10:00","  50"," 0","18.890000000000001","44.200000000000003","18.289999999999999","44.000000000000000","19.890000000000001","45.090000000000003","18.500000000000000","44.200000000000003","17.199999999999999","52.663333333333298"," 5.559999999999999609","78.8299999999999983","18.000000000000000","44.834000000000003","18.699999999999999","53.725714285714297","17.199999999999999","50.060000000000002"," 5.1666666666666696e+00","752.04999999999995"," 90.000000000000000"," 7.83333333333333037","22.1666666666666998"," 3.5666666666666700e+00","47.6677725557237863541","47.6677725557237863541"
"2016-01-13 05:20:00","  40"," 0","18.890000000000001","44.200000000000003","18.245000000000001","44.000000000000000","19.890000000000001","45.090000000000003","18.500000000000000","44.200000000000003","17.100000000000001","52.700000000000003"," 5.433333333333330017","78.4300000000000068","18.000000000000000","44.899999999999999","18.699999999999999","53.663333333333298","17.199999999999999","50.126666666666701"," 5.1333333333333302e+00","752.20000000000005"," 90.000000000000000"," 7.66666666666666963","22.3333333333333002"," 3.5333333333333301e+00","47.6866325014270842075","47.6866325014270842075"
"2016-01-13 05:30:00","  40"," 0","18.890000000000001","44.200000000000003","18.199999999999999","44.000000000000000","19.963333333333299","45.090000000000003","18.500000000000000","44.200000000000003","17.166666666666700","52.700000000000003"," 5.226666666666670125","78.8233333333332951","18.000000000000000","44.945454545454503","18.699999999999999","53.590000000000003","17.199999999999999","50.200000000000003"," 5.0999999999999996e+00","752.35000000000002"," 90.000000000000000"," 7.50000000000000000","22.5000000000000000"," 3.5000000000000000e+00","16.9989601708948612213","16.9989601708948612213"
"2016-01-13 05:40:00","  50"," 0","18.890000000000001","44.229999999999997","18.199999999999999","44.000000000000000","19.890000000000001","45.090000000000003","18.500000000000000","44.200000000000003","17.199999999999999","52.789999999999999"," 5.366666666666669805","78.9633333333332956","18.000000000000000","45.067142857142898","18.699999999999999","53.500000000000000","17.199999999999999","50.200000000000003"," 5.0666666666666700e+00","752.50000000000000"," 90.000000000000000"," 7.33333333333333037","22.6666666666666998"," 3.4666666666666699e+00","13.1237055058591067791","13.1237055058591067791"
"2016-01-13 05:50:00","  20"," 0","18.890000000000001","44.289999999999999","18.199999999999999","44.000000000000000","19.926666666666701","45.090000000000003","18.500000000000000","44.200000000000003","17.199999999999999","52.789999999999999"," 5.500000000000000000","78.6333333333332973","18.000000000000000","45.240909090909099","18.699999999999999","53.420000000000002","17.199999999999999","50.200000000000003"," 5.0333333333333297e+00","752.64999999999998"," 90.000000000000000"," 7.16666666666666963","22.8333333333333002"," 3.4333333333333300e+00"," 8.2726966589689254761"," 8.2726966589689254761"
"2016-01-13 06:00:00","  20"," 0","18.890000000000001","44.289999999999999","18.199999999999999","44.000000000000000","19.926666666666701","45.030000000000001","18.463333333333299","44.163333333333298","17.166666666666700","52.789999999999999"," 5.559999999999999609","78.3666666666667027","18.005555555555599","45.301666666666698","18.699999999999999","53.387058823529401","17.199999999999999","50.259999999999998"," 5.0000000000000000e+00","752.79999999999995"," 90.000000000000000"," 7.00000000000000000","23.0000000000000000"," 3.3999999999999999e+00","16.1084028310142457485","16.1084028310142457485"
"2016-01-13 06:10:00","  50"," 0","18.864999999999998","44.365000000000002","18.199999999999999","44.000000000000000","19.890000000000001","45.060000000000002","18.463333333333299","44.163333333333298","17.133333333333301","52.789999999999999"," 5.589999999999999858","78.5999999999999943","18.033333333333299","45.396666666666697","18.699999999999999","53.298461538461503","17.199999999999999","50.326666666666704"," 5.0166666666666702e+00","752.98333333333301"," 89.833333333333300"," 6.83333333333333037","25.8333333333333002"," 3.3999999999999999e+00","25.5062603275291621685","25.5062603275291621685"
"2016-01-13 06:20:00","  30","10","18.789999999999999","44.723333333333301","18.199999999999999","44.066666666666698","19.815000000000001","44.820000000000000","18.390000000000001","44.126666666666701","17.100000000000001","52.789999999999999"," 5.589999999999999858","78.9333333333332945","18.057142857142900","45.549999999999997","18.699999999999999","53.289999999999999","17.199999999999999","50.326666666666704"," 5.0333333333333297e+00","753.16666666666697"," 89.666666666666700"," 6.66666666666666963","28.6666666666666998"," 3.3999999999999999e+00","46.1984235676936805248","46.1984235676936805248"
"2016-01-13 06:30:00","  50","10","18.890000000000001","45.030000000000001","18.199999999999999","44.293750000000003","19.730000000000000","44.626666666666701","18.390000000000001","44.126666666666701","17.166666666666700","53.323333333333302"," 5.589999999999999858","79.1599999999999966","18.071428571428601","45.525714285714301","18.681818181818201","53.253636363636403","17.199999999999999","50.289999999999999"," 5.0499999999999998e+00","753.35000000000002"," 89.500000000000000"," 6.50000000000000000","31.5000000000000000"," 3.3999999999999999e+00","25.5479849176481366158","25.5479849176481366158"
"2016-01-13 06:40:00","  50","10","18.890000000000001","45.090000000000003","18.172727272727300","44.416363636363599","19.699999999999999","44.590000000000003","18.390000000000001","44.090000000000003","18.850000000000001","84.900000000000006"," 5.530000000000000249","79.2999999999999972","18.000000000000000","45.172499999999999","18.627272727272700","53.164545454545497","17.199999999999999","50.289999999999999"," 5.0666666666666700e+00","753.53333333333296"," 89.333333333333300"," 6.33333333333333037","34.3333333333333002"," 3.3999999999999999e+00","12.8810630412772297859","12.8810630412772297859"
"2016-01-13 06:50:00"," 200"," 0","18.890000000000001","45.000000000000000","18.181818181818201","44.540909090909103","19.699999999999999","44.530000000000001","18.390000000000001","44.163333333333298","18.760000000000002","84.790000000000006"," 5.530000000000000249","79.4666666666666970","18.050000000000001","46.080714285714301","18.642857142857100","53.264285714285698","17.199999999999999","50.326666666666704"," 5.0833333333333304e+00","753.71666666666704"," 89.166666666666700"," 6.16666666666666963","37.1666666666666998"," 3.3999999999999999e+00"," 2.3230443475767970085"," 2.3230443475767970085"
"2016-01-13 07:00:00"," 110","10","18.890000000000001","45.000000000000000","18.149999999999999","44.590000000000003","19.600000000000001","44.223333333333301","18.390000000000001","44.163333333333298","18.966666666666701","83.523333333333298"," 5.589999999999999858","79.3333333333333002","18.100000000000001","46.263333333333300","18.600000000000001","53.140000000000001","17.199999999999999","50.399999999999999"," 5.0999999999999996e+00","753.89999999999998"," 89.000000000000000"," 6.00000000000000000","40.0000000000000000"," 3.3999999999999999e+00","20.8928129170089960098","20.8928129170089960098"
"2016-01-13 07:10:00","  80","10","18.789999999999999","44.633333333333297","18.100000000000001","44.196666666666701","19.533333333333299","43.829999999999998","18.390000000000001","44.090000000000003","19.760000000000002","73.523333333333298"," 5.589999999999999858","79.3499999999999943","18.100000000000001","45.656666666666702","18.600000000000001","52.826666666666704","17.199999999999999","50.223333333333301"," 5.0833333333333304e+00","753.96666666666704"," 89.166666666666700"," 5.83333333333333037","36.6666666666666998"," 3.3999999999999999e+00","42.7000751136802136898","42.7000751136802136898"
"2016-01-13 07:20:00","  50"," 0","18.789999999999999","44.500000000000000","18.100000000000001","43.966666666666697","19.500000000000000","43.899999999999999","18.390000000000001","44.090000000000003","19.300000000000001","66.790000000000006"," 5.589999999999999858","79.4000000000000057","18.000000000000000","44.833333333333300","18.600000000000001","52.299999999999997","17.199999999999999","49.963333333333303"," 5.0666666666666700e+00","754.03333333333296"," 89.333333333333300"," 5.66666666666666963","33.3333333333333002"," 3.3999999999999999e+00","17.3615338862873613834","17.3615338862873613834"
"2016-01-13 07:30:00","  50"," 0","18.789999999999999","44.590000000000003","18.050000000000001","43.844999999999999","19.500000000000000","43.966666666666697","18.390000000000001","43.966666666666697","18.890000000000001","63.090000000000003"," 5.589999999999999858","79.5933333333333053","17.945000000000000","44.295000000000002","18.550000000000001","51.895000000000003","17.199999999999999","49.600000000000001"," 5.0499999999999998e+00","754.10000000000002"," 89.500000000000000"," 5.50000000000000000","30.0000000000000000"," 3.3999999999999999e+00"," 6.5721160266548395157"," 6.5721160266548395157"
"2016-01-13 07:40:00","  50"," 0","18.789999999999999","44.530000000000001","18.100000000000001","43.817500000000003","19.500000000000000","44.000000000000000","18.323333333333299","43.899999999999999","18.614999999999998","59.863333333333301"," 5.589999999999999858","79.8966666666667038","17.890000000000001","43.158333333333303","18.500000000000000","51.497500000000002","17.199999999999999","49.193333333333300"," 5.0333333333333297e+00","754.16666666666697"," 89.666666666666700"," 5.33333333333333037","26.6666666666666998"," 3.3999999999999999e+00","18.7243432272225618362","18.7243432272225618362"
"2016-01-13 07:50:00","  40"," 0","18.789999999999999","44.363333333333301","18.100000000000001","43.789999999999999","19.500000000000000","44.000000000000000","18.289999999999999","43.789999999999999","18.500000000000000","58.829999999999998"," 5.589999999999999858","80.0900000000000034","17.890000000000001","42.838124999999998","18.500000000000000","51.066666666666698","17.100000000000001","48.796666666666702"," 5.0166666666666702e+00","754.23333333333301"," 89.833333333333300"," 5.16666666666666963","23.3333333333333002"," 3.3999999999999999e+00","31.5710114198736846447","31.5710114198736846447"
"2016-01-13 08:00:00","  40"," 0","18.789999999999999","44.229999999999997","18.000000000000000","43.645000000000003","19.500000000000000","43.899999999999999","18.289999999999999","43.789999999999999","18.356666666666701","57.799999999999997"," 5.589999999999999858","79.8966666666667038","17.890000000000001","42.514000000000003","18.500000000000000","50.899999999999999","17.100000000000001","48.463333333333303"," 5.0000000000000000e+00","754.29999999999995"," 90.000000000000000"," 5.00000000000000000","20.0000000000000000"," 3.3999999999999999e+00","19.5039466838352382183","19.5039466838352382183"
"2016-01-13 08:10:00","  30"," 0","18.789999999999999","44.060000000000002","18.000000000000000","43.700000000000003","19.500000000000000","43.899999999999999","18.289999999999999","43.700000000000003","18.289999999999999","57.244999999999997"," 5.589999999999999858","79.4966666666666981","17.789999999999999","41.966666666666697","18.390000000000001","50.560000000000002","17.100000000000001","48.100000000000001"," 5.0000000000000000e+00","754.45000000000005"," 89.666666666666700"," 4.83333333333333037","21.5000000000000000"," 3.3666666666666698e+00","34.4813924399204552174","34.4813924399204552174"
"2016-01-13 08:20:00"," 180","20","18.789999999999999","43.933333333333302","18.000000000000000","43.450000000000003","19.500000000000000","43.966666666666697","18.289999999999999","43.700000000000003","18.222500000000000","56.472499999999997"," 5.559999999999999609","79.4000000000000057","17.789999999999999","41.766666666666701","18.390000000000001","50.292499999999997","17.100000000000001","47.799999999999997"," 5.0000000000000000e+00","754.60000000000002"," 89.333333333333300"," 4.66666666666666963","23.0000000000000000"," 3.3333333333333299e+00","34.4706706237047910690","34.4706706237047910690"
"2016-01-13 08:30:00"," 350","30","18.789999999999999","43.899999999999999","18.000000000000000","43.363333333333301","19.426666666666701","43.766666666666701","18.230000000000000","43.656666666666702","18.199999999999999","55.799999999999997"," 5.500000000000000000","79.4000000000000057","17.760000000000002","41.430000000000000","18.390000000000001","50.030000000000001","17.100000000000001","47.399999999999999"," 5.0000000000000000e+00","754.75000000000000"," 89.000000000000000"," 4.50000000000000000","24.5000000000000000"," 3.2999999999999998e+00","27.7450311579741537571","27.7450311579741537571"
"2016-01-13 08:40:00"," 350","20","18.789999999999999","43.899999999999999","18.000000000000000","43.363333333333301","19.390000000000001","43.590000000000003","18.496666666666702","43.863333333333301","18.199999999999999","55.733333333333299"," 5.466666666666670338","79.0600000000000023","17.699999999999999","41.229999999999997","18.289999999999999","49.759999999999998","17.100000000000001","47.066666666666698"," 5.0000000000000000e+00","754.89999999999998"," 88.666666666666700"," 4.33333333333333037","26.0000000000000000"," 3.2666666666666702e+00","21.4812203892506659031","21.4812203892506659031"
"2016-01-13 08:50:00"," 300","30","18.789999999999999","44.000000000000000","18.000000000000000","43.399999999999999","19.390000000000001","43.590000000000003","18.823333333333299","44.000000000000000","18.260000000000002","56.659999999999997"," 5.400000000000000355","79.1266666666666936","17.699999999999999","41.026666666666699","18.289999999999999","49.626666666666701","17.000000000000000","46.723333333333301"," 5.0000000000000000e+00","755.04999999999995"," 88.333333333333300"," 4.16666666666666963","27.5000000000000000"," 3.2333333333333298e+00","22.6360031403601169586","22.6360031403601169586"
"2016-01-13 09:00:00"," 400","20","18.856666666666701","44.060000000000002","18.066666666666698","43.466666666666697","19.390000000000001","43.590000000000003","19.030000000000001","44.000000000000000","18.289999999999999","56.666666666666700"," 5.500000000000000000","79.1566666666666947","17.699999999999999","40.826666666666704","18.289999999999999","49.363333333333301","17.000000000000000","46.420000000000002"," 5.0000000000000000e+00","755.20000000000005"," 88.000000000000000"," 4.00000000000000000","29.0000000000000000"," 3.2000000000000002e+00","15.3221629443578422070","15.3221629443578422070"
"2016-01-13 09:10:00"," 390","30","18.890000000000001","44.229999999999997","18.133333333333301","43.590000000000003","19.463333333333299","43.663333333333298","19.460000000000001","44.060000000000002","18.289999999999999","56.466666666666697"," 5.500000000000000000","79.0900000000000034","17.699999999999999","40.645000000000003","18.289999999999999","49.229999999999997","17.000000000000000","46.156666666666702"," 5.0000000000000000e+00","755.31666666666695"," 88.000000000000000"," 4.16666666666666963","30.8333333333333002"," 3.1833333333333300e+00","28.9176972000859677792","28.9176972000859677792"
"2016-01-13 09:20:00"," 290","30","18.997499999999999","44.397500000000001","18.260000000000002","43.663333333333298","19.500000000000000","43.700000000000003","19.726666666666699","43.933333333333302","18.199999999999999","55.789999999999999"," 5.589999999999999858","78.9933333333332968","17.730000000000000","41.666666666666700","18.260000000000002","49.133333333333297","17.000000000000000","45.863333333333301"," 5.0000000000000000e+00","755.43333333333305"," 88.000000000000000"," 4.33333333333333037","32.6666666666666998"," 3.1666666666666701e+00","45.5185152124613523483","45.5185152124613523483"
"2016-01-13 09:30:00","  60","30","19.100000000000001","44.500000000000000","18.323333333333299","43.500000000000000","19.500000000000000","43.700000000000003","20.066666666666698","43.663333333333298","18.133333333333301","55.729999999999997"," 5.589999999999999858","78.6599999999999966","17.856666666666701","42.266666666666701","18.199999999999999","48.933333333333302","17.000000000000000","45.729999999999997"," 5.0000000000000000e+00","755.54999999999995"," 88.000000000000000"," 4.50000000000000000","34.5000000000000000"," 3.1499999999999999e+00"," 7.1302041062153875828"," 7.1302041062153875828"
"2016-01-13 09:40:00","  70","20","19.133333333333301","44.500000000000000","18.463333333333299","43.500000000000000","19.426666666666701","43.626666666666701","20.199999999999999","43.256666666666703","18.100000000000001","55.490000000000002"," 5.589999999999999858","79.4666666666666970","17.789999999999999","42.466666666666697","18.260000000000002","49.163333333333298","17.000000000000000","45.466666666666697"," 5.0000000000000000e+00","755.66666666666697"," 88.000000000000000"," 4.66666666666666963","36.3333333333333002"," 3.1333333333333302e+00","20.7523812656290829182","20.7523812656290829182"
"2016-01-13 09:50:00"," 110","30","19.199999999999999","44.359999999999999","18.533333333333299","43.430000000000000","19.463333333333299","43.663333333333298","20.166666666666700","43.026666666666699","18.033333333333299","55.156666666666702"," 5.589999999999999858","79.9933333333332968","17.730000000000000","42.266666666666701","18.260000000000002","49.223333333333301","17.000000000000000","45.526666666666699"," 5.0000000000000000e+00","755.78333333333296"," 88.000000000000000"," 4.83333333333333037","38.1666666666666998"," 3.1166666666666698e+00","10.5462875333614647388","10.5462875333614647388"
"2016-01-13 10:00:00","  90","20","19.199999999999999","44.060000000000002","18.600000000000001","43.229999999999997","19.390000000000001","43.590000000000003","20.100000000000001","42.766666666666701","18.000000000000000","54.689999999999998"," 5.450000000000000178","80.3900000000000006","17.699999999999999","41.930000000000000","18.260000000000002","49.526666666666699","17.100000000000001","46.299999999999997"," 5.0000000000000000e+00","755.89999999999998"," 88.000000000000000"," 5.00000000000000000","40.0000000000000000"," 3.1000000000000001e+00","21.4375185430981218815","21.4375185430981218815"
"2016-01-13 10:10:00","  60","20","19.199999999999999","44.060000000000002","18.600000000000001","43.156666666666702","19.390000000000001","43.626666666666701","20.100000000000001","42.700000000000003","17.963333333333299","54.530000000000001"," 5.530000000000000249","80.9333333333332945","17.699999999999999","41.656666666666702","18.199999999999999","49.266666666666701","17.100000000000001","47.100000000000001"," 5.0833333333333304e+00","756.03333333333296"," 86.833333333333300"," 5.00000000000000000","38.1666666666666998"," 2.9833333333333298e+00"," 6.6344987601041793823"," 6.6344987601041793823"
"2016-01-13 10:20:00","  70","20","19.199999999999999","44.090000000000003","18.666666666666700","43.430000000000000","19.463333333333299","43.759999999999998","20.100000000000001","42.700000000000003","17.890000000000001","54.530000000000001"," 5.656666666666669840","80.7266666666667021","17.666666666666700","41.296666666666702","18.149999999999999","48.994999999999997","17.100000000000001","47.060000000000002"," 5.1666666666666696e+00","756.16666666666697"," 85.666666666666700"," 5.00000000000000000","36.3333333333333002"," 2.8666666666666698e+00","23.0048222932964563370","23.0048222932964563370"
"2016-01-13 10:30:00","  80","20","19.199999999999999","44.163333333333298","18.699999999999999","43.930000000000000","19.500000000000000","43.826666666666704","20.050000000000001","42.600000000000001","17.890000000000001","54.333333333333300"," 5.726666666666670125","79.8933333333333024","17.600000000000001","41.030000000000001","18.100000000000001","48.663333333333298","17.100000000000001","46.859999999999999"," 5.2500000000000000e+00","756.29999999999995"," 84.500000000000000"," 5.00000000000000000","34.5000000000000000"," 2.7500000000000000e+00","47.1478529623709619045","47.1478529623709619045"
"2016-01-13 10:40:00","  60"," 0","19.230000000000000","44.390000000000001","18.760000000000002","43.863333333333301","19.500000000000000","43.899999999999999","20.000000000000000","42.326666666666704","17.890000000000001","54.200000000000003"," 5.866666666666669805","77.0999999999999943","17.600000000000001","40.723333333333301","18.100000000000001","48.463333333333303","17.000000000000000","46.526666666666699"," 5.3333333333333304e+00","756.43333333333305"," 83.333333333333300"," 5.00000000000000000","32.6666666666666998"," 2.6333333333333302e+00","38.0986930802464485168","38.0986930802464485168"
"2016-01-13 10:50:00","  40","10","19.289999999999999","44.796666666666702","18.789999999999999","44.000000000000000","19.500000000000000","44.000000000000000","19.926666666666701","42.399999999999999","17.856666666666701","54.026666666666699"," 5.900000000000000355","74.8666666666667027","17.600000000000001","40.463333333333303","18.100000000000001","48.163333333333298","17.000000000000000","46.193333333333300"," 5.4166666666666696e+00","756.56666666666695"," 82.166666666666700"," 5.00000000000000000","30.8333333333333002"," 2.5166666666666702e+00","46.6454914421774446964","46.6454914421774446964"
"2016-01-13 11:00:00","  30","10","19.289999999999999","45.163333333333298","18.789999999999999","44.000000000000000","19.500000000000000","44.000000000000000","19.856666666666701","42.026666666666699","17.789999999999999","53.899999999999999"," 5.900000000000000355","75.7266666666667021","17.566666666666698","40.259999999999998","18.033333333333299","47.890000000000001","17.000000000000000","45.863333333333301"," 5.5000000000000000e+00","756.70000000000005"," 81.000000000000000"," 5.00000000000000000","29.0000000000000000"," 2.3999999999999999e+00","23.5339248785749077797","23.5339248785749077797"
"2016-01-13 11:10:00","  70","10","19.230000000000000","45.030000000000001","18.699999999999999","43.145000000000003","19.390000000000001","43.500000000000000","19.789999999999999","41.826666666666704","17.760000000000002","53.759999999999998"," 5.933333333333330017","76.0000000000000000","17.500000000000000","40.126666666666701","18.000000000000000","47.700000000000003","17.000000000000000","45.656666666666702"," 5.5833333333333304e+00","756.78333333333296"," 80.166666666666700"," 5.16666666666666963","30.8333333333333002"," 2.3500000000000001e+00","30.1794033846817910671","30.1794033846817910671"
"2016-01-13 11:20:00","  50","10","19.289999999999999","45.733333333333299","18.699999999999999","43.060000000000002","19.390000000000001","43.359999999999999","19.699999999999999","41.766666666666701","17.699999999999999","53.566666666666698"," 6.059999999999999609","76.1266666666666936","17.500000000000000","40.000000000000000","18.000000000000000","47.566666666666698","16.963333333333299","45.466666666666697"," 5.6666666666666696e+00","756.86666666666702"," 79.333333333333300"," 5.33333333333333037","32.6666666666666998"," 2.2999999999999998e+00","24.2494840291328728199","24.2494840291328728199"
"2016-01-13 11:30:00","  80","10","19.289999999999999","45.126666666666701","18.699999999999999","43.000000000000000","19.323333333333299","43.399999999999999","19.633333333333301","42.100000000000001","17.730000000000000","53.363333333333301"," 6.226666666666670125","75.2933333333332939","17.500000000000000","39.933333333333302","18.000000000000000","47.466666666666697","16.890000000000001","45.266666666666701"," 5.7500000000000000e+00","756.95000000000005"," 78.500000000000000"," 5.50000000000000000","34.5000000000000000"," 2.2500000000000000e+00"," 5.4403158253990113735"," 5.4403158253990113735"
"2016-01-13 11:40:00","  80","10","19.199999999999999","44.833333333333300","18.699999999999999","43.060000000000002","19.390000000000001","43.526666666666699","19.600000000000001","42.859999999999999","17.730000000000000","53.156666666666702"," 6.299999999999999822","73.5600000000000023","17.500000000000000","39.759999999999998","18.000000000000000","47.326666666666704","16.890000000000001","44.930000000000000"," 5.8333333333333304e+00","757.03333333333296"," 77.666666666666700"," 5.66666666666666963","36.3333333333333002"," 2.2000000000000002e+00","12.3863416491076350212","12.3863416491076350212"
"2016-01-13 11:50:00","  50"," 0","19.199999999999999","44.700000000000003","18.633333333333301","42.933333333333302","19.390000000000001","43.656666666666702","19.600000000000001","43.600000000000001","17.699999999999999","52.966666666666697"," 6.530000000000000249","71.7999999999999972","17.500000000000000","39.626666666666701","17.963333333333299","47.163333333333298","16.890000000000001","44.656666666666702"," 5.9166666666666696e+00","757.11666666666702"," 76.833333333333300"," 5.83333333333333037","38.1666666666666998"," 2.1499999999999999e+00","24.9257265357300639153","24.9257265357300639153"
"2016-01-13 12:00:00","  40"," 0","19.199999999999999","44.899999999999999","18.600000000000001","42.833333333333300","19.390000000000001","43.930000000000000","19.566666666666698","43.526666666666699","17.699999999999999","52.826666666666704"," 6.656666666666669840","69.9333333333332945","17.500000000000000","39.466666666666697","17.963333333333299","47.030000000000001","16.890000000000001","44.223333333333301"," 6.0000000000000000e+00","757.20000000000005"," 76.000000000000000"," 6.00000000000000000","40.0000000000000000"," 2.1000000000000001e+00","18.6433354043401777744","18.6433354043401777744"
"2016-01-13 12:10:00","  50"," 0","19.199999999999999","44.693333333333300","18.600000000000001","42.166666666666700","19.463333333333299","43.960000000000001","19.426666666666701","43.266666666666701","17.633333333333301","52.626666666666701"," 6.726666666666670125","67.3599999999999994","17.426666666666701","39.266666666666701","17.890000000000001","46.863333333333301","16.890000000000001","43.897500000000001"," 5.9166666666666696e+00","757.28333333333296"," 76.333333333333300"," 5.83333333333333037","38.1666666666666998"," 2.0666666666666700e+00","46.7345685116015374660","46.7345685116015374660"
"2016-01-13 12:20:00","  40"," 0","19.199999999999999","43.600000000000001","18.500000000000000","41.789999999999999","19.390000000000001","43.626666666666701","19.390000000000001","42.863333333333301","17.633333333333301","52.566666666666698"," 6.866666666666669805","65.9666666666666970","17.445000000000000","39.100000000000001","17.890000000000001","46.729999999999997","16.890000000000001","43.566666666666698"," 5.8333333333333304e+00","757.36666666666702"," 76.666666666666700"," 5.66666666666666963","36.3333333333333002"," 2.0333333333333301e+00","26.1993038933724164963","26.1993038933724164963"
"2016-01-13 12:30:00","  40"," 0","19.199999999999999","43.119999999999997","18.500000000000000","41.729999999999997","19.390000000000001","43.590000000000003","19.390000000000001","42.656666666666702","17.600000000000001","52.223333333333301"," 6.799999999999999822","64.6333333333332973","17.500000000000000","38.863333333333301","17.890000000000001","46.466666666666697","16.890000000000001","43.333333333333300"," 5.7500000000000000e+00","757.45000000000005"," 77.000000000000000"," 5.50000000000000000","34.5000000000000000"," 2.0000000000000000e+00","15.8572335843928158283","15.8572335843928158283"
"2016-01-13 12:40:00","  50"," 0","19.133333333333301","42.766666666666701","18.500000000000000","41.663333333333298","19.364999999999998","43.522500000000001","19.289999999999999","42.363333333333301","17.600000000000001","52.030000000000001"," 6.866666666666669805","64.9000000000000057","17.500000000000000","38.789999999999999","17.890000000000001","46.326666666666704","16.890000000000001","43.066666666666698"," 5.6666666666666696e+00","757.53333333333296"," 77.333333333333300"," 5.33333333333333037","32.6666666666666998"," 1.9666666666666699e+00","13.8983014738187193871","13.8983014738187193871"
"2016-01-13 12:50:00","  30"," 0","19.166666666666700","42.466666666666697","18.500000000000000","41.530000000000001","19.356666666666701","43.433333333333302","19.289999999999999","42.229999999999997","17.600000000000001","51.833333333333300"," 7.044999999999999929","63.3400000000000034","17.500000000000000","38.663333333333298","17.890000000000001","46.163333333333298","16.890000000000001","42.863333333333301"," 5.5833333333333304e+00","757.61666666666702"," 77.666666666666700"," 5.16666666666666963","30.8333333333333002"," 1.9333333333333300e+00","39.3770253867842257023","39.3770253867842257023"
"2016-01-13 13:00:00","  30"," 0","19.100000000000001","42.266666666666701","18.500000000000000","41.363333333333301","19.289999999999999","43.259999999999998","19.199999999999999","41.863333333333301","17.600000000000001","51.626666666666701"," 6.933333333333330017","62.0266666666666993","17.426666666666701","38.463333333333303","17.890000000000001","46.030000000000001","16.890000000000001","42.729999999999997"," 5.5000000000000000e+00","757.70000000000005"," 78.000000000000000"," 5.00000000000000000","29.0000000000000000"," 1.8999999999999999e+00","35.1231256267055869102","35.1231256267055869102"
"2016-01-13 13:10:00","  20"," 0","19.100000000000001","42.090000000000003","18.500000000000000","41.289999999999999","19.289999999999999","43.126666666666701","19.199999999999999","41.789999999999999","17.500000000000000","51.450000000000003"," 6.933333333333330017","61.8933333333333024","17.390000000000001","38.259999999999998","17.856666666666701","45.863333333333301","16.890000000000001","42.466666666666697"," 5.7333333333333298e+00","757.68333333333305"," 76.833333333333300"," 5.00000000000000000","28.6666666666666998"," 1.8999999999999999e+00"," 8.2513819332234561443"," 8.2513819332234561443"
"2016-01-13 13:20:00","  20"," 0","19.100000000000001","41.963333333333303","18.463333333333299","41.163333333333298","19.289999999999999","43.000000000000000","19.166666666666700","41.700000000000003","17.500000000000000","51.223333333333301"," 7.000000000000000000","62.1933333333332996","17.390000000000001","38.200000000000003","17.789999999999999","45.729999999999997","16.890000000000001","42.326666666666704"," 5.9666666666666703e+00","757.66666666666697"," 75.666666666666700"," 5.00000000000000000","28.3333333333333002"," 1.8999999999999999e+00"," 3.2228769385255873203"," 3.2228769385255873203"
"2016-01-13 13:30:00","  50"," 0","19.066666666666698","41.759999999999998","18.390000000000001","41.030000000000001","19.289999999999999","42.933333333333302","19.100000000000001","41.700000000000003","17.500000000000000","51.030000000000001"," 7.126666666666669592","62.4666666666666970","17.426666666666701","38.126666666666701","17.789999999999999","45.545000000000002","16.890000000000001","42.289999999999999"," 6.2000000000000002e+00","757.64999999999998"," 74.500000000000000"," 5.00000000000000000","28.0000000000000000"," 1.8999999999999999e+00","37.7352810814045369625","37.7352810814045369625"
"2016-01-13 13:40:00","  40"," 0","19.000000000000000","41.626666666666701","18.390000000000001","40.899999999999999","19.289999999999999","42.899999999999999","19.100000000000001","41.789999999999999","17.500000000000000","50.863333333333301"," 7.190000000000000391","61.9666666666666970","17.426666666666701","38.066666666666698","17.789999999999999","45.466666666666697","16.890000000000001","42.289999999999999"," 6.4333333333333300e+00","757.63333333333298"," 73.333333333333300"," 5.00000000000000000","27.6666666666666998"," 1.8999999999999999e+00","31.0205016518011689186","31.0205016518011689186"
"2016-01-13 13:50:00","  50"," 0","19.000000000000000","41.560000000000002","18.390000000000001","40.826666666666704","19.230000000000000","42.826666666666704","19.100000000000001","41.789999999999999","17.500000000000000","50.729999999999997"," 6.996666666666669698","59.8933333333333024","17.500000000000000","37.966666666666697","17.856666666666701","45.399999999999999","16.890000000000001","42.289999999999999"," 6.6666666666666696e+00","757.61666666666702"," 72.166666666666700"," 5.00000000000000000","27.3333333333333002"," 1.8999999999999999e+00"," 8.4788383333943784237"," 8.4788383333943784237"
"2016-01-13 14:00:00","  40"," 0","19.000000000000000","41.433333333333302","18.390000000000001","40.700000000000003","19.260000000000002","42.863333333333301","19.100000000000001","41.789999999999999","17.500000000000000","50.590000000000003"," 6.466666666666670338","59.7633333333332999","17.426666666666701","37.766666666666701","17.789999999999999","45.223333333333301","16.890000000000001","42.156666666666702"," 6.9000000000000004e+00","757.60000000000002"," 71.000000000000000"," 5.00000000000000000","27.0000000000000000"," 1.8999999999999999e+00"," 3.1107026152312755585"," 3.1107026152312755585"
"2016-01-13 14:10:00","  60"," 0","19.000000000000000","41.289999999999999","18.390000000000001","40.626666666666701","19.199999999999999","42.789999999999999","19.000000000000000","41.700000000000003","17.500000000000000","50.463333333333303"," 6.333333333333330373","61.0966666666666995","17.426666666666701","37.700000000000003","17.789999999999999","45.090000000000003","16.890000000000001","41.899999999999999"," 6.7999999999999998e+00","757.54999999999995"," 70.666666666666700"," 5.16666666666666963","29.1666666666666998"," 1.7500000000000000e+00"," 5.4514634306542575359"," 5.4514634306542575359"
"2016-01-13 14:20:00","  40"," 0","19.000000000000000","41.289999999999999","18.390000000000001","40.494999999999997","19.260000000000002","42.759999999999998","19.000000000000000","41.700000000000003","17.390000000000001","50.223333333333301"," 6.599999999999999645","61.7633333333332999","17.500000000000000","37.626666666666701","17.823333333333299","45.090000000000003","16.823333333333299","41.826666666666704"," 6.7000000000000002e+00","757.50000000000000"," 70.333333333333300"," 5.33333333333333037","31.3333333333333002"," 1.6000000000000001e+00","19.0858175861649215221","19.0858175861649215221"
"2016-01-13 14:30:00","  40"," 0","19.000000000000000","41.200000000000003","18.390000000000001","40.399999999999999","19.260000000000002","42.700000000000003","19.000000000000000","41.590000000000003","17.390000000000001","50.090000000000003"," 6.933333333333330017","61.0300000000000011","17.633333333333301","37.590000000000003","17.890000000000001","44.890000000000001","16.890000000000001","41.899999999999999"," 6.5999999999999996e+00","757.45000000000005"," 70.000000000000000"," 5.50000000000000000","33.5000000000000000"," 1.4500000000000000e+00"," 8.4655457292683422565"," 8.4655457292683422565"
"2016-01-13 14:40:00","  50"," 0","19.000000000000000","41.126666666666701","18.390000000000001","40.326666666666704","19.289999999999999","42.663333333333298","19.000000000000000","41.590000000000003","17.390000000000001","50.000000000000000"," 7.293333333333330337","58.7333333333332988","17.760000000000002","37.463333333333303","18.000000000000000","44.633333333333297","16.890000000000001","41.899999999999999"," 6.5000000000000000e+00","757.39999999999998"," 69.666666666666700"," 5.66666666666666963","35.6666666666666998"," 1.3000000000000000e+00","14.9326271028257906437","14.9326271028257906437"
"2016-01-13 14:50:00","  40"," 0","19.033333333333299","41.126666666666701","18.426666666666701","40.200000000000003","19.289999999999999","42.590000000000003","19.033333333333299","41.500000000000000","17.390000000000001","49.859999999999999"," 7.700000000000000178","56.3999999999999986","17.926666666666701","37.259999999999998","18.000000000000000","44.359999999999999","16.890000000000001","41.759999999999998"," 6.4000000000000004e+00","757.35000000000002"," 69.333333333333300"," 5.83333333333333037","37.8333333333333002"," 1.1499999999999999e+00"," 9.6104767522774636745"," 9.6104767522774636745"
"2016-01-13 15:00:00","  40"," 0","19.100000000000001","41.126666666666701","18.500000000000000","40.126666666666701","19.289999999999999","42.560000000000002","19.100000000000001","41.359999999999999","17.390000000000001","49.759999999999998"," 7.900000000000000355","52.6933333333332996","18.066666666666698","37.066666666666698","18.133333333333301","44.133333333333297","16.890000000000001","41.700000000000003"," 6.2999999999999998e+00","757.29999999999995"," 69.000000000000000"," 6.00000000000000000","40.0000000000000000"," 1.0000000000000000e+00","12.8585010650567710400","12.8585010650567710400"
"2016-01-13 15:10:00","  30"," 0","19.133333333333301","41.000000000000000","18.500000000000000","40.060000000000002","19.289999999999999","42.500000000000000","19.100000000000001","41.133333333333297","17.390000000000001","49.626666666666701"," 7.833333333333330373","53.3599999999999994","18.289999999999999","36.723333333333301","18.260000000000002","43.933333333333302","16.890000000000001","41.526666666666699"," 6.3166666666666700e+00","757.31666666666695"," 68.000000000000000"," 5.66666666666666963","40.0000000000000000"," 8.1666666666666698e-01"," 9.0615911409258842468"," 9.0615911409258842468"
"2016-01-13 15:20:00","  30"," 0","19.199999999999999","40.933333333333302","18.500000000000000","40.000000000000000","19.289999999999999","42.500000000000000","19.100000000000001","41.000000000000000","17.390000000000001","49.466666666666697"," 7.866666666666669805","53.0566666666667004","18.356666666666701","36.463333333333303","18.390000000000001","43.633333333333297","16.890000000000001","41.317500000000003"," 6.3333333333333304e+00","757.33333333333303"," 67.000000000000000"," 5.33333333333333037","40.0000000000000000"," 6.3333333333333297e-01","23.8656854839064180851","23.8656854839064180851"
"2016-01-13 15:30:00","  30"," 0","19.199999999999999","40.759999999999998","18.633333333333301","39.899999999999999","19.356666666666701","42.433333333333302","19.133333333333301","40.863333333333301","17.390000000000001","49.399999999999999"," 7.726666666666670125","51.8633333333333013","18.445000000000000","36.145000000000003","18.463333333333299","43.433333333333302","16.890000000000001","41.229999999999997"," 6.3499999999999996e+00","757.35000000000002"," 66.000000000000000"," 5.00000000000000000","40.0000000000000000"," 4.5000000000000001e-01","38.5368521441705524921","38.5368521441705524921"
"2016-01-13 15:40:00","  40"," 0","19.267499999999998","40.744999999999997","18.699999999999999","39.826666666666704","19.289999999999999","42.289999999999999","19.199999999999999","40.656666666666702","17.390000000000001","49.259999999999998"," 7.690000000000000391","52.2449999999999974","18.633333333333301","35.863333333333301","18.533333333333299","43.133333333333297","17.000000000000000","41.133333333333297"," 6.3666666666666698e+00","757.36666666666702"," 65.000000000000000"," 4.66666666666666963","40.0000000000000000"," 2.6666666666666700e-01"," 1.3893561204895377159"," 1.3893561204895377159"
"2016-01-13 15:50:00","  80"," 0","19.289999999999999","40.566666666666698","18.730000000000000","39.560000000000002","19.289999999999999","42.133333333333297","19.289999999999999","40.500000000000000","17.390000000000001","49.126666666666701"," 7.626666666666669592","51.8233333333333022","18.699999999999999","35.729999999999997","18.666666666666700","43.000000000000000","17.000000000000000","41.000000000000000"," 6.3833333333333302e+00","757.38333333333298"," 64.000000000000000"," 4.33333333333333037","40.0000000000000000"," 8.3333333333333301e-02","26.3655388494953513145","26.3655388494953513145"
"2016-01-13 16:00:00","  70"," 0","19.390000000000001","40.530000000000001","18.789999999999999","39.500000000000000","19.289999999999999","42.000000000000000","19.289999999999999","40.500000000000000","17.390000000000001","49.090000000000003"," 7.433333333333330017","52.0966666666666995","18.823333333333299","35.933333333333302","18.763333333333300","43.326666666666704","17.000000000000000","41.126666666666701"," 6.4000000000000004e+00","757.39999999999998"," 63.000000000000000"," 4.00000000000000000","40.0000000000000000","-1.0000000000000001e-01","44.0159534453414380550","44.0159534453414380550"
"2016-01-13 16:10:00","  80"," 0","19.390000000000001","40.590000000000003","18.789999999999999","39.626666666666701","19.289999999999999","42.000000000000000","19.289999999999999","40.363333333333301","17.390000000000001","49.090000000000003"," 7.156666666666669840","52.1333333333332973","18.963333333333299","36.000000000000000","18.890000000000001","43.466666666666697","17.066666666666698","41.200000000000003"," 6.1666666666666696e+00","757.38333333333298"," 64.333333333333300"," 3.83333333333332993","40.0000000000000000","-6.6666666666666693e-02","18.6531685991212725639","18.6531685991212725639"
"2016-01-13 16:20:00","  70"," 0","19.390000000000001","40.626666666666701","18.789999999999999","39.700000000000003","19.289999999999999","41.933333333333302","19.289999999999999","40.289999999999999","17.390000000000001","49.000000000000000"," 7.030000000000000249","52.5266666666666993","18.890000000000001","36.126666666666701","19.000000000000000","43.729999999999997","17.066666666666698","41.060000000000002"," 5.9333333333333300e+00","757.36666666666702"," 65.666666666666700"," 3.66666666666667007","40.0000000000000000","-3.3333333333333298e-02"," 2.3979565827175974846"," 2.3979565827175974846"
"2016-01-13 16:30:00","  80"," 0","19.390000000000001","40.700000000000003","18.789999999999999","39.700000000000003","19.289999999999999","42.000000000000000","19.199999999999999","40.200000000000003","17.390000000000001","49.000000000000000"," 6.700000000000000178","52.6300000000000026","18.890000000000001","36.733333333333299","19.066666666666698","43.930000000000000","17.000000000000000","40.933333333333302"," 5.7000000000000002e+00","757.35000000000002"," 67.000000000000000"," 3.50000000000000000","40.0000000000000000"," 0.0000000000000000e+00"," 6.9314123364165425301"," 6.9314123364165425301"
"2016-01-13 16:40:00","  80"," 0","19.323333333333299","40.729999999999997","18.789999999999999","39.759999999999998","19.289999999999999","42.000000000000000","19.133333333333301","40.126666666666701","17.390000000000001","49.000000000000000"," 6.366666666666669805","53.7566666666667032","18.890000000000001","37.463333333333303","19.050000000000001","44.045000000000002","17.000000000000000","40.759999999999998"," 5.4666666666666703e+00","757.33333333333303"," 68.333333333333300"," 3.33333333333332993","40.0000000000000000"," 3.3333333333333298e-02","16.0746060195378959179","16.0746060195378959179"
"2016-01-13 16:50:00"," 100"," 0","19.390000000000001","40.863333333333301","18.699999999999999","39.789999999999999","19.289999999999999","42.000000000000000","19.100000000000001","40.090000000000003","17.289999999999999","48.899999999999999"," 5.933333333333330017","54.8233333333333022","18.890000000000001","37.530000000000001","19.100000000000001","44.229999999999997","17.000000000000000","40.700000000000003"," 5.2333333333333298e+00","757.31666666666695"," 69.666666666666700"," 3.16666666666667007","40.0000000000000000"," 6.6666666666666693e-02"," 7.7415805659256875515"," 7.7415805659256875515"
"2016-01-13 17:00:00","  90"," 0","19.356666666666701","40.789999999999999","18.699999999999999","39.729999999999997","19.289999999999999","42.000000000000000","19.066666666666698","40.026666666666699","17.289999999999999","48.899999999999999"," 5.660000000000000142","55.6966666666667010","18.789999999999999","37.193333333333300","19.100000000000001","44.289999999999999","17.000000000000000","40.560000000000002"," 5.0000000000000000e+00","757.29999999999995"," 71.000000000000000"," 3.00000000000000000","40.0000000000000000"," 1.0000000000000001e-01"," 6.6114086075685918331"," 6.6114086075685918331"
"2016-01-13 17:10:00"," 100","10","19.289999999999999","40.729999999999997","18.699999999999999","39.759999999999998","19.289999999999999","42.030000000000001","19.000000000000000","39.899999999999999","17.289999999999999","48.899999999999999"," 5.330000000000000071","57.1333333333332973","18.730000000000000","36.859999999999999","19.133333333333301","44.326666666666704","17.000000000000000","40.433333333333302"," 4.7833333333333297e+00","757.29999999999995"," 72.000000000000000"," 3.00000000000000000","40.0000000000000000"," 8.3333333333333301e-02","11.0652963863685727119","11.0652963863685727119"
"2016-01-13 17:20:00","  90"," 0","19.289999999999999","40.663333333333298","18.699999999999999","39.700000000000003","19.289999999999999","42.090000000000003","19.000000000000000","39.933333333333302","17.289999999999999","48.899999999999999"," 5.063333333333329911","57.7999999999999972","18.666666666666700","36.430000000000000","19.199999999999999","44.399999999999999","17.000000000000000","40.259999999999998"," 4.5666666666666700e+00","757.29999999999995"," 73.000000000000000"," 3.00000000000000000","40.0000000000000000"," 6.6666666666666693e-02","11.3190398085862398148","11.3190398085862398148"
"2016-01-13 17:30:00"," 110"," 0","19.289999999999999","40.663333333333298","18.699999999999999","39.700000000000003","19.289999999999999","42.060000000000002","19.000000000000000","40.000000000000000","17.289999999999999","48.789999999999999"," 4.626666666666669592","59.4233333333332965","18.600000000000001","36.229999999999997","19.289999999999999","44.530000000000001","17.000000000000000","40.126666666666701"," 4.3499999999999996e+00","757.29999999999995"," 74.000000000000000"," 3.00000000000000000","40.0000000000000000"," 5.0000000000000003e-02"," 6.5708266920410096645"," 6.5708266920410096645"
"2016-01-13 17:40:00","  90","10","19.289999999999999","40.789999999999999","18.699999999999999","39.700000000000003","19.289999999999999","42.000000000000000","18.890000000000001","40.000000000000000","17.289999999999999","48.789999999999999"," 4.366666666666669805","60.6966666666667010","18.500000000000000","36.026666666666699","19.356666666666701","44.663333333333298","16.890000000000001","40.030000000000001"," 4.1333333333333302e+00","757.29999999999995"," 75.000000000000000"," 3.00000000000000000","40.0000000000000000"," 3.3333333333333298e-02","49.0781730157323181629","49.0781730157323181629"
"2016-01-13 17:50:00"," 100"," 0","19.289999999999999","40.729999999999997","18.699999999999999","39.759999999999998","19.289999999999999","42.030000000000001","18.890000000000001","40.000000000000000","17.289999999999999","48.789999999999999"," 3.966666666666669894","63.0266666666666993","18.426666666666701","35.826666666666704","19.426666666666701","44.729999999999997","16.890000000000001","40.090000000000003"," 3.9166666666666701e+00","757.29999999999995"," 76.000000000000000"," 3.00000000000000000","40.0000000000000000"," 1.6666666666666701e-02","16.3506863405928015709","16.3506863405928015709"
"2016-01-13 18:00:00"," 100","10","19.289999999999999","40.789999999999999","18.699999999999999","39.826666666666704","19.289999999999999","42.090000000000003","18.890000000000001","40.126666666666701","17.289999999999999","48.729999999999997"," 3.826666666666670213","65.7666666666666941","18.390000000000001","35.759999999999998","19.566666666666698","44.729999999999997","16.890000000000001","40.060000000000002"," 3.7000000000000002e+00","757.29999999999995"," 77.000000000000000"," 3.00000000000000000","40.0000000000000000"," 0.0000000000000000e+00","25.3469748538918793201","25.3469748538918793201"
"2016-01-13 18:10:00"," 110"," 0","19.289999999999999","40.729999999999997","18.699999999999999","39.899999999999999","19.230000000000000","41.933333333333302","18.823333333333299","40.066666666666698","17.289999999999999","48.700000000000003"," 3.723333333333330053","67.2266666666667021","18.323333333333299","35.759999999999998","19.633333333333301","44.700000000000003","16.890000000000001","40.000000000000000"," 3.5333333333333301e+00","757.29999999999995"," 79.000000000000000"," 3.00000000000000000","38.1666666666666998"," 1.6666666666666699e-01","34.0721257380209863186","34.0721257380209863186"
"2016-01-13 18:20:00"," 100","10","19.260000000000002","40.700000000000003","18.699999999999999","39.899999999999999","19.230000000000000","42.000000000000000","18.789999999999999","40.090000000000003","17.289999999999999","48.700000000000003"," 3.419999999999999929","68.1474999999999937","18.289999999999999","35.789999999999999","19.699999999999999","44.700000000000003","16.856666666666701","39.966666666666697"," 3.3666666666666698e+00","757.29999999999995"," 81.000000000000000"," 3.00000000000000000","36.3333333333333002"," 3.3333333333333298e-01"," 4.9584551597945392132"," 4.9584551597945392132"
"2016-01-13 18:30:00","  90","10","19.260000000000002","40.759999999999998","18.699999999999999","39.966666666666697","19.199999999999999","41.966666666666697","18.789999999999999","40.090000000000003","17.289999999999999","48.700000000000003"," 3.156666666666669840","69.2300000000000040","18.230000000000000","35.789999999999999","19.760000000000002","44.789999999999999","16.864999999999998","39.997500000000002"," 3.2000000000000002e+00","757.29999999999995"," 83.000000000000000"," 3.00000000000000000","34.5000000000000000"," 5.0000000000000000e-01"," 5.9451279114000499249"," 5.9451279114000499249"
"2016-01-13 18:40:00","  90","10","19.289999999999999","40.899999999999999","18.699999999999999","40.000000000000000","19.199999999999999","41.966666666666697","18.789999999999999","40.090000000000003","17.230000000000000","48.626666666666701"," 2.863333333333330177","70.8233333333332951","18.199999999999999","35.789999999999999","19.760000000000002","44.863333333333301","16.890000000000001","40.090000000000003"," 3.0333333333333301e+00","757.29999999999995"," 85.000000000000000"," 3.00000000000000000","32.6666666666666998"," 6.6666666666666696e-01"," 2.5219829753041267395"," 2.5219829753041267395"
"2016-01-13 18:50:00"," 180","10","19.289999999999999","40.826666666666704","18.699999999999999","40.000000000000000","19.199999999999999","41.844999999999999","18.730000000000000","40.090000000000003","17.230000000000000","48.626666666666701"," 2.656666666666669840","71.4233333333333036","18.199999999999999","36.066666666666698","19.789999999999999","44.933333333333302","16.789999999999999","39.966666666666697"," 2.8666666666666698e+00","757.29999999999995"," 87.000000000000000"," 3.00000000000000000","30.8333333333333002"," 8.3333333333333304e-01","46.4626959874294698238","46.4626959874294698238"
"2016-01-13 19:00:00"," 140"," 0","19.289999999999999","41.149999999999999","18.789999999999999","40.090000000000003","19.199999999999999","41.700000000000003","18.699999999999999","40.090000000000003","17.230000000000000","48.700000000000003"," 2.466666666666669894","72.9666666666666970","18.199999999999999","36.333333333333300","19.789999999999999","45.000000000000000","16.789999999999999","39.966666666666697"," 2.7000000000000002e+00","757.29999999999995"," 89.000000000000000"," 3.00000000000000000","29.0000000000000000"," 1.0000000000000000e+00","33.6856116424314677715","33.6856116424314677715"
"2016-01-13 19:10:00"," 100","10","19.323333333333299","42.156666666666702","18.789999999999999","40.090000000000003","19.199999999999999","41.759999999999998","18.699999999999999","40.163333333333298","17.260000000000002","48.789999999999999"," 2.399999999999999911","74.6333333333332973","18.199999999999999","36.289999999999999","19.789999999999999","45.090000000000003","16.789999999999999","40.000000000000000"," 2.7833333333333301e+00","757.23333333333301"," 88.833333333333300"," 3.33333333333332993","29.0000000000000000"," 1.0666666666666700e+00"," 4.7428927733562886715"," 4.7428927733562886715"
"2016-01-13 19:20:00"," 110","20","19.390000000000001","42.096666666666700","18.823333333333299","40.156666666666702","19.289999999999999","41.789999999999999","18.699999999999999","40.289999999999999","17.260000000000002","48.863333333333301"," 2.223333333333330053","75.7300000000000040","18.199999999999999","36.490000000000002","19.789999999999999","45.090000000000003","16.789999999999999","40.000000000000000"," 2.8666666666666698e+00","757.16666666666697"," 88.666666666666700"," 3.66666666666667007","29.0000000000000000"," 1.1333333333333300e+00","24.6298060403205454350","24.6298060403205454350"
"2016-01-13 19:30:00"," 340","20","19.390000000000001","41.729999999999997","18.823333333333299","40.229999999999997","19.289999999999999","41.863333333333301","18.699999999999999","40.289999999999999","17.199999999999999","49.289999999999999"," 2.029999999999999805","76.1966666666667010","18.199999999999999","37.000000000000000","19.789999999999999","45.060000000000002","16.789999999999999","40.000000000000000"," 2.9500000000000002e+00","757.10000000000002"," 88.500000000000000"," 4.00000000000000000","29.0000000000000000"," 1.2000000000000000e+00","23.0775920324958860874","23.0775920324958860874"
"2016-01-13 19:40:00"," 380","20","19.390000000000001","41.656666666666702","18.890000000000001","40.399999999999999","19.289999999999999","42.030000000000001","18.666666666666700","40.363333333333301","18.166666666666700","74.700000000000003"," 1.863333333333329955","77.2900000000000063","18.260000000000002","37.466666666666697","19.789999999999999","44.933333333333302","16.789999999999999","40.000000000000000"," 3.0333333333333301e+00","757.03333333333296"," 88.333333333333300"," 4.33333333333333037","29.0000000000000000"," 1.2666666666666699e+00","18.7608265434391796589","18.7608265434391796589"
"2016-01-13 19:50:00"," 210","30","19.390000000000001","41.590000000000003","18.890000000000001","40.399999999999999","19.289999999999999","42.163333333333298","18.600000000000001","40.372500000000002","17.893333333333299","75.033333333333303"," 1.790000000000000036","79.0966666666667066","18.323333333333299","37.933333333333302","19.789999999999999","44.933333333333302","16.789999999999999","40.030000000000001"," 3.1166666666666698e+00","756.96666666666704"," 88.166666666666700"," 4.66666666666666963","29.0000000000000000"," 1.3333333333333299e+00","49.5549609768204391003","49.5549609768204391003"
"2016-01-13 20:00:00"," 150","20","19.463333333333299","41.590000000000003","19.000000000000000","40.399999999999999","19.199999999999999","42.200000000000003","18.600000000000001","40.466666666666697","17.699999999999999","75.023333333333298"," 1.699999999999999956","80.3633333333333013","18.463333333333299","38.133333333333297","19.789999999999999","45.117500000000000","16.730000000000000","40.163333333333298"," 3.2000000000000002e+00","756.89999999999998"," 88.000000000000000"," 5.00000000000000000","29.0000000000000000"," 1.3999999999999999e+00"," 8.8175356853753328323"," 8.8175356853753328323"
"2016-01-13 20:10:00"," 330","20","19.500000000000000","41.600000000000001","19.000000000000000","40.399999999999999","19.199999999999999","42.259999999999998","18.699999999999999","40.799999999999997","17.633333333333301","74.356666666666698"," 1.699999999999999956","81.2966666666666953","18.500000000000000","38.229999999999997","19.789999999999999","45.363333333333301","16.789999999999999","40.200000000000003"," 3.1666666666666701e+00","756.89999999999998"," 88.166666666666700"," 5.00000000000000000","30.8333333333333002"," 1.3999999999999999e+00","40.6717604259029030800","40.6717604259029030800"
"2016-01-13 20:20:00"," 420","20","19.500000000000000","41.326666666666704","19.000000000000000","40.500000000000000","19.199999999999999","42.289999999999999","18.760000000000002","41.266666666666701","18.300000000000001","78.599999999999994"," 1.633333333333329973","82.7333333333333059","18.500000000000000","38.156666666666702","19.789999999999999","45.133333333333297","16.730000000000000","40.200000000000003"," 3.1333333333333302e+00","756.89999999999998"," 88.333333333333300"," 5.00000000000000000","32.6666666666666998"," 1.3999999999999999e+00"," 3.4223318565636873245"," 3.4223318565636873245"
"2016-01-13 20:30:00"," 330","20","19.533333333333299","41.289999999999999","19.000000000000000","40.500000000000000","19.199999999999999","42.229999999999997","19.133333333333301","41.656666666666702","19.233333333333299","87.060000000000002"," 1.633333333333329973","83.5933333333333053","18.390000000000001","38.026666666666699","19.789999999999999","45.133333333333297","16.699999999999999","40.229999999999997"," 3.1000000000000001e+00","756.89999999999998"," 88.500000000000000"," 5.00000000000000000","34.5000000000000000"," 1.3999999999999999e+00","20.0224873377010226250","20.0224873377010226250"
"2016-01-13 20:40:00"," 130","20","19.600000000000001","41.430000000000000","19.100000000000001","40.700000000000003","19.199999999999999","42.463333333333303","19.399999999999999","41.930000000000000","18.633333333333301","88.433333333333294"," 1.600000000000000089","83.9899999999999949","18.463333333333299","38.500000000000000","19.699999999999999","45.000000000000000","16.699999999999999","40.229999999999997"," 3.0666666666666700e+00","756.89999999999998"," 88.666666666666700"," 5.00000000000000000","36.3333333333333002"," 1.3999999999999999e+00"," 7.0572162861935794353"," 7.0572162861935794353"
"2016-01-13 20:50:00"," 130","20","19.600000000000001","41.500000000000000","19.100000000000001","40.826666666666704","19.199999999999999","42.663333333333298","19.730000000000000","41.863333333333301","18.359999999999999","88.293333333333294"," 1.600000000000000089","84.4633333333332956","18.463333333333299","37.990000000000002","19.699999999999999","45.060000000000002","16.699999999999999","40.200000000000003"," 3.0333333333333301e+00","756.89999999999998"," 88.833333333333300"," 5.00000000000000000","38.1666666666666998"," 1.3999999999999999e+00"," 9.6654931199736893177"," 9.6654931199736893177"
"2016-01-13 21:00:00"," 110","20","19.600000000000001","41.560000000000002","19.166666666666700","40.899999999999999","19.199999999999999","42.729999999999997","19.789999999999999","41.729999999999997","18.166666666666700","87.430000000000007"," 1.445000000000000062","84.2950000000000017","18.323333333333299","37.863333333333301","19.789999999999999","45.229999999999997","16.699999999999999","40.200000000000003"," 3.0000000000000000e+00","756.89999999999998"," 89.000000000000000"," 5.00000000000000000","40.0000000000000000"," 1.3999999999999999e+00","42.0675858389586210251","42.0675858389586210251"
"2016-01-13 21:10:00"," 250","10","19.600000000000001","41.590000000000003","19.133333333333301","40.899999999999999","19.199999999999999","42.863333333333301","19.699999999999999","41.296666666666702","18.100000000000001","85.896666666666704"," 1.500000000000000000","85.4000000000000057","18.390000000000001","38.000000000000000","19.789999999999999","45.363333333333301","16.699999999999999","40.163333333333298"," 2.9500000000000002e+00","756.81666666666695"," 88.833333333333300"," 5.00000000000000000","38.1666666666666998"," 1.3166666666666700e+00","35.9956994187086820602","35.9956994187086820602"
"2016-01-13 21:20:00"," 520"," 0","19.600000000000001","41.530000000000001","19.133333333333301","40.899999999999999","19.133333333333301","42.859999999999999","19.633333333333301","41.030000000000001","18.066666666666698","84.123333333333306"," 1.426666666666670080","85.2600000000000051","18.390000000000001","38.000000000000000","19.789999999999999","45.426666666666698","16.699999999999999","40.090000000000003"," 2.8999999999999999e+00","756.73333333333301"," 88.666666666666700"," 5.00000000000000000","36.3333333333333002"," 1.2333333333333301e+00","13.3606041548773646355","13.3606041548773646355"
"2016-01-13 21:30:00"," 360"," 0","19.600000000000001","41.500000000000000","19.100000000000001","40.966666666666697","19.260000000000002","43.466666666666697","19.566666666666698","40.693333333333300","18.666666666666700","89.523333333333298"," 1.290000000000000036","85.6233333333333064","18.356666666666701","38.000000000000000","19.789999999999999","45.759999999999998","16.666666666666700","40.060000000000002"," 2.8500000000000001e+00","756.64999999999998"," 88.500000000000000"," 5.00000000000000000","34.5000000000000000"," 1.1499999999999999e+00","24.7500822413712739944","24.7500822413712739944"
"2016-01-13 21:40:00"," 330"," 0","19.600000000000001","41.693333333333300","19.100000000000001","40.826666666666704","19.596666666666700","45.166666666666700","19.500000000000000","40.359999999999999","19.166666666666700","91.293333333333294"," 1.229999999999999982","85.7633333333333070","18.289999999999999","38.000000000000000","19.730000000000000","45.963333333333303","16.649999999999999","40.122500000000002"," 2.7999999999999998e+00","756.56666666666695"," 88.333333333333300"," 5.00000000000000000","32.6666666666666998"," 1.0666666666666700e+00"," 4.1556948912329971790"," 4.1556948912329971790"
"2016-01-13 21:50:00"," 310"," 0","19.600000000000001","42.000000000000000","19.100000000000001","40.789999999999999","19.930000000000000","46.033333333333303","19.390000000000001","40.060000000000002","19.166666666666700","90.766666666666694"," 1.166666666666670071","85.9000000000000057","18.289999999999999","38.045000000000002","19.730000000000000","46.163333333333298","16.600000000000001","40.090000000000003"," 2.7500000000000000e+00","756.48333333333301"," 88.166666666666700"," 5.00000000000000000","30.8333333333333002"," 9.8333333333333295e-01","17.6942120306193828583","17.6942120306193828583"
"2016-01-13 22:00:00"," 270"," 0","19.600000000000001","42.000000000000000","19.100000000000001","40.729999999999997","20.350000000000001","46.545000000000002","19.390000000000001","39.933333333333302","19.323333333333299","87.496666666666698"," 1.100000000000000089","86.2999999999999972","18.289999999999999","37.863333333333301","19.760000000000002","46.200000000000003","16.600000000000001","40.060000000000002"," 2.7000000000000002e+00","756.39999999999998"," 88.000000000000000"," 5.00000000000000000","29.0000000000000000"," 9.0000000000000002e-01","48.4604402678087353706","48.4604402678087353706"
"2016-01-13 22:10:00"," 230"," 0","19.600000000000001","42.145000000000003","19.066666666666698","40.633333333333297","20.633333333333301","46.363333333333301","19.289999999999999","39.759999999999998","19.463333333333299","84.096666666666707"," 1.133333333333329973","87.3666666666667027","18.230000000000000","37.729999999999997","19.699999999999999","46.200000000000003","16.600000000000001","40.000000000000000"," 2.7833333333333301e+00","756.31666666666695"," 87.666666666666700"," 5.16666666666666963","30.8333333333333002"," 9.1666666666666696e-01","31.2357094837352633476","31.2357094837352633476"
"2016-01-13 22:20:00"," 170","10","19.600000000000001","42.200000000000003","19.000000000000000","40.560000000000002","20.760000000000002","46.156666666666702","19.289999999999999","39.700000000000003","19.326666666666700","80.623333333333306"," 1.260000000000000009","88.0999999999999943","18.199999999999999","37.759999999999998","19.699999999999999","46.200000000000003","16.600000000000001","40.000000000000000"," 2.8666666666666698e+00","756.23333333333301"," 87.333333333333300"," 5.33333333333333037","32.6666666666666998"," 9.3333333333333302e-01","33.2309124874882400036","33.2309124874882400036"
"2016-01-13 22:30:00","  60"," 0","19.600000000000001","42.066666666666698","19.000000000000000","40.656666666666702","21.066666666666698","45.789999999999999","19.199999999999999","39.633333333333297","19.133333333333301","79.096666666666707"," 1.426666666666670080","88.8966666666667038","18.199999999999999","37.759999999999998","19.699999999999999","46.200000000000003","16.600000000000001","40.000000000000000"," 2.9500000000000002e+00","756.14999999999998"," 87.000000000000000"," 5.50000000000000000","34.5000000000000000"," 9.4999999999999996e-01","15.6244828249327838421","15.6244828249327838421"
"2016-01-13 22:40:00","  30"," 0","19.500000000000000","42.000000000000000","19.000000000000000","40.930000000000000","21.199999999999999","45.596666666666700","19.133333333333301","40.100000000000001","18.945000000000000","76.150000000000006"," 1.566666666666669983","89.0300000000000011","18.199999999999999","38.066666666666698","19.666666666666700","46.326666666666704","16.600000000000001","40.633333333333297"," 3.0333333333333301e+00","756.06666666666695"," 86.666666666666700"," 5.66666666666666963","36.3333333333333002"," 9.6666666666666701e-01","20.2844806364737451077","20.2844806364737451077"
"2016-01-13 22:50:00","  30"," 0","19.500000000000000","42.133333333333297","18.963333333333299","41.066666666666698","21.066666666666698","44.990000000000002","19.100000000000001","40.530000000000001","18.789999999999999","73.633333333333297"," 1.729999999999999982","89.1899999999999977","18.199999999999999","38.259999999999998","19.600000000000001","46.600000000000001","16.600000000000001","41.100000000000001"," 3.1166666666666698e+00","755.98333333333301"," 86.333333333333300"," 5.83333333333333037","38.1666666666666998"," 9.8333333333333295e-01","49.8038685764186084270","49.8038685764186084270"
"2016-01-13 23:00:00","  30"," 0","19.500000000000000","42.200000000000003","18.890000000000001","41.200000000000003","20.859999999999999","44.656666666666702","19.074999999999999","40.767499999999998","18.730000000000000","72.299999999999997"," 1.790000000000000036","89.3966666666667038","18.199999999999999","38.463333333333303","19.600000000000001","47.000000000000000","16.600000000000001","41.566666666666698"," 3.2000000000000002e+00","755.89999999999998"," 86.000000000000000"," 6.00000000000000000","40.0000000000000000"," 1.0000000000000000e+00","42.7541178185492753983","42.7541178185492753983"
"2016-01-13 23:10:00","  40"," 0","19.426666666666701","42.126666666666701","18.890000000000001","41.289999999999999","20.666666666666700","44.430000000000000","19.000000000000000","40.966666666666697","18.600000000000001","71.063333333333304"," 1.933333333333330017","89.6566666666666947","18.199999999999999","38.723333333333301","19.600000000000001","47.333333333333300","16.600000000000001","41.899999999999999"," 3.1333333333333302e+00","755.83333333333303"," 86.500000000000000"," 5.83333333333333037","38.1666666666666998"," 1.0333333333333301e+00","47.6774198003113269806","47.6774198003113269806"
"2016-01-13 23:20:00","  50"," 0","19.390000000000001","42.090000000000003","18.823333333333299","41.229999999999997","20.600000000000001","44.229999999999997","18.963333333333299","41.030000000000001","18.533333333333299","70.256666666666703"," 1.933333333333330017","89.5900000000000034","18.100000000000001","38.963333333333303","19.600000000000001","47.799999999999997","16.600000000000001","42.156666666666702"," 3.0666666666666700e+00","755.76666666666699"," 87.000000000000000"," 5.66666666666666963","36.3333333333333002"," 1.0666666666666700e+00","40.6152546172961592674","40.6152546172961592674"
"2016-01-13 23:30:00","  50"," 0","19.390000000000001","42.090000000000003","18.789999999999999","41.289999999999999","20.500000000000000","44.163333333333298","18.890000000000001","41.090000000000003","18.500000000000000","69.700000000000003"," 1.899999999999999911","89.5600000000000023","18.100000000000001","39.223333333333301","19.600000000000001","48.156666666666702","16.600000000000001","42.430000000000000"," 3.0000000000000000e+00","755.70000000000005"," 87.500000000000000"," 5.50000000000000000","34.5000000000000000"," 1.1000000000000001e+00","39.1091057914309203625","39.1091057914309203625"
"2016-01-13 23:40:00","  40"," 0","19.356666666666701","42.090000000000003","18.789999999999999","41.289999999999999","20.426666666666701","43.963333333333303","18.890000000000001","41.126666666666701","18.426666666666701","69.099999999999994"," 1.899999999999999911","89.5925000000000011","18.100000000000001","39.289999999999999","19.600000000000001","48.363333333333301","16.666666666666700","42.729999999999997"," 2.9333333333333300e+00","755.63333333333298"," 88.000000000000000"," 5.33333333333333037","32.6666666666666998"," 1.1333333333333300e+00","13.3939064457081258297","13.3939064457081258297"
"2016-01-13 23:50:00","  40"," 0","19.289999999999999","42.090000000000003","18.699999999999999","41.399999999999999","20.390000000000001","43.759999999999998","18.823333333333299","41.126666666666701","18.356666666666701","68.396666666666704"," 1.826666666666669991","89.6899999999999977","18.100000000000001","39.490000000000002","19.600000000000001","48.656666666666702","16.600000000000001","42.863333333333301"," 2.8666666666666698e+00","755.56666666666695"," 88.500000000000000"," 5.16666666666666963","30.8333333333333002"," 1.1666666666666701e+00","38.1075764773413538933","38.1075764773413538933"
"2016-01-14 00:00:00","  50"," 0","19.289999999999999","42.090000000000003","18.699999999999999","41.399999999999999","20.323333333333299","43.700000000000003","18.789999999999999","41.229999999999997","18.356666666666701","67.996666666666698"," 1.666666666666670071","89.5000000000000000","18.100000000000001","39.826666666666704","19.600000000000001","48.930000000000000","16.666666666666700","43.200000000000003"," 2.7999999999999998e+00","755.50000000000000"," 89.000000000000000"," 5.00000000000000000","29.0000000000000000"," 1.2000000000000000e+00","49.3155794567428529263","49.3155794567428529263"
"2016-01-14 00:10:00","  50"," 0","19.289999999999999","42.090000000000003","18.633333333333301","41.326666666666704","20.260000000000002","43.633333333333297","18.789999999999999","41.289999999999999","18.289999999999999","67.656666666666695"," 1.600000000000000089","89.4333333333332945","18.100000000000001","39.966666666666697","19.600000000000001","49.126666666666701","16.600000000000001","43.259999999999998"," 2.8166666666666700e+00","755.36666666666702"," 89.166666666666700"," 5.00000000000000000","28.6666666666666998"," 1.2333333333333301e+00","14.6802774514071643353","14.6802774514071643353"
"2016-01-14 00:20:00","  40"," 0","19.199999999999999","42.060000000000002","18.600000000000001","41.289999999999999","20.199999999999999","43.500000000000000","18.760000000000002","41.326666666666704","18.230000000000000","67.396666666666704"," 1.463333333333330044","89.1899999999999977","18.100000000000001","40.066666666666698","19.600000000000001","49.259999999999998","16.600000000000001","43.433333333333302"," 2.8333333333333299e+00","755.23333333333301"," 89.333333333333300"," 5.00000000000000000","28.3333333333333002"," 1.2666666666666699e+00","19.9675553478300571442","19.9675553478300571442"
"2016-01-14 00:30:00","  60"," 0","19.199999999999999","42.060000000000002","18.600000000000001","41.289999999999999","20.199999999999999","43.500000000000000","18.699999999999999","41.466666666666697","18.199999999999999","67.060000000000002"," 1.389999999999999902","89.7300000000000040","18.100000000000001","40.259999999999998","19.566666666666698","49.433333333333302","16.666666666666700","43.633333333333297"," 2.8500000000000001e+00","755.10000000000002"," 89.500000000000000"," 5.00000000000000000","28.0000000000000000"," 1.3000000000000000e+00","40.6065761926583945751","40.6065761926583945751"
"2016-01-14 00:40:00","  40"," 0","19.199999999999999","42.090000000000003","18.600000000000001","41.289999999999999","20.199999999999999","43.433333333333302","18.699999999999999","41.500000000000000","18.133333333333301","66.866666666666703"," 1.533333333333330106","90.5000000000000000","18.100000000000001","40.590000000000003","19.500000000000000","49.560000000000002","16.649999999999999","43.844999999999999"," 2.8666666666666698e+00","754.96666666666704"," 89.666666666666700"," 5.00000000000000000","27.6666666666666998"," 1.3333333333333299e+00"," 3.8575834594666957855"," 3.8575834594666957855"
"2016-01-14 00:50:00","  40"," 0","19.133333333333301","42.090000000000003","18.533333333333299","41.289999999999999","20.166666666666700","43.399999999999999","18.699999999999999","41.500000000000000","18.100000000000001","66.560000000000002"," 1.600000000000000089","90.9666666666666970","18.100000000000001","40.663333333333298","19.463333333333299","49.859999999999999","16.633333333333301","44.066666666666698"," 2.8833333333333302e+00","754.83333333333303"," 89.833333333333300"," 5.00000000000000000","27.3333333333333002"," 1.3666666666666700e+00","18.1848404929041862488","18.1848404929041862488"
"2016-01-14 01:00:00","  50"," 0","19.100000000000001","42.090000000000003","18.500000000000000","41.289999999999999","20.100000000000001","43.466666666666697","18.699999999999999","41.590000000000003","18.100000000000001","66.366666666666703"," 1.729999999999999982","91.5633333333333042","18.100000000000001","40.844999999999999","19.390000000000001","50.133333333333297","16.633333333333301","44.200000000000003"," 2.8999999999999999e+00","754.70000000000005"," 90.000000000000000"," 5.00000000000000000","27.0000000000000000"," 1.3999999999999999e+00","22.1296233590692281723","22.1296233590692281723"
"2016-01-14 01:10:00","  40"," 0","19.100000000000001","42.090000000000003","18.500000000000000","41.289999999999999","20.100000000000001","43.399999999999999","18.633333333333301","41.590000000000003","18.000000000000000","65.966666666666697"," 1.790000000000000036","91.8299999999999983","18.100000000000001","41.096666666666700","19.390000000000001","50.433333333333302","16.699999999999999","44.566666666666698"," 2.8833333333333302e+00","754.56666666666695"," 90.500000000000000"," 5.00000000000000000","27.1666666666666998"," 1.4500000000000000e+00"," 7.8357066260650753975"," 7.8357066260650753975"
"2016-01-14 01:20:00","  30"," 0","19.100000000000001","42.090000000000003","18.463333333333299","41.259999999999998","20.000000000000000","43.326666666666704","18.600000000000001","41.590000000000003","18.000000000000000","65.760000000000005"," 1.899999999999999911","92.2933333333332939","18.100000000000001","41.363333333333301","19.390000000000001","50.560000000000002","16.633333333333301","44.759999999999998"," 2.8666666666666698e+00","754.43333333333305"," 91.000000000000000"," 5.00000000000000000","27.3333333333333002"," 1.5000000000000000e+00","29.1102635092101991177","29.1102635092101991177"
"2016-01-14 01:30:00","  30"," 0","19.000000000000000","42.000000000000000","18.390000000000001","41.200000000000003","20.000000000000000","43.326666666666704","18.600000000000001","41.590000000000003","17.890000000000001","65.626666666666694"," 2.026666666666669947","92.6266666666666936","18.100000000000001","41.626666666666701","19.390000000000001","50.859999999999999","16.699999999999999","45.126666666666701"," 2.8500000000000001e+00","754.29999999999995"," 91.500000000000000"," 5.00000000000000000","27.5000000000000000"," 1.5500000000000000e+00","48.5081089427694678307","48.5081089427694678307"
"2016-01-14 01:40:00","  30"," 0","19.000000000000000","42.060000000000002","18.390000000000001","41.289999999999999","19.963333333333299","43.259999999999998","18.533333333333299","41.700000000000003","17.890000000000001","65.433333333333294"," 2.089999999999999858","92.6266666666666936","18.100000000000001","41.759999999999998","19.390000000000001","51.000000000000000","16.699999999999999","45.333333333333300"," 2.8333333333333299e+00","754.16666666666697"," 92.000000000000000"," 5.00000000000000000","27.6666666666666998"," 1.6000000000000001e+00","49.4749916717410087585","49.4749916717410087585"
"2016-01-14 01:50:00","  40"," 0","19.000000000000000","42.090000000000003","18.390000000000001","41.289999999999999","19.890000000000001","43.200000000000003","18.533333333333299","41.700000000000003","17.890000000000001","65.140000000000001"," 2.089999999999999858","92.5600000000000023","18.100000000000001","41.963333333333303","19.289999999999999","51.090000000000003","16.699999999999999","45.566666666666698"," 2.8166666666666700e+00","754.03333333333296"," 92.500000000000000"," 5.00000000000000000","27.8333333333333002"," 1.6499999999999999e+00"," 8.8226018240675330162"," 8.8226018240675330162"
"2016-01-14 02:00:00","  40"," 0","19.000000000000000","42.090000000000003","18.289999999999999","41.289999999999999","19.890000000000001","43.200000000000003","18.500000000000000","41.789999999999999","17.789999999999999","64.763333333333307"," 2.200000000000000178","92.7933333333332939","18.100000000000001","42.090000000000003","19.289999999999999","51.090000000000003","16.699999999999999","45.759999999999998"," 2.7999999999999998e+00","753.89999999999998"," 93.000000000000000"," 5.00000000000000000","28.0000000000000000"," 1.7000000000000000e+00","27.1065212204121053219","27.1065212204121053219"
"2016-01-14 02:10:00","  50"," 0","18.963333333333299","42.090000000000003","18.289999999999999","41.289999999999999","19.890000000000001","43.200000000000003","18.500000000000000","41.789999999999999","17.789999999999999","64.623333333333306"," 2.259999999999999787","93.1266666666666936","18.100000000000001","42.090000000000003","19.289999999999999","51.090000000000003","16.699999999999999","46.030000000000001"," 2.8666666666666698e+00","753.73333333333301"," 92.333333333333300"," 5.16666666666666963","30.0000000000000000"," 1.6833333333333300e+00","19.2151946015655994415","19.2151946015655994415"
"2016-01-14 02:20:00","  40"," 0","18.890000000000001","42.163333333333298","18.289999999999999","41.399999999999999","19.890000000000001","43.229999999999997","18.500000000000000","41.789999999999999","17.789999999999999","64.466666666666697"," 2.495000000000000107","93.2950000000000017","18.100000000000001","42.223333333333301","19.289999999999999","51.090000000000003","16.699999999999999","46.163333333333298"," 2.9333333333333300e+00","753.56666666666695"," 91.666666666666700"," 5.33333333333333037","32.0000000000000000"," 1.6666666666666701e+00","33.8082025409676134586","33.8082025409676134586"
"2016-01-14 02:30:00","  40"," 0","18.890000000000001","42.200000000000003","18.289999999999999","41.399999999999999","19.823333333333299","43.289999999999999","18.390000000000001","41.789999999999999","17.730000000000000","64.333333333333300"," 2.729999999999999982","93.4333333333332945","18.100000000000001","42.433333333333302","19.289999999999999","51.090000000000003","16.699999999999999","46.326666666666704"," 3.0000000000000000e+00","753.39999999999998"," 91.000000000000000"," 5.50000000000000000","34.0000000000000000"," 1.6499999999999999e+00","13.4646889870055019855","13.4646889870055019855"
"2016-01-14 02:40:00","  40"," 0","18.890000000000001","42.200000000000003","18.199999999999999","41.289999999999999","19.856666666666701","43.289999999999999","18.463333333333299","41.863333333333301","17.699999999999999","64.156666666666695"," 2.790000000000000036","93.1599999999999966","18.100000000000001","42.433333333333302","19.230000000000000","51.000000000000000","16.699999999999999","46.466666666666697"," 3.0666666666666700e+00","753.23333333333301"," 90.333333333333300"," 5.66666666666666963","36.0000000000000000"," 1.6333333333333300e+00","23.4625471173785626888","23.4625471173785626888"
"2016-01-14 02:50:00","  50"," 0","18.789999999999999","42.126666666666701","18.199999999999999","41.363333333333301","19.789999999999999","43.289999999999999","18.390000000000001","41.826666666666704","17.699999999999999","64.030000000000001"," 2.863333333333330177","92.8633333333333013","18.100000000000001","42.466666666666697","19.289999999999999","51.060000000000002","16.699999999999999","46.590000000000003"," 3.1333333333333302e+00","753.06666666666695"," 89.666666666666700"," 5.83333333333333037","38.0000000000000000"," 1.6166666666666700e+00"," 8.5900041158311069012"," 8.5900041158311069012"
"2016-01-14 03:00:00","  50"," 0","18.789999999999999","42.200000000000003","18.199999999999999","41.399999999999999","19.789999999999999","43.399999999999999","18.390000000000001","41.899999999999999","17.699999999999999","63.863333333333301"," 2.790000000000000036","92.5900000000000034","18.100000000000001","42.399999999999999","19.199999999999999","50.899999999999999","16.699999999999999","46.663333333333298"," 3.2000000000000002e+00","752.89999999999998"," 89.000000000000000"," 6.00000000000000000","40.0000000000000000"," 1.6000000000000001e+00","18.4594731195829808712","18.4594731195829808712"
"2016-01-14 03:10:00","  50"," 0","18.789999999999999","42.200000000000003","18.199999999999999","41.424999999999997","19.789999999999999","43.326666666666704","18.390000000000001","41.899999999999999","17.699999999999999","63.789999999999999"," 2.933333333333330017","92.7999999999999972","18.100000000000001","42.363333333333301","19.199999999999999","50.899999999999999","16.699999999999999","46.700000000000003"," 3.2333333333333298e+00","752.76666666666699"," 89.000000000000000"," 5.83333333333333037","38.0000000000000000"," 1.6333333333333300e+00","36.2702636281028389931","36.2702636281028389931"
"2016-01-14 03:20:00","  40"," 0","18.789999999999999","42.200000000000003","18.133333333333301","41.500000000000000","19.789999999999999","43.259999999999998","18.390000000000001","41.966666666666697","17.699999999999999","63.633333333333297"," 3.000000000000000000","92.5999999999999943","18.100000000000001","42.363333333333301","19.199999999999999","50.789999999999999","16.699999999999999","46.759999999999998"," 3.2666666666666702e+00","752.63333333333298"," 89.000000000000000"," 5.66666666666666963","36.0000000000000000"," 1.6666666666666701e+00","24.3074552156031131744","24.3074552156031131744"
"2016-01-14 03:30:00","  50"," 0","18.760000000000002","42.229999999999997","18.100000000000001","41.500000000000000","19.789999999999999","43.200000000000003","18.356666666666701","42.000000000000000","17.633333333333301","63.433333333333302"," 3.089999999999999858","92.4333333333332945","18.100000000000001","42.466666666666697","19.133333333333301","50.729999999999997","16.699999999999999","46.899999999999999"," 3.2999999999999998e+00","752.50000000000000"," 89.000000000000000"," 5.50000000000000000","34.0000000000000000"," 1.7000000000000000e+00"," 3.1901233363896608353"," 3.1901233363896608353"
"2016-01-14 03:40:00","  40"," 0","18.699999999999999","42.289999999999999","18.100000000000001","41.500000000000000","19.789999999999999","43.289999999999999","18.289999999999999","42.039999999999999","17.600000000000001","63.289999999999999"," 3.089999999999999858","92.0333333333333030","18.100000000000001","42.399999999999999","19.166666666666700","50.663333333333298","16.699999999999999","46.966666666666697"," 3.3333333333333299e+00","752.36666666666702"," 89.000000000000000"," 5.33333333333333037","32.0000000000000000"," 1.7333333333333301e+00","39.2273114994168281555","39.2273114994168281555"
"2016-01-14 03:50:00","  40"," 0","18.699999999999999","42.289999999999999","18.100000000000001","41.590000000000003","19.789999999999999","43.289999999999999","18.289999999999999","42.026666666666699","17.600000000000001","63.156666666666702"," 3.060000000000000053","91.3966666666667038","18.100000000000001","42.399999999999999","19.166666666666700","50.590000000000003","16.699999999999999","47.045000000000002"," 3.3666666666666698e+00","752.23333333333301"," 89.000000000000000"," 5.16666666666666963","30.0000000000000000"," 1.7666666666666699e+00","20.9160817903466522694","20.9160817903466522694"
"2016-01-14 04:00:00","  20"," 0","18.699999999999999","42.289999999999999","18.033333333333299","41.530000000000001","19.789999999999999","43.326666666666704","18.289999999999999","41.966666666666697","17.566666666666698","63.060000000000002"," 3.060000000000000053","91.3299999999999983","18.100000000000001","42.466666666666697","19.100000000000001","50.590000000000003","16.699999999999999","47.126666666666701"," 3.3999999999999999e+00","752.10000000000002"," 89.000000000000000"," 5.00000000000000000","28.0000000000000000"," 1.8000000000000000e+00","49.0509042399935424328","49.0509042399935424328"
"2016-01-14 04:10:00","  30"," 0","18.699999999999999","42.289999999999999","18.100000000000001","41.590000000000003","19.722500000000000","43.372500000000002","18.289999999999999","42.090000000000003","17.500000000000000","63.000000000000000"," 3.000000000000000000","91.3299999999999983","18.050000000000001","42.344999999999999","19.100000000000001","50.530000000000001","16.699999999999999","47.259999999999998"," 3.3833333333333302e+00","751.91666666666697"," 89.166666666666700"," 5.16666666666666963","28.1666666666666998"," 1.8000000000000000e+00","14.1441977932117879391","14.1441977932117879391"
"2016-01-14 04:20:00","  30"," 0","18.699999999999999","42.289999999999999","18.100000000000001","41.590000000000003","19.699999999999999","43.289999999999999","18.289999999999999","42.090000000000003","17.500000000000000","62.863333333333301"," 3.000000000000000000","91.0633333333333042","18.100000000000001","42.433333333333302","19.100000000000001","50.466666666666697","16.699999999999999","47.326666666666704"," 3.3666666666666698e+00","751.73333333333301"," 89.333333333333300"," 5.33333333333333037","28.3333333333333002"," 1.8000000000000000e+00","42.3941074754111468792","42.3941074754111468792"
"2016-01-14 04:30:00","  40"," 0","18.666666666666700","42.289999999999999","18.000000000000000","41.500000000000000","19.699999999999999","43.289999999999999","18.289999999999999","42.126666666666701","17.500000000000000","62.789999999999999"," 3.029999999999999805","91.2633333333333070","18.033333333333299","42.359999999999999","19.100000000000001","50.466666666666697","16.699999999999999","47.466666666666697"," 3.3500000000000001e+00","751.54999999999995"," 89.500000000000000"," 5.50000000000000000","28.5000000000000000"," 1.8000000000000000e+00"," 4.1119615430943667889"," 4.1119615430943667889"
"2016-01-14 04:40:00","  50"," 0","18.600000000000001","42.289999999999999","18.000000000000000","41.560000000000002","19.699999999999999","43.289999999999999","18.230000000000000","42.126666666666701","17.463333333333299","62.560000000000002"," 3.089999999999999858","91.2633333333333070","18.000000000000000","42.200000000000003","19.000000000000000","50.399999999999999","16.730000000000000","47.530000000000001"," 3.3333333333333299e+00","751.36666666666702"," 89.666666666666700"," 5.66666666666666963","28.6666666666666998"," 1.8000000000000000e+00","44.3229375290684401989","44.3229375290684401989"
"2016-01-14 04:50:00","  40"," 0","18.600000000000001","42.289999999999999","18.000000000000000","41.590000000000003","19.699999999999999","43.259999999999998","18.199999999999999","42.200000000000003","17.463333333333299","62.500000000000000"," 3.089999999999999858","91.1566666666666947","18.000000000000000","42.200000000000003","19.000000000000000","50.399999999999999","16.730000000000000","47.663333333333298"," 3.3166666666666700e+00","751.18333333333305"," 89.833333333333300"," 5.83333333333333037","28.8333333333333002"," 1.8000000000000000e+00","23.5965365427546203136","23.5965365427546203136"
"2016-01-14 05:00:00","  40"," 0","18.600000000000001","42.326666666666704","18.000000000000000","41.590000000000003","19.699999999999999","43.200000000000003","18.199999999999999","42.200000000000003","17.445000000000000","62.450000000000003"," 3.089999999999999858","91.0300000000000011","18.000000000000000","42.326666666666704","19.033333333333299","50.433333333333302","16.699999999999999","47.700000000000003"," 3.2999999999999998e+00","751.00000000000000"," 90.000000000000000"," 6.00000000000000000","29.0000000000000000"," 1.8000000000000000e+00"," 5.4550481727346777916"," 5.4550481727346777916"
"2016-01-14 05:10:00","  50"," 0","18.600000000000001","42.399999999999999","17.963333333333299","41.700000000000003","19.699999999999999","43.200000000000003","18.199999999999999","42.200000000000003","17.390000000000001","62.363333333333301"," 3.089999999999999858","90.9000000000000057","18.000000000000000","42.466666666666697","19.033333333333299","50.359999999999999","16.699999999999999","47.759999999999998"," 3.3166666666666700e+00","750.86666666666702"," 90.000000000000000"," 5.83333333333333037","28.6666666666666998"," 1.8166666666666700e+00","16.6638992261141538620","16.6638992261141538620"
"2016-01-14 05:20:00","  40"," 0","18.600000000000001","42.399999999999999","17.890000000000001","41.700000000000003","19.699999999999999","43.200000000000003","18.199999999999999","42.200000000000003","17.390000000000001","62.289999999999999"," 3.089999999999999858","90.4666666666666970","18.000000000000000","42.500000000000000","19.000000000000000","50.399999999999999","16.730000000000000","47.789999999999999"," 3.3333333333333299e+00","750.73333333333301"," 90.000000000000000"," 5.66666666666666963","28.3333333333333002"," 1.8333333333333299e+00","41.8708284618332982063","41.8708284618332982063"
"2016-01-14 05:30:00","  50"," 0","18.533333333333299","42.399999999999999","17.890000000000001","41.626666666666701","19.699999999999999","43.200000000000003","18.149999999999999","42.289999999999999","17.390000000000001","62.259999999999998"," 3.089999999999999858","90.4666666666666970","18.000000000000000","42.500000000000000","19.000000000000000","50.399999999999999","16.730000000000000","47.789999999999999"," 3.3500000000000001e+00","750.60000000000002"," 90.000000000000000"," 5.50000000000000000","28.0000000000000000"," 1.8500000000000001e+00","13.8424920849502086639","13.8424920849502086639"
"2016-01-14 05:40:00","  50"," 0","18.500000000000000","42.433333333333302","17.890000000000001","41.700000000000003","19.760000000000002","43.259999999999998","18.100000000000001","42.289999999999999","17.390000000000001","62.200000000000003"," 3.126666666666670036","90.7600000000000051","18.000000000000000","42.500000000000000","19.000000000000000","50.399999999999999","16.730000000000000","47.826666666666704"," 3.3666666666666698e+00","750.46666666666704"," 90.000000000000000"," 5.33333333333333037","27.6666666666666998"," 1.8666666666666700e+00","29.3517570709809660912","29.3517570709809660912"
"2016-01-14 05:50:00","  40"," 0","18.500000000000000","42.500000000000000","17.890000000000001","41.729999999999997","19.789999999999999","43.289999999999999","18.100000000000001","42.363333333333301","17.356666666666701","62.200000000000003"," 3.259999999999999787","90.9666666666666970","18.000000000000000","42.560000000000002","18.917500000000000","50.424999999999997","16.789999999999999","47.966666666666697"," 3.3833333333333302e+00","750.33333333333303"," 90.000000000000000"," 5.16666666666666963","27.3333333333333002"," 1.8833333333333300e+00","41.8366134865209460258","41.8366134865209460258"
"2016-01-14 06:00:00","  50"," 0","18.500000000000000","42.500000000000000","17.890000000000001","41.789999999999999","19.789999999999999","43.289999999999999","18.100000000000001","42.399999999999999","17.356666666666701","62.200000000000003"," 3.500000000000000000","90.7633333333333070","18.000000000000000","42.590000000000003","18.890000000000001","50.433333333333302","16.699999999999999","48.000000000000000"," 3.3999999999999999e+00","750.20000000000005"," 90.000000000000000"," 5.00000000000000000","27.0000000000000000"," 1.8999999999999999e+00"," 3.5577011993154883385"," 3.5577011993154883385"
"2016-01-14 06:10:00","  40"," 0","18.500000000000000","42.500000000000000","17.789999999999999","41.729999999999997","19.789999999999999","43.289999999999999","18.100000000000001","42.399999999999999","17.356666666666701","62.060000000000002"," 3.560000000000000053","90.4966666666666981","18.000000000000000","42.590000000000003","18.890000000000001","50.500000000000000","16.699999999999999","48.000000000000000"," 3.5000000000000000e+00","750.08333333333303"," 89.833333333333300"," 5.66666666666666963","27.1666666666666998"," 1.9833333333333301e+00","35.1389371673576533794","35.1389371673576533794"
"2016-01-14 06:20:00","  40"," 0","18.463333333333299","42.560000000000002","17.840000000000000","41.789999999999999","19.789999999999999","43.289999999999999","18.100000000000001","42.500000000000000","17.289999999999999","62.000000000000000"," 3.729999999999999982","90.0933333333333053","18.000000000000000","42.500000000000000","18.890000000000001","50.500000000000000","16.789999999999999","48.090000000000003"," 3.6000000000000001e+00","749.96666666666704"," 89.666666666666700"," 6.33333333333333037","27.3333333333333002"," 2.0666666666666700e+00","34.9412268609739840031","34.9412268609739840031"
"2016-01-14 06:30:00","  40"," 0","18.390000000000001","42.500000000000000","17.789999999999999","41.789999999999999","19.789999999999999","43.289999999999999","18.100000000000001","42.500000000000000","17.289999999999999","62.000000000000000"," 3.790000000000000036","89.6333333333332973","18.000000000000000","42.560000000000002","18.890000000000001","50.500000000000000","16.730000000000000","48.163333333333298"," 3.7000000000000002e+00","749.85000000000002"," 89.500000000000000"," 7.00000000000000000","27.5000000000000000"," 2.1499999999999999e+00","23.1981190503574907780","23.1981190503574907780"
"2016-01-14 06:40:00","  40"," 0","18.390000000000001","42.530000000000001","17.789999999999999","41.789999999999999","19.789999999999999","43.363333333333301","18.100000000000001","42.530000000000001","17.289999999999999","62.000000000000000"," 3.899999999999999911","89.2300000000000040","17.963333333333299","42.729999999999997","18.890000000000001","50.500000000000000","16.699999999999999","48.200000000000003"," 3.7999999999999998e+00","749.73333333333301"," 89.333333333333300"," 7.66666666666666963","27.6666666666666998"," 2.2333333333333298e+00","21.8465555226430296898","21.8465555226430296898"
"2016-01-14 06:50:00","  30","10","18.390000000000001","42.590000000000003","17.789999999999999","41.863333333333301","19.789999999999999","43.399999999999999","18.100000000000001","42.590000000000003","17.289999999999999","62.000000000000000"," 3.899999999999999911","89.0300000000000011","17.963333333333299","42.930000000000000","18.856666666666701","50.560000000000002","16.699999999999999","48.200000000000003"," 3.8999999999999999e+00","749.61666666666702"," 89.166666666666700"," 8.33333333333333037","27.8333333333333002"," 2.3166666666666700e+00","28.1088393880054354668","28.1088393880054354668"
"2016-01-14 07:00:00","  70","10","18.390000000000001","42.590000000000003","17.789999999999999","41.899999999999999","19.789999999999999","43.399999999999999","18.000000000000000","42.530000000000001","17.289999999999999","61.933333333333302"," 3.863333333333330177","88.8299999999999983","18.000000000000000","43.530000000000001","18.789999999999999","50.560000000000002","16.745000000000001","48.344999999999999"," 4.0000000000000000e+00","749.50000000000000"," 89.000000000000000"," 9.00000000000000000","28.0000000000000000"," 2.3999999999999999e+00","46.4241613168269395828","46.4241613168269395828"
"2016-01-14 07:10:00"," 360","20","18.390000000000001","42.863333333333301","17.789999999999999","41.966666666666697","19.760000000000002","43.363333333333301","18.000000000000000","42.590000000000003","17.289999999999999","61.733333333333299"," 3.790000000000000036","88.6233333333333064","18.000000000000000","43.656666666666702","18.823333333333299","50.729999999999997","16.789999999999999","48.466666666666697"," 3.9500000000000002e+00","749.39999999999998"," 89.500000000000000"," 8.83333333333333037","26.6666666666666998"," 2.4166666666666701e+00","11.5233207121491432190","11.5233207121491432190"
"2016-01-14 07:20:00"," 400","10","18.390000000000001","43.359999999999999","17.789999999999999","42.229999999999997","19.699999999999999","43.222499999999997","18.066666666666698","42.926666666666698","17.289999999999999","61.193333333333300"," 3.790000000000000036","89.1299999999999955","18.000000000000000","42.994999999999997","18.890000000000001","50.656666666666702","16.789999999999999","48.326666666666704"," 3.8999999999999999e+00","749.29999999999995"," 90.000000000000000"," 8.66666666666666963","25.3333333333333002"," 2.4333333333333300e+00","11.0906877205707132816","11.0906877205707132816"
"2016-01-14 07:30:00","  70","10","18.390000000000001","43.966666666666697","17.789999999999999","42.430000000000000","19.633333333333301","43.126666666666701","18.399999999999999","43.259999999999998","17.230000000000000","60.526666666666699"," 3.790000000000000036","89.9233333333333036","17.890000000000001","42.363333333333301","18.789999999999999","49.990000000000002","16.760000000000002","48.026666666666699"," 3.8500000000000001e+00","749.20000000000005"," 90.500000000000000"," 8.50000000000000000","24.0000000000000000"," 2.4500000000000002e+00","21.0107946651987731457","21.0107946651987731457"
"2016-01-14 07:40:00","  70"," 0","18.390000000000001","44.090000000000003","17.789999999999999","42.626666666666701","19.600000000000001","43.163333333333298","18.730000000000000","43.123333333333299","17.230000000000000","60.066666666666698"," 3.790000000000000036","90.7266666666667021","17.890000000000001","41.963333333333303","18.730000000000000","49.656666666666702","16.699999999999999","47.693333333333300"," 3.7999999999999998e+00","749.10000000000002"," 91.000000000000000"," 8.33333333333333037","22.6666666666666998"," 2.4666666666666699e+00","16.6760402848012745380","16.6760402848012745380"
"2016-01-14 07:50:00"," 390"," 0","18.390000000000001","44.022500000000001","17.789999999999999","42.700000000000003","19.533333333333299","43.090000000000003","18.789999999999999","42.530000000000001","17.199999999999999","59.633333333333297"," 3.790000000000000036","91.2974999999999994","17.890000000000001","41.526666666666699","18.699999999999999","49.333333333333300","16.699999999999999","47.296666666666702"," 3.7500000000000000e+00","749.00000000000000"," 91.500000000000000"," 8.16666666666666963","21.3333333333333002"," 2.4833333333333298e+00","43.2403775164857506752","43.2403775164857506752"
"2016-01-14 08:00:00"," 100"," 0","18.390000000000001","43.933333333333302","17.760000000000002","42.700000000000003","19.500000000000000","43.000000000000000","18.789999999999999","42.133333333333297","17.199999999999999","59.359999999999999"," 3.790000000000000036","91.7300000000000040","17.823333333333299","41.193333333333300","18.699999999999999","49.066666666666698","16.699999999999999","46.963333333333303"," 3.7000000000000002e+00","748.89999999999998"," 92.000000000000000"," 8.00000000000000000","20.0000000000000000"," 2.5000000000000000e+00"," 8.8597267866134643555"," 8.8597267866134643555"
"2016-01-14 08:10:00","  80","10","18.390000000000001","43.759999999999998","17.699999999999999","42.626666666666701","19.500000000000000","43.000000000000000","18.730000000000000","42.000000000000000","17.199999999999999","58.994999999999997"," 3.790000000000000036","92.2266666666667021","17.789999999999999","40.863333333333301","18.600000000000001","48.633333333333297","16.699999999999999","46.633333333333297"," 3.2999999999999998e+00","749.00000000000000"," 93.000000000000000"," 7.16666666666666963","22.5000000000000000"," 2.2500000000000000e+00","24.6659364318475127220","24.6659364318475127220"
"2016-01-14 08:20:00","  70"," 0","18.390000000000001","43.700000000000003","17.699999999999999","42.590000000000003","19.463333333333299","42.899999999999999","18.699999999999999","42.000000000000000","17.199999999999999","58.700000000000003"," 3.863333333333330177","92.9599999999999937","17.789999999999999","40.656666666666702","18.666666666666700","48.500000000000000","16.699999999999999","46.359999999999999"," 2.8999999999999999e+00","749.10000000000002"," 94.000000000000000"," 6.33333333333333037","25.0000000000000000"," 2.0000000000000000e+00","21.4856683393009006977","21.4856683393009006977"
"2016-01-14 08:30:00"," 170","10","18.390000000000001","43.590000000000003","17.699999999999999","42.530000000000001","19.390000000000001","42.826666666666704","18.699999999999999","41.933333333333302","17.199999999999999","58.500000000000000"," 3.790000000000000036","93.6233333333333064","17.789999999999999","40.466666666666697","18.600000000000001","48.133333333333297","16.699999999999999","46.030000000000001"," 2.5000000000000000e+00","749.20000000000005"," 95.000000000000000"," 5.50000000000000000","27.5000000000000000"," 1.7500000000000000e+00","28.2131921499967575073","28.2131921499967575073"
"2016-01-14 08:40:00"," 360"," 0","18.390000000000001","43.530000000000001","17.699999999999999","42.500000000000000","19.356666666666701","42.633333333333297","18.649999999999999","41.789999999999999","17.199999999999999","56.566666666666698"," 3.729999999999999982","93.6233333333333064","17.789999999999999","40.326666666666704","18.533333333333299","47.859999999999999","16.699999999999999","46.030000000000001"," 2.1000000000000001e+00","749.29999999999995"," 96.000000000000000"," 4.66666666666666963","30.0000000000000000"," 1.5000000000000000e+00","32.8081157756969332695","32.8081157756969332695"
"2016-01-14 08:50:00"," 180","10","18.390000000000001","43.363333333333301","17.699999999999999","42.433333333333302","19.289999999999999","42.500000000000000","18.600000000000001","41.663333333333298","17.199999999999999","55.359999999999999"," 3.100000000000000089","93.0666666666667055","17.699999999999999","40.060000000000002","18.500000000000000","47.600000000000001","16.699999999999999","46.000000000000000"," 1.7000000000000000e+00","749.39999999999998"," 97.000000000000000"," 3.83333333333332993","32.5000000000000000"," 1.2500000000000000e+00","48.9277031389065086842","48.9277031389065086842"
"2016-01-14 09:00:00"," 130"," 0","18.390000000000001","43.289999999999999","17.789999999999999","42.289999999999999","19.289999999999999","42.399999999999999","18.600000000000001","41.530000000000001","17.199999999999999","53.896666666666697"," 2.766666666666670160","93.4666666666666970","17.699999999999999","39.859999999999999","18.500000000000000","47.267499999999998","16.699999999999999","45.933333333333302"," 1.3000000000000000e+00","749.50000000000000"," 98.000000000000000"," 3.00000000000000000","35.0000000000000000"," 1.0000000000000000e+00","11.6080574225634336472","11.6080574225634336472"
"2016-01-14 09:10:00","  70","20","18.426666666666701","43.326666666666704","17.789999999999999","42.229999999999997","19.289999999999999","42.399999999999999","18.566666666666698","41.399999999999999","17.260000000000002","52.823333333333302"," 2.500000000000000000","93.7266666666667021","17.633333333333301","39.590000000000003","18.426666666666701","46.890000000000001","16.699999999999999","45.863333333333301"," 1.3999999999999999e+00","749.36666666666702"," 97.500000000000000"," 3.50000000000000000","35.8333333333333002"," 1.0333333333333301e+00","12.0405798079445958138","12.0405798079445958138"
"2016-01-14 09:20:00","  70","10","18.500000000000000","43.399999999999999","17.926666666666701","42.200000000000003","19.289999999999999","42.399999999999999","18.500000000000000","41.399999999999999","17.289999999999999","51.696666666666701"," 2.433333333333330017","94.0600000000000023","17.633333333333301","39.390000000000001","18.390000000000001","46.633333333333297","16.699999999999999","45.729999999999997"," 1.5000000000000000e+00","749.23333333333301"," 97.000000000000000"," 4.00000000000000000","36.6666666666666998"," 1.0666666666666700e+00","39.8418041993863880634","39.8418041993863880634"
"2016-01-14 09:30:00"," 180","20","18.533333333333299","43.399999999999999","18.024999999999999","42.117500000000000","19.289999999999999","42.399999999999999","18.500000000000000","41.596666666666700","17.356666666666701","50.896666666666697"," 2.363333333333330177","94.1599999999999966","17.600000000000001","39.163333333333298","18.390000000000001","46.433333333333302","16.699999999999999","45.500000000000000"," 1.6000000000000001e+00","749.10000000000002"," 96.500000000000000"," 4.50000000000000000","37.5000000000000000"," 1.1000000000000001e+00","41.5835857507772743702","41.5835857507772743702"
"2016-01-14 09:40:00"," 170","20","18.533333333333299","43.266666666666701","18.100000000000001","42.090000000000003","19.166666666666700","42.000000000000000","18.566666666666698","41.863333333333301","17.390000000000001","50.033333333333303"," 2.290000000000000036","94.3666666666667027","17.600000000000001","39.030000000000001","18.356666666666701","46.223333333333301","16.745000000000001","45.500000000000000"," 1.7000000000000000e+00","748.96666666666704"," 96.000000000000000"," 5.00000000000000000","38.3333333333333002"," 1.1333333333333300e+00"," 5.6753853219561278820"," 5.6753853219561278820"
"2016-01-14 09:50:00"," 390","30","18.600000000000001","43.289999999999999","18.230000000000000","42.030000000000001","19.166666666666700","42.333333333333300","18.633333333333301","42.066666666666698","17.463333333333299","49.500000000000000"," 2.290000000000000036","94.6233333333333064","17.600000000000001","38.863333333333301","18.289999999999999","46.090000000000003","16.789999999999999","45.645000000000003"," 1.8000000000000000e+00","748.83333333333303"," 95.500000000000000"," 5.50000000000000000","39.1666666666666998"," 1.1666666666666701e+00","48.1656008167192339897","48.1656008167192339897"
"2016-01-14 10:00:00"," 420","20","18.666666666666700","43.490000000000002","18.289999999999999","42.090000000000003","19.230000000000000","42.566666666666698","18.699999999999999","42.259999999999998","17.500000000000000","49.326666666666704"," 2.290000000000000036","94.6899999999999977","17.533333333333299","38.789999999999999","18.289999999999999","45.966666666666697","16.789999999999999","46.026666666666699"," 1.8999999999999999e+00","748.70000000000005"," 95.000000000000000"," 6.00000000000000000","40.0000000000000000"," 1.2000000000000000e+00"," 7.3661449830979108810"," 7.3661449830979108810"
"2016-01-14 10:10:00"," 340","20","18.699999999999999","43.633333333333297","18.390000000000001","42.090000000000003","19.289999999999999","42.700000000000003","18.699999999999999","42.289999999999999","17.500000000000000","49.993333333333297"," 2.290000000000000036","94.8333333333333002","17.500000000000000","38.700000000000003","18.289999999999999","45.826666666666704","16.789999999999999","46.399999999999999"," 1.9666666666666699e+00","748.73333333333301"," 94.666666666666700"," 5.66666666666666963","40.0000000000000000"," 1.2166666666666699e+00"," 7.1813471382483839989"," 7.1813471382483839989"
"2016-01-14 10:20:00"," 550","10","18.699999999999999","43.433333333333302","18.390000000000001","42.090000000000003","19.260000000000002","42.526666666666699","18.699999999999999","42.289999999999999","17.390000000000001","51.196666666666701"," 2.290000000000000036","94.9000000000000057","17.500000000000000","38.617500000000000","18.230000000000000","45.729999999999997","16.890000000000001","46.526666666666699"," 2.0333333333333301e+00","748.76666666666699"," 94.333333333333300"," 5.33333333333333037","40.0000000000000000"," 1.2333333333333301e+00","46.2614967604167759418","46.2614967604167759418"
"2016-01-14 10:30:00"," 690","10","18.789999999999999","43.766666666666701","18.500000000000000","42.060000000000002","19.320000000000000","43.145000000000003","18.699999999999999","42.500000000000000","17.323333333333299","51.863333333333301"," 2.399999999999999911","94.9500000000000028","17.500000000000000","38.590000000000003","18.230000000000000","45.656666666666702","16.890000000000001","46.399999999999999"," 2.1000000000000001e+00","748.79999999999995"," 94.000000000000000"," 5.00000000000000000","40.0000000000000000"," 1.2500000000000000e+00","25.3517801291309297085","25.3517801291309297085"
"2016-01-14 10:40:00"," 620","10","18.789999999999999","43.693333333333300","18.566666666666698","41.726666666666702","19.693333333333300","44.859999999999999","18.760000000000002","42.299999999999997","17.260000000000002","52.399999999999999"," 2.433333333333330017","95.0633333333333042","17.500000000000000","38.500000000000000","18.199999999999999","45.500000000000000","16.890000000000001","46.259999999999998"," 2.1666666666666701e+00","748.83333333333303"," 93.666666666666700"," 4.66666666666666963","40.0000000000000000"," 1.2666666666666699e+00"," 7.7425508527085185051"," 7.7425508527085185051"
"2016-01-14 10:50:00"," 610","10","18.823333333333299","43.259999999999998","18.633333333333301","41.466666666666697","20.196666666666701","46.396666666666697","18.789999999999999","42.090000000000003","17.199999999999999","52.526666666666699"," 2.500000000000000000","95.1899999999999977","17.426666666666701","38.359999999999999","18.199999999999999","45.433333333333302","16.890000000000001","46.126666666666701"," 2.2333333333333298e+00","748.86666666666702"," 93.333333333333300"," 4.33333333333333037","40.0000000000000000"," 1.2833333333333301e+00","17.4151026061736047268","17.4151026061736047268"
"2016-01-14 11:00:00"," 490","10","18.917500000000000","43.049999999999997","18.699999999999999","41.326666666666704","20.596666666666700","47.196666666666701","18.789999999999999","42.090000000000003","17.199999999999999","52.826666666666704"," 2.626666666666670036","95.3333333333333002","17.463333333333299","38.363333333333301","18.166666666666700","45.289999999999999","16.890000000000001","46.000000000000000"," 2.2999999999999998e+00","748.89999999999998"," 93.000000000000000"," 4.00000000000000000","40.0000000000000000"," 1.3000000000000000e+00","32.9910512897185981274","32.9910512897185981274"
"2016-01-14 11:10:00"," 260","20","19.000000000000000","42.933333333333302","18.823333333333299","41.090000000000003","20.993333333333300","47.766666666666701","18.789999999999999","42.126666666666701","17.199999999999999","52.899999999999999"," 2.700000000000000178","95.4666666666666970","17.390000000000001","38.229999999999997","18.100000000000001","45.229999999999997","16.890000000000001","46.000000000000000"," 2.3999999999999999e+00","748.85000000000002"," 92.833333333333300"," 4.16666666666666963","40.0000000000000000"," 1.3666666666666700e+00","15.5886187218129634857","15.5886187218129634857"
"2016-01-14 11:20:00"," 240","10","19.100000000000001","42.863333333333301","18.890000000000001","41.030000000000001","21.326666666666700","47.966666666666697","18.789999999999999","42.200000000000003","17.199999999999999","53.045000000000002"," 2.826666666666670213","95.5300000000000011","17.390000000000001","38.200000000000003","18.100000000000001","45.163333333333298","16.890000000000001","46.000000000000000"," 2.5000000000000000e+00","748.79999999999995"," 92.666666666666700"," 4.33333333333333037","40.0000000000000000"," 1.4333333333333300e+00","17.5786704639904201031","17.5786704639904201031"
"2016-01-14 11:30:00"," 220","10","19.166666666666700","43.530000000000001","19.033333333333299","40.789999999999999","21.633333333333301","47.623333333333299","18.890000000000001","42.289999999999999","17.199999999999999","53.126666666666701"," 2.966666666666669894","95.5900000000000034","17.390000000000001","38.126666666666701","18.100000000000001","45.090000000000003","16.890000000000001","46.000000000000000"," 2.6000000000000001e+00","748.75000000000000"," 92.500000000000000"," 4.50000000000000000","40.0000000000000000"," 1.5000000000000000e+00"," 7.3922853451222181320"," 7.3922853451222181320"
"2016-01-14 11:40:00"," 130","10","19.359999999999999","44.566666666666698","19.166666666666700","40.729999999999997","21.760000000000002","46.623333333333299","18.890000000000001","42.420000000000002","17.199999999999999","53.200000000000003"," 3.066666666666669983","95.6599999999999966","17.390000000000001","38.090000000000003","18.100000000000001","45.000000000000000","16.926666666666701","45.966666666666697"," 2.7000000000000002e+00","748.70000000000005"," 92.333333333333300"," 4.66666666666666963","40.0000000000000000"," 1.5666666666666700e+00","32.9438804532401263714","32.9438804532401263714"
"2016-01-14 11:50:00","  90","10","19.566666666666698","44.500000000000000","19.323333333333299","40.663333333333298","21.789999999999999","45.393333333333302","18.890000000000001","42.723333333333301","17.100000000000001","53.200000000000003"," 3.259999999999999787","95.9333333333332945","17.390000000000001","38.030000000000001","18.033333333333299","44.933333333333302","17.000000000000000","45.899999999999999"," 2.7999999999999998e+00","748.64999999999998"," 92.166666666666700"," 4.83333333333333037","40.0000000000000000"," 1.6333333333333300e+00"," 9.2534982250072062016"," 9.2534982250072062016"
"2016-01-14 12:00:00"," 290","10","19.730000000000000","45.123333333333299","19.463333333333299","40.590000000000003","21.730000000000000","44.726666666666702","18.926666666666701","42.933333333333302","17.100000000000001","53.200000000000003"," 3.433333333333330017","96.0000000000000000","17.390000000000001","38.000000000000000","18.000000000000000","44.863333333333301","17.000000000000000","45.933333333333302"," 2.8999999999999999e+00","748.60000000000002"," 92.000000000000000"," 5.00000000000000000","40.0000000000000000"," 1.7000000000000000e+00","47.7189068449661135674","47.7189068449661135674"
"2016-01-14 12:10:00"," 410"," 0","19.996666666666702","45.729999999999997","19.633333333333301","40.530000000000001","21.566666666666698","44.463333333333303","19.000000000000000","43.193333333333300","17.100000000000001","53.200000000000003"," 3.500000000000000000","96.0000000000000000","17.390000000000001","38.000000000000000","18.000000000000000","44.863333333333301","17.000000000000000","45.933333333333302"," 3.1166666666666698e+00","748.54999999999995"," 91.333333333333300"," 5.16666666666666963","40.0000000000000000"," 1.8166666666666700e+00","44.8924246011301875114","44.8924246011301875114"
"2016-01-14 12:20:00"," 320"," 0","20.100000000000001","45.056666666666700","19.699999999999999","40.590000000000003","21.566666666666698","45.256666666666703","19.000000000000000","43.433333333333302","17.100000000000001","53.200000000000003"," 3.529999999999999805","96.0300000000000011","17.390000000000001","38.000000000000000","18.000000000000000","44.789999999999999","17.000000000000000","45.899999999999999"," 3.3333333333333299e+00","748.50000000000000"," 90.666666666666700"," 5.33333333333333037","40.0000000000000000"," 1.9333333333333300e+00","47.1848527202382683754","47.1848527202382683754"
"2016-01-14 12:30:00"," 260"," 0","20.166666666666700","44.463333333333303","19.789999999999999","40.466666666666697","21.859999999999999","46.600000000000001","19.000000000000000","43.100000000000001","17.100000000000001","53.200000000000003"," 3.529999999999999805","95.9633333333332956","17.390000000000001","38.000000000000000","18.000000000000000","44.789999999999999","17.066666666666698","46.026666666666699"," 3.5499999999999998e+00","748.45000000000005"," 90.000000000000000"," 5.50000000000000000","40.0000000000000000"," 2.0499999999999998e+00","36.1845375620760023594","36.1845375620760023594"
"2016-01-14 12:40:00"," 210"," 0","20.359999999999999","45.193333333333300","19.892499999999998","40.372500000000002","22.066666666666698","46.933333333333302","18.963333333333299","42.430000000000000","17.100000000000001","53.200000000000003"," 3.433333333333330017","95.7600000000000051","17.390000000000001","37.933333333333302","18.000000000000000","44.789999999999999","17.100000000000001","46.126666666666701"," 3.7666666666666702e+00","748.39999999999998"," 89.333333333333300"," 5.66666666666666963","40.0000000000000000"," 2.1666666666666701e+00","18.5178532963618636131","18.5178532963618636131"
"2016-01-14 12:50:00"," 210"," 0","20.566666666666698","44.726666666666702","20.066666666666698","40.289999999999999","22.230000000000000","46.063333333333297","18.890000000000001","42.156666666666702","17.100000000000001","53.200000000000003"," 3.433333333333330017","95.8333333333333002","17.390000000000001","37.933333333333302","18.000000000000000","44.789999999999999","17.100000000000001","46.259999999999998"," 3.9833333333333298e+00","748.35000000000002"," 88.666666666666700"," 5.83333333333333037","40.0000000000000000"," 2.2833333333333301e+00","39.0508770127780735493","39.0508770127780735493"
"2016-01-14 13:00:00"," 140"," 0","20.823333333333299","44.333333333333300","20.133333333333301","40.200000000000003","22.289999999999999","45.530000000000001","18.856666666666701","42.066666666666698","17.100000000000001","53.200000000000003"," 3.529999999999999805","96.0600000000000023","17.426666666666701","38.030000000000001","18.000000000000000","44.729999999999997","17.100000000000001","46.566666666666698"," 4.2000000000000002e+00","748.29999999999995"," 88.000000000000000"," 6.00000000000000000","40.0000000000000000"," 2.3999999999999999e+00"," 0.5574754322879016399"," 0.5574754322879016399"
"2016-01-14 13:10:00","  60"," 0","20.963333333333299","43.866666666666703","20.260000000000002","40.126666666666701","22.390000000000001","44.899999999999999","18.856666666666701","42.793333333333301","17.100000000000001","53.200000000000003"," 3.617500000000000160","95.9975000000000023","17.426666666666701","37.963333333333303","18.033333333333299","44.626666666666701","17.100000000000001","46.833333333333300"," 4.2999999999999998e+00","748.21666666666704"," 87.500000000000000"," 6.00000000000000000","40.0000000000000000"," 2.4166666666666701e+00","47.0154356095008552074","47.0154356095008552074"
"2016-01-14 13:20:00","  50"," 0","21.100000000000001","43.526666666666699","20.289999999999999","40.000000000000000","22.323333333333299","44.426666666666698","18.926666666666701","43.626666666666701","17.100000000000001","53.200000000000003"," 3.833333333333329929","96.3966666666667038","17.426666666666701","37.933333333333302","18.100000000000001","44.700000000000003","17.149999999999999","47.145000000000003"," 4.4000000000000004e+00","748.13333333333298"," 87.000000000000000"," 6.00000000000000000","40.0000000000000000"," 2.4333333333333300e+00","49.6874613105319440365","49.6874613105319440365"
"2016-01-14 13:30:00","  60"," 0","21.166666666666700","43.066666666666698","20.289999999999999","40.000000000000000","22.166666666666700","43.700000000000003","19.000000000000000","43.759999999999998","17.100000000000001","53.200000000000003"," 4.160000000000000142","96.5633333333333042","17.417500000000000","37.950000000000003","18.033333333333299","44.626666666666701","17.199999999999999","47.259999999999998"," 4.5000000000000000e+00","748.04999999999995"," 86.500000000000000"," 6.00000000000000000","40.0000000000000000"," 2.4500000000000002e+00","17.8702872595749795437","17.8702872595749795437"
"2016-01-14 13:40:00","  50"," 0","21.199999999999999","42.100000000000001","20.390000000000001","39.759999999999998","22.024999999999999","43.617500000000000","19.100000000000001","43.899999999999999","17.033333333333299","53.126666666666701"," 4.366666666666669805","96.6899999999999977","17.390000000000001","38.000000000000000","18.100000000000001","44.700000000000003","17.199999999999999","47.333333333333300"," 4.5999999999999996e+00","747.96666666666704"," 86.000000000000000"," 6.00000000000000000","40.0000000000000000"," 2.4666666666666699e+00","37.3817531741224229336","37.3817531741224229336"
"2016-01-14 13:50:00","  60"," 0","21.199999999999999","41.693333333333300","20.463333333333299","39.700000000000003","21.926666666666701","43.590000000000003","19.100000000000001","43.899999999999999","17.100000000000001","53.200000000000003"," 4.563333333333329911","96.8333333333333002","17.500000000000000","38.090000000000003","18.033333333333299","44.766666666666701","17.199999999999999","47.500000000000000"," 4.7000000000000002e+00","747.88333333333298"," 85.500000000000000"," 6.00000000000000000","40.0000000000000000"," 2.4833333333333298e+00","39.6454511908814311028","39.6454511908814311028"
"2016-01-14 14:00:00"," 140"," 0","21.230000000000000","41.596666666666700","20.500000000000000","39.590000000000003","21.856666666666701","43.430000000000000","19.100000000000001","43.789999999999999","17.100000000000001","53.200000000000003"," 4.830000000000000071","96.9666666666666970","17.500000000000000","38.090000000000003","18.100000000000001","44.899999999999999","17.260000000000002","47.560000000000002"," 4.7999999999999998e+00","747.79999999999995"," 85.000000000000000"," 6.00000000000000000","40.0000000000000000"," 2.5000000000000000e+00","35.2929503191262483597","35.2929503191262483597"
"2016-01-14 14:10:00"," 270"," 0","21.289999999999999","41.564999999999998","20.566666666666698","39.530000000000001","21.730000000000000","43.156666666666702","19.100000000000001","43.789999999999999","17.033333333333299","53.229999999999997"," 5.063333333333329911","96.8333333333333002","17.500000000000000","38.090000000000003","18.066666666666698","45.000000000000000","17.260000000000002","47.663333333333298"," 4.9166666666666696e+00","747.73333333333301"," 84.833333333333300"," 6.00000000000000000","40.0000000000000000"," 2.5833333333333299e+00","23.7912519369274377823","23.7912519369274377823"
"2016-01-14 14:20:00"," 200"," 0","21.356666666666701","41.289999999999999","20.600000000000001","39.466666666666697","21.666666666666700","42.930000000000000","19.100000000000001","43.723333333333301","17.033333333333299","53.229999999999997"," 5.263333333333330089","96.8333333333333002","17.500000000000000","38.090000000000003","18.000000000000000","45.000000000000000","17.199999999999999","47.530000000000001"," 5.0333333333333297e+00","747.66666666666697"," 84.666666666666700"," 6.00000000000000000","40.0000000000000000"," 2.6666666666666701e+00","24.7327263001352548599","24.7327263001352548599"
"2016-01-14 14:30:00","  60"," 0","21.356666666666701","40.833333333333300","20.600000000000001","39.399999999999999","21.600000000000001","42.729999999999997","19.033333333333299","43.329999999999998","17.050000000000001","53.289999999999999"," 5.263333333333330089","96.1633333333332985","17.500000000000000","38.090000000000003","18.000000000000000","45.000000000000000","17.199999999999999","47.193333333333300"," 5.1500000000000004e+00","747.60000000000002"," 84.500000000000000"," 6.00000000000000000","40.0000000000000000"," 2.7500000000000000e+00","15.4026224394328892231","15.4026224394328892231"
"2016-01-14 14:40:00","  50"," 0","21.356666666666701","40.626666666666701","20.730000000000000","39.399999999999999","21.500000000000000","42.526666666666699","19.000000000000000","42.966666666666697","17.066666666666698","53.363333333333301"," 5.123333333333330408","95.2900000000000063","17.500000000000000","38.163333333333298","18.000000000000000","45.000000000000000","17.199999999999999","46.859999999999999"," 5.2666666666666702e+00","747.53333333333296"," 84.333333333333300"," 6.00000000000000000","40.0000000000000000"," 2.8333333333333299e+00","34.7506123129278421402","34.7506123129278421402"
"2016-01-14 14:50:00","  60"," 0","21.500000000000000","40.560000000000002","20.789999999999999","39.326666666666704","21.500000000000000","42.326666666666704","18.917500000000000","42.817500000000003","17.000000000000000","53.289999999999999"," 5.123333333333330408","94.3566666666666976","17.390000000000001","38.090000000000003","18.000000000000000","45.000000000000000","17.199999999999999","46.490000000000002"," 5.3833333333333302e+00","747.46666666666704"," 84.166666666666700"," 6.00000000000000000","40.0000000000000000"," 2.9166666666666701e+00","41.1396652809344232082","41.1396652809344232082"
"2016-01-14 15:00:00","  80"," 0","21.500000000000000","40.433333333333302","20.890000000000001","39.289999999999999","21.500000000000000","42.060000000000002","18.890000000000001","42.729999999999997","17.033333333333299","53.326666666666704"," 5.123333333333330408","92.7633333333333070","17.463333333333299","38.090000000000003","18.000000000000000","44.933333333333302","17.199999999999999","46.156666666666702"," 5.5000000000000000e+00","747.39999999999998"," 84.000000000000000"," 6.00000000000000000","40.0000000000000000"," 3.0000000000000000e+00","21.7358820373192429543","21.7358820373192429543"
"2016-01-14 15:10:00","  50"," 0","21.600000000000001","40.259999999999998","20.963333333333299","39.229999999999997","21.426666666666701","41.859999999999999","18.890000000000001","42.590000000000003","17.100000000000001","53.399999999999999"," 5.123333333333330408","91.8266666666666964","17.390000000000001","38.060000000000002","18.000000000000000","44.899999999999999","17.199999999999999","45.833333333333300"," 5.4833333333333298e+00","747.43333333333305"," 83.166666666666700"," 6.00000000000000000","40.0000000000000000"," 2.8333333333333299e+00","25.7366326404735445976","25.7366326404735445976"
"2016-01-14 15:20:00","  40"," 0","21.600000000000001","40.126666666666701","21.000000000000000","39.163333333333298","21.390000000000001","41.663333333333298","18.823333333333299","42.530000000000001","17.100000000000001","53.500000000000000"," 5.263333333333330089","91.0333333333333030","17.390000000000001","38.000000000000000","17.926666666666701","44.826666666666704","17.133333333333301","45.626666666666701"," 5.4666666666666703e+00","747.46666666666704"," 82.333333333333300"," 6.00000000000000000","40.0000000000000000"," 2.6666666666666701e+00","33.1505483831278979778","33.1505483831278979778"
"2016-01-14 15:30:00","  50"," 0","21.600000000000001","40.060000000000002","21.066666666666698","39.090000000000003","21.390000000000001","41.530000000000001","18.789999999999999","42.500000000000000","17.100000000000001","53.500000000000000"," 5.433333333333330017","90.5966666666667066","17.390000000000001","38.000000000000000","17.890000000000001","44.789999999999999","17.100000000000001","45.363333333333301"," 5.4500000000000002e+00","747.50000000000000"," 81.500000000000000"," 6.00000000000000000","40.0000000000000000"," 2.5000000000000000e+00"," 7.1583293261937797070"," 7.1583293261937797070"
"2016-01-14 15:40:00","  50"," 0","21.600000000000001","40.000000000000000","21.100000000000001","39.090000000000003","21.390000000000001","41.500000000000000","18.789999999999999","42.433333333333302","17.100000000000001","53.500000000000000"," 5.433333333333330017","88.9300000000000068","17.390000000000001","38.000000000000000","17.890000000000001","44.759999999999998","17.100000000000001","45.229999999999997"," 5.4333333333333300e+00","747.53333333333296"," 80.666666666666700"," 6.00000000000000000","40.0000000000000000"," 2.3333333333333299e+00","17.2243696870282292366","17.2243696870282292366"
"2016-01-14 15:50:00","  40"," 0","21.533333333333299","40.000000000000000","21.074999999999999","38.997500000000002","21.323333333333299","41.433333333333302","18.760000000000002","42.363333333333301","17.100000000000001","53.500000000000000"," 5.366666666666669805","85.5300000000000011","17.390000000000001","37.899999999999999","17.890000000000001","44.700000000000003","17.100000000000001","44.966666666666697"," 5.4166666666666696e+00","747.56666666666695"," 79.833333333333300"," 6.00000000000000000","40.0000000000000000"," 2.1666666666666701e+00","20.2881791163235902786","20.2881791163235902786"
"2016-01-14 16:00:00","  30"," 0","21.533333333333299","39.933333333333302","21.000000000000000","38.899999999999999","21.289999999999999","41.399999999999999","18.760000000000002","42.289999999999999","17.100000000000001","53.466666666666697"," 5.272499999999999964","81.3400000000000034","17.390000000000001","37.826666666666704","17.890000000000001","44.590000000000003","17.100000000000001","44.766666666666701"," 5.4000000000000004e+00","747.60000000000002"," 79.000000000000000"," 6.00000000000000000","40.0000000000000000"," 2.0000000000000000e+00"," 4.2655502911657094955"," 4.2655502911657094955"
"2016-01-14 16:10:00","  30"," 0","21.500000000000000","39.789999999999999","21.000000000000000","38.759999999999998","21.230000000000000","41.326666666666704","18.699999999999999","42.259999999999998","17.100000000000001","53.399999999999999"," 5.263333333333330089","80.7966666666666953","17.390000000000001","37.700000000000003","17.890000000000001","44.463333333333303","17.100000000000001","44.560000000000002"," 5.2666666666666702e+00","747.64999999999998"," 78.500000000000000"," 6.16666666666666963","40.0000000000000000"," 1.7833333333333301e+00","46.6285964124836027622","46.6285964124836027622"
"2016-01-14 16:20:00"," 200"," 0","21.500000000000000","39.729999999999997","20.926666666666701","38.700000000000003","21.199999999999999","41.200000000000003","18.699999999999999","42.126666666666701","17.100000000000001","53.363333333333301"," 5.333333333333330373","79.4899999999999949","17.390000000000001","37.626666666666701","17.890000000000001","44.399999999999999","17.033333333333299","44.359999999999999"," 5.1333333333333302e+00","747.70000000000005"," 78.000000000000000"," 6.33333333333333037","40.0000000000000000"," 1.5666666666666700e+00","41.9192033354192972183","41.9192033354192972183"
"2016-01-14 16:30:00"," 450"," 0","21.390000000000001","39.590000000000003","20.890000000000001","38.500000000000000","21.133333333333301","41.200000000000003","18.699999999999999","42.156666666666702","17.100000000000001","53.289999999999999"," 5.400000000000000355","77.9633333333332956","17.390000000000001","37.596666666666700","17.963333333333299","44.799999999999997","17.100000000000001","44.145000000000003"," 5.0000000000000000e+00","747.75000000000000"," 77.500000000000000"," 6.50000000000000000","40.0000000000000000"," 1.3500000000000001e+00","43.9716648077592253685","43.9716648077592253685"
"2016-01-14 16:40:00"," 400"," 0","21.390000000000001","39.796666666666702","20.823333333333299","38.433333333333302","21.163333333333298","42.196666666666701","18.699999999999999","42.289999999999999","17.100000000000001","53.163333333333298"," 5.263333333333330089","75.6566666666666947","17.417500000000000","38.092500000000001","18.000000000000000","45.156666666666702","17.066666666666698","43.930000000000000"," 4.8666666666666698e+00","747.79999999999995"," 77.000000000000000"," 6.66666666666666963","40.0000000000000000"," 1.1333333333333300e+00","46.7856233823113143444","46.7856233823113143444"
"2016-01-14 16:50:00"," 740"," 0","21.390000000000001","40.566666666666698","20.789999999999999","38.289999999999999","21.417500000000000","43.439999999999998","18.699999999999999","42.326666666666704","17.100000000000001","53.030000000000001"," 5.123333333333330408","73.9899999999999949","17.566666666666698","38.399999999999999","18.066666666666698","45.430000000000000","17.000000000000000","43.729999999999997"," 4.7333333333333298e+00","747.85000000000002"," 76.500000000000000"," 6.83333333333333037","40.0000000000000000"," 9.1666666666666696e-01"," 3.6230316734872758389"," 3.6230316734872758389"
"2016-01-14 17:00:00"," 910"," 0","21.463333333333299","41.693333333333300","20.856666666666701","38.363333333333301","21.666666666666700","43.930000000000000","18.699999999999999","42.659999999999997","17.100000000000001","53.000000000000000"," 4.966666666666670338","74.1666666666666998","17.600000000000001","38.530000000000001","18.199999999999999","45.590000000000003","17.000000000000000","43.466666666666697"," 4.5999999999999996e+00","747.89999999999998"," 76.000000000000000"," 7.00000000000000000","40.0000000000000000"," 6.9999999999999996e-01","18.9379720250144600868","18.9379720250144600868"
"2016-01-14 17:10:00"," 610","10","21.633333333333301","45.196666666666701","20.926666666666701","38.596666666666700","21.960000000000001","44.566666666666698","18.633333333333301","43.299999999999997","17.100000000000001","53.000000000000000"," 4.833333333333330373","75.2333333333333059","17.666666666666700","38.663333333333298","18.199999999999999","45.590000000000003","17.000000000000000","43.326666666666704"," 4.5833333333333304e+00","747.93333333333305"," 76.000000000000000"," 6.83333333333333037","40.0000000000000000"," 6.8333333333333302e-01","26.8932461389340460300","26.8932461389340460300"
"2016-01-14 17:20:00"," 510","10","21.760000000000002","47.130000000000003","21.133333333333301","39.063333333333297","22.166666666666700","45.026666666666699","18.699999999999999","44.493333333333297","17.100000000000001","53.126666666666701"," 4.799999999999999822","76.0000000000000000","17.699999999999999","38.700000000000003","18.289999999999999","45.700000000000003","17.000000000000000","43.259999999999998"," 4.5666666666666700e+00","747.96666666666704"," 76.000000000000000"," 6.66666666666666963","40.0000000000000000"," 6.6666666666666696e-01"," 5.2525069331750273705"," 5.2525069331750273705"
"2016-01-14 17:30:00"," 190"," 0","21.945000000000000","45.299999999999997","21.289999999999999","39.530000000000001","22.426666666666701","45.259999999999998","18.699999999999999","45.463333333333303","17.100000000000001","53.333333333333300"," 4.726666666666670125","76.1933333333332996","17.699999999999999","38.626666666666701","18.356666666666701","45.759999999999998","17.000000000000000","43.126666666666701"," 4.5499999999999998e+00","748.00000000000000"," 76.000000000000000"," 6.50000000000000000","40.0000000000000000"," 6.5000000000000002e-01","40.0843852781690657139","40.0843852781690657139"
"2016-01-14 17:40:00"," 110","10","22.000000000000000","43.996666666666698","21.356666666666701","39.530000000000001","22.566666666666698","45.000000000000000","18.760000000000002","45.663333333333298","17.100000000000001","53.600000000000001"," 4.559999999999999609","75.1599999999999966","17.699999999999999","38.560000000000002","18.426666666666701","46.090000000000003","17.000000000000000","43.326666666666704"," 4.5333333333333297e+00","748.03333333333296"," 76.000000000000000"," 6.33333333333333037","40.0000000000000000"," 6.3333333333333297e-01","36.9820872903801500797","36.9820872903801500797"
"2016-01-14 17:50:00"," 100"," 0","22.066666666666698","43.196666666666701","21.500000000000000","39.560000000000002","22.600000000000001","44.159999999999997","18.730000000000000","45.466666666666697","17.100000000000001","53.826666666666704"," 4.559999999999999609","74.7000000000000028","17.633333333333301","38.433333333333302","18.500000000000000","45.963333333333303","17.000000000000000","43.326666666666704"," 4.5166666666666702e+00","748.06666666666695"," 76.000000000000000"," 6.16666666666666963","40.0000000000000000"," 6.1666666666666703e-01"," 2.6074506691657006741"," 2.6074506691657006741"
"2016-01-14 18:00:00","  90","10","22.100000000000001","42.363333333333301","21.566666666666698","39.359999999999999","22.533333333333299","43.766666666666701","18.745000000000001","45.295000000000002","17.100000000000001","53.899999999999999"," 4.589999999999999858","74.6333333333332973","17.699999999999999","38.500000000000000","18.600000000000001","45.759999999999998","17.000000000000000","43.163333333333298"," 4.5000000000000000e+00","748.10000000000002"," 76.000000000000000"," 6.00000000000000000","40.0000000000000000"," 5.9999999999999998e-01","24.1084786597639322281","24.1084786597639322281"
"2016-01-14 18:10:00"," 110","10","22.100000000000001","41.890000000000001","21.633333333333301","39.163333333333298","22.390000000000001","43.399999999999999","18.789999999999999","45.126666666666701","17.100000000000001","53.933333333333302"," 4.656666666666669840","73.4266666666667049","17.699999999999999","38.433333333333302","18.600000000000001","45.626666666666701","17.000000000000000","42.963333333333303"," 4.4166666666666696e+00","748.16666666666697"," 76.166666666666700"," 6.16666666666666963","40.0000000000000000"," 5.5000000000000004e-01","46.0258920327760279179","46.0258920327760279179"
"2016-01-14 18:20:00"," 100"," 0","22.133333333333301","41.430000000000000","21.699999999999999","39.030000000000001","22.323333333333299","43.126666666666701","18.789999999999999","44.966666666666697","17.100000000000001","54.000000000000000"," 4.690000000000000391","74.1333333333332973","17.699999999999999","38.399999999999999","18.699999999999999","45.663333333333298","16.926666666666701","42.759999999999998"," 4.3333333333333304e+00","748.23333333333301"," 76.333333333333300"," 6.33333333333333037","40.0000000000000000"," 5.0000000000000000e-01"," 2.0764214452356100082"," 2.0764214452356100082"
"2016-01-14 18:30:00"," 110","10","22.199999999999999","41.156666666666702","21.699999999999999","38.899999999999999","22.260000000000002","42.833333333333300","18.789999999999999","44.826666666666704","17.100000000000001","53.966666666666697"," 4.623333333333330408","72.9933333333332968","17.699999999999999","38.399999999999999","18.760000000000002","45.530000000000001","16.926666666666701","42.626666666666701"," 4.2500000000000000e+00","748.29999999999995"," 76.500000000000000"," 6.50000000000000000","40.0000000000000000"," 4.5000000000000001e-01","14.6995899500325322151","14.6995899500325322151"
"2016-01-14 18:40:00"," 100","10","22.100000000000001","40.833333333333300","21.699999999999999","38.722499999999997","22.199999999999999","42.500000000000000","18.789999999999999","44.700000000000003","17.100000000000001","53.899999999999999"," 4.466666666666670338","71.2566666666667032","17.699999999999999","38.363333333333301","18.789999999999999","45.450000000000003","16.890000000000001","42.466666666666697"," 4.1666666666666696e+00","748.36666666666702"," 76.666666666666700"," 6.66666666666666963","40.0000000000000000"," 4.0000000000000002e-01","25.0425243633799254894","25.0425243633799254894"
"2016-01-14 18:50:00"," 790","10","22.166666666666700","40.500000000000000","21.699999999999999","38.626666666666701","22.166666666666700","42.133333333333297","18.789999999999999","44.626666666666701","17.100000000000001","53.899999999999999"," 4.297500000000000320","71.7450000000000045","17.699999999999999","38.430000000000000","18.823333333333299","45.399999999999999","16.890000000000001","42.326666666666704"," 4.0833333333333304e+00","748.43333333333305"," 76.833333333333300"," 6.83333333333333037","40.0000000000000000"," 3.4999999999999998e-01","30.4874467547051608562","30.4874467547051608562"
"2016-01-14 19:00:00"," 380","10","22.199999999999999","40.693333333333300","21.699999999999999","38.590000000000003","22.100000000000001","42.060000000000002","18.789999999999999","44.590000000000003","17.100000000000001","53.826666666666704"," 4.190000000000000391","72.4633333333332956","17.699999999999999","38.766666666666701","18.823333333333299","45.326666666666704","16.890000000000001","42.163333333333298"," 4.0000000000000000e+00","748.50000000000000"," 77.000000000000000"," 7.00000000000000000","40.0000000000000000"," 2.9999999999999999e-01","13.2124524796381592751","13.2124524796381592751"
"2016-01-14 19:10:00"," 360","10","22.260000000000002","41.833333333333300","21.699999999999999","38.792499999999997","22.100000000000001","42.229999999999997","18.789999999999999","44.590000000000003","17.100000000000001","53.899999999999999"," 4.263333333333330089","72.7000000000000028","17.760000000000002","38.899999999999999","18.890000000000001","45.289999999999999","16.890000000000001","42.030000000000001"," 3.8999999999999999e+00","748.54999999999995"," 78.500000000000000"," 7.16666666666666963","40.0000000000000000"," 4.6666666666666701e-01","21.1549304774962365627","21.1549304774962365627"
"2016-01-14 19:20:00"," 360","10","22.323333333333299","42.563333333333297","21.699999999999999","39.133333333333297","22.100000000000001","42.363333333333301","18.789999999999999","44.729999999999997","17.100000000000001","53.899999999999999"," 4.190000000000000391","73.7666666666666941","17.789999999999999","38.833333333333300","18.890000000000001","45.229999999999997","16.890000000000001","41.863333333333301"," 3.7999999999999998e+00","748.60000000000002"," 80.000000000000000"," 7.33333333333333037","40.0000000000000000"," 6.3333333333333297e-01","18.3281808160245418549","18.3281808160245418549"
"2016-01-14 19:30:00"," 100","10","22.463333333333299","47.763333333333300","21.730000000000000","39.633333333333297","22.000000000000000","42.530000000000001","18.789999999999999","45.063333333333297","17.100000000000001","54.030000000000001"," 3.966666666666669894","74.2600000000000051","17.730000000000000","38.566666666666698","19.000000000000000","45.026666666666699","16.864999999999998","41.740000000000002"," 3.7000000000000002e+00","748.64999999999998"," 81.500000000000000"," 7.50000000000000000","40.0000000000000000"," 8.0000000000000004e-01","47.1252661198377609253","47.1252661198377609253"
"2016-01-14 19:40:00"," 100","10","22.730000000000000","46.859999999999999","21.789999999999999","40.359999999999999","22.066666666666698","43.123333333333299","18.890000000000001","46.433333333333302","17.100000000000001","54.296666666666702"," 3.899999999999999911","74.9266666666667049","17.760000000000002","38.193333333333300","18.926666666666701","44.693333333333300","16.856666666666701","41.663333333333298"," 3.6000000000000001e+00","748.70000000000005"," 83.000000000000000"," 7.66666666666666963","40.0000000000000000"," 9.6666666666666701e-01"," 6.1861782567575573921"," 6.1861782567575573921"
"2016-01-14 19:50:00","  90","10","22.789999999999999","45.526666666666699","21.823333333333299","41.156666666666702","22.066666666666698","43.399999999999999","18.890000000000001","47.026666666666699","17.199999999999999","54.799999999999997"," 3.933333333333330017","74.9666666666666970","17.699999999999999","37.820000000000000","18.926666666666701","44.729999999999997","16.890000000000001","41.590000000000003"," 3.5000000000000000e+00","748.75000000000000"," 84.500000000000000"," 7.83333333333333037","40.0000000000000000"," 1.1333333333333300e+00"," 3.5016339621506631374"," 3.5016339621506631374"
"2016-01-14 20:00:00","  90","20","22.789999999999999","44.833333333333300","21.890000000000001","40.956666666666699","22.000000000000000","43.466666666666697","18.963333333333299","47.229999999999997","17.199999999999999","55.000000000000000"," 4.000000000000000000","75.2266666666667021","17.699999999999999","37.566666666666698","19.000000000000000","44.789999999999999","16.963333333333299","42.863333333333301"," 3.3999999999999999e+00","748.79999999999995"," 86.000000000000000"," 8.00000000000000000","40.0000000000000000"," 1.3000000000000000e+00","48.2158518978394567966","48.2158518978394567966"
"2016-01-14 20:10:00"," 110","10","22.730000000000000","44.100000000000001","21.789999999999999","40.460000000000001","22.000000000000000","43.590000000000003","18.890000000000001","47.289999999999999","17.633333333333301","66.359999999999999"," 4.000000000000000000","74.7999999999999972","17.833333333333300","39.323333333333302","19.100000000000001","45.133333333333297","16.981666666666701","43.576666666666704"," 3.5000000000000000e+00","748.85000000000002"," 83.333333333333300"," 8.33333333333333037","40.0000000000000000"," 9.1666666666666696e-01","22.1255054115317761898","22.1255054115317761898"
"2016-01-14 20:20:00"," 140","30","22.699999999999999","43.296666666666702","21.789999999999999","40.126666666666701","22.000000000000000","43.560000000000002","18.963333333333299","47.133333333333297","19.300000000000001","86.033333333333303"," 4.000000000000000000","73.3266666666666964","18.366666666666699","42.123333333333299","19.100000000000001","45.466666666666697","17.000000000000000","44.289999999999999"," 3.6000000000000001e+00","748.89999999999998"," 80.666666666666700"," 8.66666666666666963","40.0000000000000000"," 5.3333333333333299e-01","18.5136190149933099747","18.5136190149933099747"
"2016-01-14 20:30:00"," 110","20","22.699999999999999","42.890000000000001","21.699999999999999","40.193333333333300","22.000000000000000","43.500000000000000","18.890000000000001","46.859999999999999","18.660000000000000","83.000000000000000"," 4.123333333333330408","69.7000000000000028","18.859999999999999","42.726666666666702","19.100000000000001","46.359999999999999","17.000000000000000","44.229999999999997"," 3.7000000000000002e+00","748.95000000000005"," 78.000000000000000"," 9.00000000000000000","40.0000000000000000"," 1.4999999999999999e-01"," 8.5121790063567459583"," 8.5121790063567459583"
"2016-01-14 20:40:00"," 100","20","22.699999999999999","43.066666666666698","21.699999999999999","40.600000000000001","22.000000000000000","43.399999999999999","18.963333333333299","46.663333333333298","18.399999999999999","74.926666666666705"," 4.190000000000000391","68.0999999999999943","19.133333333333301","43.133333333333297","19.166666666666700","46.633333333333297","17.000000000000000","43.899999999999999"," 3.7999999999999998e+00","749.00000000000000"," 75.333333333333300"," 9.33333333333333037","40.0000000000000000","-2.3333333333333300e-01"," 2.7095214696601033211"," 2.7095214696601033211"
"2016-01-14 20:50:00"," 110","20","22.699999999999999","43.070000000000000","21.699999999999999","41.000000000000000","22.000000000000000","43.399999999999999","18.890000000000001","46.463333333333303","18.795000000000002","63.500000000000000"," 4.299999999999999822","65.5633333333333042","19.323333333333299","43.466666666666697","19.230000000000000","46.700000000000003","17.000000000000000","43.500000000000000"," 3.8999999999999999e+00","749.04999999999995"," 72.666666666666700"," 9.66666666666666963","40.0000000000000000","-6.1666666666666603e-01","32.8914034646004438400","32.8914034646004438400"
"2016-01-14 21:00:00"," 130","20","22.699999999999999","42.633333333333297","21.760000000000002","41.000000000000000","21.926666666666701","43.399999999999999","18.890000000000001","46.266666666666701","19.129999999999999","68.663333333333298"," 4.299999999999999822","63.5633333333332970","19.390000000000001","43.326666666666704","19.289999999999999","46.700000000000003","16.963333333333299","43.100000000000001"," 4.0000000000000000e+00","749.10000000000002"," 70.000000000000000","10.00000000000000000","40.0000000000000000","-1.0000000000000000e+00","28.9080958347767591476","28.9080958347767591476"
"2016-01-14 21:10:00"," 140","30","22.730000000000000","41.930000000000000","21.789999999999999","40.729999999999997","21.926666666666701","43.326666666666704","19.022500000000001","46.922499999999999","19.323333333333299","79.463333333333296"," 4.190000000000000391","62.4900000000000020","19.533333333333299","43.066666666666698","19.426666666666701","46.560000000000002","16.890000000000001","42.766666666666701"," 3.9166666666666701e+00","749.16666666666697"," 70.000000000000000"," 9.66666666666666963","40.0000000000000000","-1.0833333333333299e+00","49.3550881976261734962","49.3550881976261734962"
"2016-01-14 21:20:00"," 130","20","22.789999999999999","41.789999999999999","21.789999999999999","40.930000000000000","21.890000000000001","43.163333333333298","19.260000000000002","47.229999999999997","19.323333333333299","65.363333333333301"," 4.123333333333330408","61.8966666666666967","19.666666666666700","43.466666666666697","19.500000000000000","46.226666666666702","16.890000000000001","42.333333333333300"," 3.8333333333333299e+00","749.23333333333301"," 70.000000000000000"," 9.33333333333333037","40.0000000000000000","-1.1666666666666701e+00","30.1896200748160481453","30.1896200748160481453"
"2016-01-14 21:30:00"," 120","20","22.789999999999999","41.789999999999999","21.789999999999999","41.090000000000003","21.890000000000001","43.090000000000003","19.289999999999999","46.766666666666701","19.390000000000001","58.696666666666701"," 3.895000000000000018","61.3400000000000034","19.666666666666700","42.566666666666698","19.699999999999999","45.796666666666702","16.890000000000001","42.066666666666698"," 3.7500000000000000e+00","749.29999999999995"," 70.000000000000000"," 9.00000000000000000","40.0000000000000000","-1.2500000000000000e+00"," 3.2474959385581314564"," 3.2474959385581314564"
"2016-01-14 21:40:00"," 100","10","22.789999999999999","41.729999999999997","21.856666666666701","41.163333333333298","21.789999999999999","42.966666666666697","19.230000000000000","46.299999999999997","19.533333333333299","55.156666666666702"," 3.663333333333330000","62.0933333333332982","19.533333333333299","41.633333333333297","19.760000000000002","45.390000000000001","16.890000000000001","41.723333333333301"," 3.6666666666666701e+00","749.36666666666702"," 70.000000000000000"," 8.66666666666666963","40.0000000000000000","-1.3333333333333299e+00"," 8.1054540933109819889"," 8.1054540933109819889"
"2016-01-14 21:50:00","  80"," 0","22.789999999999999","41.560000000000002","21.890000000000001","41.000000000000000","21.789999999999999","42.899999999999999","19.199999999999999","46.126666666666701","19.600000000000001","53.490000000000002"," 3.589999999999999858","61.7000000000000028","19.356666666666701","40.733333333333299","19.789999999999999","44.966666666666697","16.890000000000001","41.463333333333303"," 3.5833333333333299e+00","749.43333333333305"," 70.000000000000000"," 8.33333333333333037","40.0000000000000000","-1.4166666666666701e+00","23.7698960234411060810","23.7698960234411060810"
"2016-01-14 22:00:00","  50","10","22.789999999999999","41.500000000000000","21.890000000000001","40.859999999999999","21.789999999999999","42.789999999999999","19.199999999999999","46.126666666666701","19.699999999999999","51.863333333333301"," 3.626666666666670036","62.3999999999999986","19.230000000000000","40.133333333333297","19.789999999999999","44.795000000000002","16.890000000000001","41.133333333333297"," 3.5000000000000000e+00","749.50000000000000"," 70.000000000000000"," 8.00000000000000000","40.0000000000000000","-1.5000000000000000e+00"," 0.0966417370364069939"," 0.0966417370364069939"
"2016-01-14 22:10:00","  50"," 0","22.926666666666701","41.033333333333303","22.100000000000001","40.433333333333302","21.730000000000000","42.863333333333301","19.199999999999999","45.833333333333300","19.566666666666698","52.390000000000001"," 3.700000000000000178","62.3266666666667035","19.100000000000001","39.430000000000000","19.730000000000000","44.899999999999999","16.890000000000001","41.466666666666697"," 3.1499999999999999e+00","749.51666666666699"," 73.666666666666700"," 7.83333333333333037","37.1666666666666998","-1.2000000000000000e+00","22.0729571534320712090","22.0729571534320712090"
"2016-01-14 22:20:00","  50"," 0","23.066666666666698","40.426666666666698","22.175000000000001","39.750000000000000","21.666666666666700","43.000000000000000","19.133333333333301","45.626666666666701","19.260000000000002","53.696666666666701"," 3.663333333333330000","61.5666666666666984","19.033333333333299","39.363333333333301","19.699999999999999","45.633333333333297","17.000000000000000","43.396666666666697"," 2.7999999999999998e+00","749.53333333333296"," 77.333333333333300"," 7.66666666666666963","34.3333333333333002","-9.0000000000000002e-01","13.0464868620038032532","13.0464868620038032532"
"2016-01-14 22:30:00","  40"," 0","23.199999999999999","40.163333333333298","22.260000000000002","39.700000000000003","21.600000000000001","43.000000000000000","19.100000000000001","45.560000000000002","19.133333333333301","54.423333333333296"," 3.463333333333329822","64.5666666666667055","19.000000000000000","39.729999999999997","19.699999999999999","46.100000000000001","17.000000000000000","44.063333333333297"," 2.4500000000000002e+00","749.54999999999995"," 81.000000000000000"," 7.50000000000000000","31.5000000000000000","-5.9999999999999998e-01","46.9206872745417058468","46.9206872745417058468"
"2016-01-14 22:40:00","  50"," 0","23.260000000000002","40.090000000000003","22.390000000000001","39.663333333333298","21.566666666666698","43.000000000000000","19.033333333333299","45.299999999999997","19.000000000000000","55.000000000000000"," 2.959999999999999964","70.6666666666666998","18.926666666666701","39.930000000000000","19.699999999999999","46.656666666666702","17.000000000000000","44.744999999999997"," 2.1000000000000001e+00","749.56666666666695"," 84.666666666666700"," 7.33333333333333037","28.6666666666666998","-2.9999999999999999e-01","35.7916641863994300365","35.7916641863994300365"
"2016-01-14 22:50:00","  50"," 0","23.390000000000001","40.060000000000002","22.463333333333299","39.663333333333298","21.500000000000000","43.060000000000002","19.000000000000000","45.133333333333297","19.000000000000000","55.333333333333300"," 2.500000000000000000","74.8666666666667027","18.890000000000001","40.229999999999997","19.699999999999999","46.930000000000000","17.100000000000001","45.326666666666704"," 1.7500000000000000e+00","749.58333333333303"," 88.333333333333300"," 7.16666666666666963","25.8333333333333002"," 0.0000000000000000e+00"," 8.1542739178985357285"," 8.1542739178985357285"
"2016-01-14 23:00:00","  50"," 0","23.390000000000001","40.000000000000000","22.600000000000001","39.663333333333298","21.463333333333299","43.000000000000000","18.926666666666701","44.933333333333302","18.890000000000001","55.626666666666701"," 2.133333333333330195","78.3666666666667027","18.815000000000001","40.397500000000001","19.699999999999999","47.266666666666701","17.100000000000001","45.526666666666699"," 1.3999999999999999e+00","749.60000000000002"," 92.000000000000000"," 7.00000000000000000","23.0000000000000000"," 2.9999999999999999e-01","23.8094009226188063622","23.8094009226188063622"
"2016-01-14 23:10:00","  40"," 0","23.500000000000000","40.000000000000000","22.666666666666700","39.663333333333298","21.390000000000001","43.060000000000002","18.890000000000001","44.759999999999998","18.890000000000001","55.759999999999998"," 1.933333333333330017","80.4933333333332968","18.789999999999999","40.560000000000002","19.699999999999999","47.526666666666699","17.100000000000001","45.626666666666701"," 1.3000000000000000e+00","749.54999999999995"," 92.333333333333300"," 7.33333333333333037","27.8333333333333002"," 2.5000000000000000e-01","34.5128361484967172146","34.5128361484967172146"
"2016-01-14 23:20:00","  30"," 0","23.566666666666698","39.933333333333302","22.699999999999999","39.590000000000003","21.390000000000001","43.145000000000003","18.823333333333299","44.626666666666701","18.789999999999999","55.789999999999999"," 1.790000000000000036","83.4666666666666970","18.699999999999999","40.729999999999997","19.699999999999999","47.766666666666701","17.100000000000001","45.759999999999998"," 1.2000000000000000e+00","749.50000000000000"," 92.666666666666700"," 7.66666666666666963","32.6666666666666998"," 2.0000000000000001e-01","23.0447589769028127193","23.0447589769028127193"
"2016-01-14 23:30:00","  30"," 0","23.600000000000001","39.789999999999999","22.699999999999999","39.590000000000003","21.390000000000001","43.163333333333298","18.789999999999999","44.466666666666697","18.789999999999999","55.863333333333301"," 1.729999999999999982","85.1933333333332996","18.699999999999999","40.789999999999999","19.699999999999999","48.026666666666699","17.100000000000001","45.826666666666704"," 1.1000000000000001e+00","749.45000000000005"," 93.000000000000000"," 8.00000000000000000","37.5000000000000000"," 1.4999999999999999e-01","47.7573369164019823074","47.7573369164019823074"
"2016-01-14 23:40:00","  40"," 0","23.600000000000001","39.729999999999997","22.730000000000000","39.500000000000000","21.323333333333299","43.090000000000003","18.789999999999999","44.326666666666704","18.789999999999999","55.826666666666704"," 1.566666666666669983","87.3333333333333002","18.666666666666700","40.899999999999999","19.699999999999999","48.390000000000001","17.100000000000001","45.899999999999999"," 1.0000000000000000e+00","749.39999999999998"," 93.333333333333300"," 8.33333333333333037","42.3333333333333002"," 1.0000000000000001e-01","35.6270061223767697811","35.6270061223767697811"
"2016-01-14 23:50:00","  40"," 0","23.600000000000001","39.663333333333298","22.789999999999999","39.500000000000000","21.260000000000002","43.060000000000002","18.760000000000002","44.259999999999998","18.730000000000000","55.826666666666704"," 1.500000000000000000","88.5999999999999943","18.600000000000001","40.899999999999999","19.699999999999999","48.723333333333301","17.100000000000001","45.933333333333302"," 9.0000000000000002e-01","749.35000000000002"," 93.666666666666700"," 8.66666666666666963","47.1666666666666998"," 5.0000000000000003e-02","19.8573966627009212971","19.8573966627009212971"
"2016-01-15 00:00:00","  50"," 0","23.666666666666700","39.663333333333298","22.789999999999999","39.466666666666697","21.199999999999999","43.060000000000002","18.699999999999999","44.200000000000003","18.745000000000001","55.789999999999999"," 1.389999999999999902","89.4666666666666970","18.600000000000001","41.266666666666701","19.699999999999999","48.826666666666704","17.100000000000001","46.000000000000000"," 8.0000000000000004e-01","749.29999999999995"," 94.000000000000000"," 9.00000000000000000","52.0000000000000000"," 0.0000000000000000e+00"," 5.8860306045971810818"," 5.8860306045971810818"
"2016-01-15 00:10:00","  60"," 0","23.699999999999999","39.590000000000003","22.789999999999999","39.399999999999999","21.199999999999999","43.200000000000003","18.699999999999999","44.090000000000003","18.699999999999999","55.789999999999999"," 1.389999999999999902","90.6449999999999960","18.600000000000001","41.526666666666699","19.699999999999999","48.899999999999999","17.100000000000001","46.090000000000003"," 6.6666666666666696e-01","749.28333333333296"," 95.000000000000000"," 9.16666666666666963","49.0000000000000000"," 0.0000000000000000e+00","12.0058136526495218277","12.0058136526495218277"
"2016-01-15 00:20:00","  50"," 0","23.699999999999999","39.560000000000002","22.789999999999999","39.399999999999999","21.199999999999999","43.259999999999998","18.699999999999999","44.022500000000001","18.633333333333301","55.729999999999997"," 1.389999999999999902","91.7999999999999972","18.600000000000001","41.656666666666702","19.666666666666700","48.930000000000000","17.100000000000001","46.163333333333298"," 5.3333333333333299e-01","749.26666666666699"," 96.000000000000000"," 9.33333333333333037","46.0000000000000000"," 0.0000000000000000e+00","43.1815283256582915783","43.1815283256582915783"
"2016-01-15 00:30:00","  60"," 0","23.699999999999999","39.433333333333302","22.789999999999999","39.326666666666704","21.199999999999999","43.289999999999999","18.699999999999999","43.933333333333302","18.699999999999999","55.700000000000003"," 1.133333333333329973","92.9933333333332968","18.600000000000001","41.863333333333301","19.600000000000001","48.789999999999999","17.100000000000001","46.326666666666704"," 4.0000000000000002e-01","749.25000000000000"," 97.000000000000000"," 9.50000000000000000","43.0000000000000000"," 0.0000000000000000e+00","21.7988200834952294827","21.7988200834952294827"
"2016-01-15 00:40:00","  50"," 0","23.789999999999999","39.259999999999998","22.789999999999999","39.289999999999999","21.199999999999999","43.363333333333301","18.666666666666700","43.863333333333301","18.633333333333301","55.626666666666701"," 0.866666666666667029","94.2666666666666941","18.600000000000001","41.899999999999999","19.566666666666698","48.789999999999999","17.100000000000001","46.399999999999999"," 2.6666666666666700e-01","749.23333333333301"," 98.000000000000000"," 9.66666666666666963","40.0000000000000000"," 0.0000000000000000e+00","24.8934025992639362812","24.8934025992639362812"
"2016-01-15 00:50:00","  50"," 0","23.789999999999999","39.200000000000003","22.789999999999999","39.229999999999997","21.199999999999999","43.289999999999999","18.600000000000001","43.729999999999997","18.666666666666700","55.560000000000002"," 0.666666666666666963","94.5300000000000011","18.600000000000001","41.899999999999999","19.500000000000000","48.789999999999999","17.133333333333301","46.500000000000000"," 1.3333333333333300e-01","749.21666666666704"," 99.000000000000000"," 9.83333333333333037","37.0000000000000000"," 0.0000000000000000e+00","34.5963836065493524075","34.5963836065493524075"
"2016-01-15 01:00:00","  50"," 0","23.789999999999999","39.163333333333298","22.789999999999999","39.200000000000003","21.199999999999999","43.289999999999999","18.600000000000001","43.700000000000003","18.600000000000001","55.433333333333302"," 0.599999999999999978","94.6566666666666947","18.600000000000001","42.000000000000000","19.500000000000000","48.933333333333302","17.199999999999999","46.560000000000002"," 0.0000000000000000e+00","749.20000000000005","100.000000000000000","10.00000000000000000","34.0000000000000000"," 0.0000000000000000e+00","38.0156640894711017609","38.0156640894711017609"
"2016-01-15 01:10:00","  50"," 0","23.730000000000000","39.090000000000003","22.789999999999999","39.200000000000003","21.199999999999999","43.289999999999999","18.600000000000001","43.700000000000003","18.600000000000001","55.363333333333301"," 0.500000000000000000","94.6566666666666947","18.600000000000001","42.000000000000000","19.500000000000000","49.217500000000001","17.199999999999999","46.729999999999997"," 6.6666666666666693e-02","749.23333333333301"," 99.833333333333300","10.00000000000000000","38.6666666666666998"," 3.3333333333333298e-02"," 7.7700611320324242115"," 7.7700611320324242115"
"2016-01-15 01:20:00","  50"," 0","23.699999999999999","39.090000000000003","22.789999999999999","39.126666666666701","21.199999999999999","43.289999999999999","18.566666666666698","43.560000000000002","18.600000000000001","55.289999999999999"," 0.500000000000000000","94.5900000000000034","18.566666666666698","42.090000000000003","19.500000000000000","49.363333333333301","17.199999999999999","46.863333333333301"," 1.3333333333333300e-01","749.26666666666699"," 99.666666666666700","10.00000000000000000","43.3333333333333002"," 6.6666666666666693e-02","42.4728546524420380592","42.4728546524420380592"
"2016-01-15 01:30:00","  50"," 0","23.699999999999999","39.030000000000001","22.789999999999999","39.126666666666701","21.199999999999999","43.289999999999999","18.500000000000000","43.500000000000000","18.600000000000001","55.289999999999999"," 0.533333333333332993","94.5900000000000034","18.500000000000000","42.163333333333298","19.500000000000000","49.399999999999999","17.199999999999999","47.000000000000000"," 2.0000000000000001e-01","749.29999999999995"," 99.500000000000000","10.00000000000000000","48.0000000000000000"," 1.0000000000000001e-01","47.3408909514546394348","47.3408909514546394348"
"2016-01-15 01:40:00","  60"," 0","23.699999999999999","39.090000000000003","22.699999999999999","39.090000000000003","21.199999999999999","43.363333333333301","18.500000000000000","43.500000000000000","18.600000000000001","55.289999999999999"," 0.599999999999999978","94.5300000000000011","18.500000000000000","42.229999999999997","19.500000000000000","49.399999999999999","17.199999999999999","47.060000000000002"," 2.6666666666666700e-01","749.33333333333303"," 99.333333333333300","10.00000000000000000","52.6666666666666998"," 1.3333333333333300e-01","29.4209595187567174435","29.4209595187567174435"
"2016-01-15 01:50:00","  50"," 0","23.633333333333301","39.030000000000001","22.699999999999999","39.090000000000003","21.199999999999999","43.399999999999999","18.500000000000000","43.433333333333302","18.600000000000001","55.163333333333298"," 0.633333333333332971","94.5300000000000011","18.500000000000000","42.363333333333301","19.390000000000001","49.399999999999999","17.199999999999999","47.200000000000003"," 3.3333333333333298e-01","749.36666666666702"," 99.166666666666700","10.00000000000000000","57.3333333333333002"," 1.6666666666666699e-01","25.1125407638028264046","25.1125407638028264046"
"2016-01-15 02:00:00","  50"," 0","23.600000000000001","39.030000000000001","22.699999999999999","39.090000000000003","21.199999999999999","43.466666666666697","18.500000000000000","43.399999999999999","18.533333333333299","55.090000000000003"," 0.699999999999999956","94.5900000000000034","18.500000000000000","42.399999999999999","19.390000000000001","49.399999999999999","17.199999999999999","47.289999999999999"," 4.0000000000000002e-01","749.39999999999998"," 99.000000000000000","10.00000000000000000","62.0000000000000000"," 2.0000000000000001e-01"," 9.4889958854764699936"," 9.4889958854764699936"
"2016-01-15 02:10:00","  50"," 0","23.600000000000001","39.090000000000003","22.600000000000001","39.000000000000000","21.199999999999999","43.466666666666697","18.500000000000000","43.399999999999999","18.500000000000000","55.090000000000003"," 0.833333333333333037","94.6233333333333064","18.500000000000000","42.399999999999999","19.390000000000001","49.399999999999999","17.199999999999999","47.363333333333301"," 5.5000000000000004e-01","749.51666666666699"," 97.833333333333300","10.16666666666669983","55.5000000000000000"," 2.0000000000000001e-01"," 0.0918429112061858177"," 0.0918429112061858177"
"2016-01-15 02:20:00","  50"," 0","23.500000000000000","39.090000000000003","22.600000000000001","39.000000000000000","21.199999999999999","43.399999999999999","18.500000000000000","43.399999999999999","18.500000000000000","55.030000000000001"," 0.900000000000000022","94.6899999999999977","18.500000000000000","42.399999999999999","19.390000000000001","49.466666666666697","17.199999999999999","47.399999999999999"," 6.9999999999999996e-01","749.63333333333298"," 96.666666666666700","10.33333333333330017","49.0000000000000000"," 2.0000000000000001e-01","43.8789031119085848331","43.8789031119085848331"
"2016-01-15 02:30:00","  40"," 0","23.426666666666701","39.090000000000003","22.500000000000000","39.090000000000003","21.199999999999999","43.399999999999999","18.500000000000000","43.399999999999999","18.500000000000000","55.000000000000000"," 1.033333333333330106","94.6233333333333064","18.500000000000000","42.399999999999999","19.390000000000001","49.530000000000001","17.199999999999999","47.399999999999999"," 8.4999999999999998e-01","749.75000000000000"," 95.500000000000000","10.50000000000000000","42.5000000000000000"," 2.0000000000000001e-01"," 6.7055668914690613747"," 6.7055668914690613747"
"2016-01-15 02:40:00","  50"," 0","23.390000000000001","39.229999999999997","22.426666666666701","39.030000000000001","21.199999999999999","43.399999999999999","18.463333333333299","43.259999999999998","18.500000000000000","55.000000000000000"," 1.166666666666670071","94.6899999999999977","18.500000000000000","42.399999999999999","19.390000000000001","49.590000000000003","17.199999999999999","47.500000000000000"," 1.0000000000000000e+00","749.86666666666702"," 94.333333333333300","10.66666666666669983","36.0000000000000000"," 2.0000000000000001e-01"," 1.1370612075552344322"," 1.1370612075552344322"
"2016-01-15 02:50:00","  40"," 0","23.323333333333299","39.363333333333301","22.390000000000001","39.000000000000000","21.199999999999999","43.399999999999999","18.390000000000001","43.200000000000003","18.500000000000000","54.899999999999999"," 1.290000000000000036","94.7999999999999972","18.500000000000000","42.326666666666704","19.390000000000001","49.590000000000003","17.260000000000002","47.560000000000002"," 1.1499999999999999e+00","749.98333333333301"," 93.166666666666700","10.83333333333330017","29.5000000000000000"," 2.0000000000000001e-01","46.9568353029899299145","46.9568353029899299145"
"2016-01-15 03:00:00","  30"," 0","23.289999999999999","39.500000000000000","22.323333333333299","39.060000000000002","21.230000000000000","43.433333333333302","18.390000000000001","43.126666666666701","18.500000000000000","54.826666666666704"," 1.323333333333329920","94.6899999999999977","18.500000000000000","42.466666666666697","19.390000000000001","49.590000000000003","17.230000000000000","47.530000000000001"," 1.3000000000000000e+00","750.10000000000002"," 92.000000000000000","11.00000000000000000","23.0000000000000000"," 2.0000000000000001e-01","14.6474361419677734375","14.6474361419677734375"
"2016-01-15 03:10:00","  40"," 0","23.230000000000000","39.433333333333302","22.260000000000002","39.060000000000002","21.289999999999999","43.500000000000000","18.390000000000001","43.200000000000003","18.463333333333299","54.759999999999998"," 1.389999999999999902","94.6899999999999977","18.500000000000000","42.500000000000000","19.390000000000001","49.590000000000003","17.289999999999999","47.663333333333298"," 1.5333333333333301e+00","750.21666666666704"," 90.500000000000000","10.83333333333330017","23.3333333333333002"," 1.6666666666666699e-01"," 8.2163287210278213024"," 8.2163287210278213024"
"2016-01-15 03:20:00","  30"," 0","23.199999999999999","39.500000000000000","22.199999999999999","39.060000000000002","21.260000000000002","43.560000000000002","18.390000000000001","43.090000000000003","18.390000000000001","54.672499999999999"," 1.389999999999999902","94.7633333333333070","18.500000000000000","42.500000000000000","19.390000000000001","49.590000000000003","17.289999999999999","47.700000000000003"," 1.7666666666666699e+00","750.33333333333303"," 89.000000000000000","10.66666666666669983","23.6666666666666998"," 1.3333333333333300e-01","19.9551277910359203815","19.9551277910359203815"
"2016-01-15 03:30:00","  60"," 0","23.133333333333301","39.433333333333302","22.166666666666700","39.090000000000003","21.199999999999999","43.500000000000000","18.390000000000001","43.090000000000003","18.390000000000001","54.590000000000003"," 1.463333333333330044","94.8299999999999983","18.500000000000000","42.500000000000000","19.390000000000001","49.560000000000002","17.289999999999999","47.700000000000003"," 2.0000000000000000e+00","750.45000000000005"," 87.500000000000000","10.50000000000000000","24.0000000000000000"," 1.0000000000000001e-01","22.9787706048227846622","22.9787706048227846622"
"2016-01-15 03:40:00","  50"," 0","23.100000000000001","39.450000000000003","22.100000000000001","39.090000000000003","21.230000000000000","43.530000000000001","18.390000000000001","43.090000000000003","18.390000000000001","54.560000000000002"," 1.633333333333329973","94.9000000000000057","18.500000000000000","42.433333333333302","19.390000000000001","49.500000000000000","17.289999999999999","47.700000000000003"," 2.2333333333333298e+00","750.56666666666695"," 86.000000000000000","10.33333333333330017","24.3333333333333002"," 6.6666666666666693e-02","21.7015424277633428574","21.7015424277633428574"
"2016-01-15 03:50:00","  50"," 0","23.000000000000000","39.399999999999999","22.000000000000000","39.090000000000003","21.289999999999999","43.590000000000003","18.323333333333299","43.060000000000002","18.390000000000001","54.500000000000000"," 1.833333333333329929","95.0266666666666993","18.500000000000000","42.626666666666701","19.356666666666701","49.466666666666697","17.289999999999999","47.700000000000003"," 2.4666666666666699e+00","750.68333333333305"," 84.500000000000000","10.16666666666669983","24.6666666666666998"," 3.3333333333333298e-02","25.8504913188517093658","25.8504913188517093658"
"2016-01-15 04:00:00","  40"," 0","22.926666666666701","39.399999999999999","21.926666666666701","39.090000000000003","21.289999999999999","43.590000000000003","18.390000000000001","43.000000000000000","18.356666666666701","54.500000000000000"," 1.933333333333330017","95.0633333333333042","18.500000000000000","42.759999999999998","19.289999999999999","49.399999999999999","17.289999999999999","47.700000000000003"," 2.7000000000000002e+00","750.79999999999995"," 83.000000000000000","10.00000000000000000","25.0000000000000000"," 0.0000000000000000e+00","42.3122876323759555817","42.3122876323759555817"
"2016-01-15 04:10:00","  50"," 0","22.890000000000001","39.433333333333302","21.890000000000001","39.126666666666701","21.289999999999999","43.590000000000003","18.390000000000001","43.000000000000000","18.356666666666701","54.500000000000000"," 2.000000000000000000","95.1899999999999977","18.500000000000000","42.759999999999998","19.289999999999999","49.289999999999999","17.289999999999999","47.700000000000003"," 2.7500000000000000e+00","750.88333333333298"," 81.833333333333300","10.00000000000000000","27.5000000000000000","-1.4999999999999999e-01"," 2.7582143200561404228"," 2.7582143200561404228"
"2016-01-15 04:20:00","  60"," 0","22.823333333333299","39.500000000000000","21.823333333333299","39.126666666666701","21.289999999999999","43.626666666666701","18.323333333333299","43.000000000000000","18.289999999999999","54.399999999999999"," 2.000000000000000000","95.3666666666667027","18.500000000000000","42.626666666666701","19.289999999999999","49.229999999999997","17.289999999999999","47.700000000000003"," 2.7999999999999998e+00","750.96666666666704"," 80.666666666666700","10.00000000000000000","30.0000000000000000","-2.9999999999999999e-01","27.7088530594483017921","27.7088530594483017921"
"2016-01-15 04:30:00","  50"," 0","22.789999999999999","39.530000000000001","21.760000000000002","39.090000000000003","21.289999999999999","43.700000000000003","18.323333333333299","42.899999999999999","18.289999999999999","54.399999999999999"," 1.933333333333330017","95.5600000000000023","18.500000000000000","42.560000000000002","19.289999999999999","49.200000000000003","17.289999999999999","47.700000000000003"," 2.8500000000000001e+00","751.04999999999995"," 79.500000000000000","10.00000000000000000","32.5000000000000000","-4.5000000000000001e-01","34.4137618783861398697","34.4137618783861398697"
"2016-01-15 04:40:00","  50"," 0","22.730000000000000","39.590000000000003","21.699999999999999","39.090000000000003","21.289999999999999","43.700000000000003","18.323333333333299","42.899999999999999","18.289999999999999","54.289999999999999"," 1.899999999999999911","95.7600000000000051","18.500000000000000","42.433333333333302","19.289999999999999","49.289999999999999","17.289999999999999","47.590000000000003"," 2.8999999999999999e+00","751.13333333333298"," 78.333333333333300","10.00000000000000000","35.0000000000000000","-5.9999999999999998e-01","32.9028776846826076508","32.9028776846826076508"
"2016-01-15 04:50:00","  50"," 0","22.666666666666700","39.560000000000002","21.699999999999999","39.200000000000003","21.289999999999999","43.626666666666701","18.289999999999999","42.863333333333301","18.289999999999999","54.289999999999999"," 1.899999999999999911","95.9000000000000057","18.463333333333299","42.333333333333300","19.289999999999999","49.289999999999999","17.289999999999999","47.590000000000003"," 2.9500000000000002e+00","751.21666666666704"," 77.166666666666700","10.00000000000000000","37.5000000000000000","-7.5000000000000000e-01","33.1671362626366317272","33.1671362626366317272"
"2016-01-15 05:00:00","  50"," 0","22.600000000000001","39.500000000000000","21.625000000000000","39.145000000000003","21.289999999999999","43.590000000000003","18.289999999999999","42.789999999999999","18.289999999999999","54.259999999999998"," 1.899999999999999911","96.0000000000000000","18.463333333333299","42.200000000000003","19.289999999999999","49.259999999999998","17.289999999999999","47.590000000000003"," 3.0000000000000000e+00","751.29999999999995"," 76.000000000000000","10.00000000000000000","40.0000000000000000","-9.0000000000000002e-01","23.6117101274430751801","23.6117101274430751801"
"2016-01-15 05:10:00","  40"," 0","22.566666666666698","39.500000000000000","21.533333333333299","39.200000000000003","21.289999999999999","43.590000000000003","18.289999999999999","42.789999999999999","18.289999999999999","54.200000000000003"," 2.026666666666669947","96.2000000000000028","18.390000000000001","42.126666666666701","19.289999999999999","49.200000000000003","17.323333333333299","47.590000000000003"," 3.0333333333333301e+00","751.38333333333298"," 75.333333333333300","10.00000000000000000","40.0000000000000000","-9.8333333333333295e-01","48.4764083055779337883","48.4764083055779337883"
"2016-01-15 05:20:00","  50"," 0","22.500000000000000","39.500000000000000","21.500000000000000","39.200000000000003","21.289999999999999","43.590000000000003","18.289999999999999","42.729999999999997","18.260000000000002","54.163333333333298"," 2.266666666666670160","96.3333333333333002","18.390000000000001","42.200000000000003","19.289999999999999","49.200000000000003","17.323333333333299","47.590000000000003"," 3.0666666666666700e+00","751.46666666666704"," 74.666666666666700","10.00000000000000000","40.0000000000000000","-1.0666666666666700e+00","20.1098531368188560009","20.1098531368188560009"
"2016-01-15 05:30:00","  50"," 0","22.390000000000001","39.399999999999999","21.426666666666701","39.200000000000003","21.289999999999999","43.530000000000001","18.230000000000000","42.626666666666701","18.199999999999999","54.090000000000003"," 2.475000000000000089","96.3474999999999966","18.390000000000001","42.200000000000003","19.289999999999999","49.126666666666701","17.323333333333299","47.626666666666701"," 3.1000000000000001e+00","751.54999999999995"," 74.000000000000000","10.00000000000000000","40.0000000000000000","-1.1499999999999999e+00","42.4776051891967654228","42.4776051891967654228"
"2016-01-15 05:40:00","  50"," 0","22.390000000000001","39.399999999999999","21.390000000000001","39.200000000000003","21.289999999999999","43.500000000000000","18.230000000000000","42.566666666666698","18.199999999999999","54.000000000000000"," 2.500000000000000000","95.8566666666666976","18.390000000000001","42.289999999999999","19.260000000000002","49.060000000000002","17.390000000000001","47.700000000000003"," 3.1333333333333302e+00","751.63333333333298"," 73.333333333333300","10.00000000000000000","40.0000000000000000","-1.2333333333333301e+00","37.8322453703731298447","37.8322453703731298447"
"2016-01-15 05:50:00","  60"," 0","22.356666666666701","39.863333333333301","21.323333333333299","39.200000000000003","21.289999999999999","43.500000000000000","18.199999999999999","42.500000000000000","18.199999999999999","54.000000000000000"," 2.399999999999999911","95.1666666666666998","18.390000000000001","42.289999999999999","19.199999999999999","48.933333333333302","17.390000000000001","47.700000000000003"," 3.1666666666666701e+00","751.71666666666704"," 72.666666666666700","10.00000000000000000","40.0000000000000000","-1.3166666666666700e+00","26.6300609684549272060","26.6300609684549272060"
"2016-01-15 06:00:00","  50"," 0","22.289999999999999","39.789999999999999","21.289999999999999","39.289999999999999","21.289999999999999","43.500000000000000","18.199999999999999","42.500000000000000","18.199999999999999","53.966666666666697"," 2.399999999999999911","94.4266666666667049","18.390000000000001","42.326666666666704","19.199999999999999","48.789999999999999","17.390000000000001","47.700000000000003"," 3.2000000000000002e+00","751.79999999999995"," 72.000000000000000","10.00000000000000000","40.0000000000000000","-1.3999999999999999e+00","43.7074830406345427036","43.7074830406345427036"
"2016-01-15 06:10:00","  40"," 0","22.199999999999999","39.700000000000003","21.289999999999999","39.289999999999999","21.289999999999999","43.590000000000003","18.199999999999999","42.399999999999999","18.199999999999999","53.899999999999999"," 2.399999999999999911","93.8633333333333013","18.390000000000001","42.526666666666699","19.199999999999999","48.789999999999999","17.390000000000001","47.700000000000003"," 3.2000000000000002e+00","751.88333333333298"," 72.666666666666700"," 9.83333333333333037","40.0000000000000000","-1.2666666666666699e+00","23.3557557803578674793","23.3557557803578674793"
"2016-01-15 06:20:00","  50"," 0","22.199999999999999","39.700000000000003","21.199999999999999","39.229999999999997","21.289999999999999","43.590000000000003","18.199999999999999","42.399999999999999","18.166666666666700","53.899999999999999"," 2.399999999999999911","93.9233333333333036","18.500000000000000","42.759999999999998","19.199999999999999","48.700000000000003","17.390000000000001","47.700000000000003"," 3.2000000000000002e+00","751.96666666666704"," 73.333333333333300"," 9.66666666666666963","40.0000000000000000","-1.1333333333333300e+00"," 0.4064227687194943428"," 0.4064227687194943428"
"2016-01-15 06:30:00","  50"," 0","22.166666666666700","39.700000000000003","21.199999999999999","39.289999999999999","21.289999999999999","43.590000000000003","18.199999999999999","42.399999999999999","18.100000000000001","53.899999999999999"," 2.399999999999999911","93.1633333333332985","18.500000000000000","42.626666666666701","19.199999999999999","48.759999999999998","17.390000000000001","47.700000000000003"," 3.2000000000000002e+00","752.04999999999995"," 74.000000000000000"," 9.50000000000000000","40.0000000000000000","-1.0000000000000000e+00","36.3883502315729856491","36.3883502315729856491"
"2016-01-15 06:40:00","  50"," 0","22.100000000000001","39.700000000000003","21.100000000000001","39.399999999999999","21.289999999999999","43.590000000000003","18.199999999999999","42.399999999999999","18.100000000000001","53.899999999999999"," 2.466666666666669894","92.6899999999999977","18.390000000000001","42.399999999999999","19.100000000000001","48.826666666666704","17.390000000000001","47.700000000000003"," 3.2000000000000002e+00","752.13333333333298"," 74.666666666666700"," 9.33333333333333037","40.0000000000000000","-8.6666666666666703e-01","35.8294739387929439545","35.8294739387929439545"
"2016-01-15 06:50:00","  30"," 0","22.066666666666698","39.663333333333298","21.100000000000001","39.399999999999999","21.289999999999999","43.590000000000003","18.133333333333301","42.326666666666704","18.100000000000001","53.789999999999999"," 2.500000000000000000","92.5633333333333042","18.390000000000001","42.526666666666699","19.100000000000001","48.899999999999999","17.390000000000001","47.700000000000003"," 3.2000000000000002e+00","752.21666666666704"," 75.333333333333300"," 9.16666666666666963","40.0000000000000000","-7.3333333333333295e-01"," 9.3713185517117381096"," 9.3713185517117381096"
"2016-01-15 07:00:00","  70","10","22.000000000000000","39.617500000000000","21.000000000000000","39.326666666666704","21.289999999999999","43.663333333333298","18.133333333333301","42.289999999999999","18.100000000000001","53.789999999999999"," 2.500000000000000000","92.5633333333333042","18.426666666666701","42.966666666666697","19.133333333333301","49.030000000000001","17.390000000000001","47.700000000000003"," 3.2000000000000002e+00","752.29999999999995"," 76.000000000000000"," 9.00000000000000000","40.0000000000000000","-5.9999999999999998e-01","32.3033638414926826954","32.3033638414926826954"
"2016-01-15 07:10:00","  50","10","21.926666666666701","39.899999999999999","21.000000000000000","39.399999999999999","21.260000000000002","43.560000000000002","18.133333333333301","42.289999999999999","18.100000000000001","53.890000000000001"," 2.500000000000000000","91.8333333333333002","18.500000000000000","43.433333333333302","19.133333333333301","49.223333333333301","17.426666666666701","47.700000000000003"," 3.2000000000000002e+00","752.38333333333298"," 76.333333333333300"," 8.83333333333333037","40.0000000000000000","-5.5000000000000004e-01","27.0989639917388558388","27.0989639917388558388"
"2016-01-15 07:20:00","  50","10","21.890000000000001","40.223333333333301","20.963333333333299","39.399999999999999","21.199999999999999","43.500000000000000","18.100000000000001","42.289999999999999","18.100000000000001","54.363333333333301"," 2.433333333333330017","90.0266666666666993","18.500000000000000","43.163333333333298","19.166666666666700","49.163333333333298","17.426666666666701","47.566666666666698"," 3.2000000000000002e+00","752.46666666666704"," 76.666666666666700"," 8.66666666666666963","40.0000000000000000","-5.0000000000000000e-01","16.7660379898734390736","16.7660379898734390736"
"2016-01-15 07:30:00","  50","10","21.890000000000001","40.296666666666702","20.890000000000001","39.466666666666697","21.199999999999999","43.500000000000000","18.100000000000001","42.289999999999999","18.000000000000000","54.799999999999997"," 2.399999999999999911","88.4666666666666970","18.500000000000000","42.890000000000001","19.100000000000001","49.030000000000001","17.463333333333299","47.399999999999999"," 3.2000000000000002e+00","752.54999999999995"," 77.000000000000000"," 8.50000000000000000","40.0000000000000000","-4.5000000000000001e-01","31.8954361602663993835","31.8954361602663993835"
"2016-01-15 07:40:00","  50"," 0","21.856666666666701","40.363333333333301","20.890000000000001","39.500000000000000","21.199999999999999","43.500000000000000","18.100000000000001","42.289999999999999","18.000000000000000","55.133333333333297"," 2.399999999999999911","88.5333333333333030","18.463333333333299","42.633333333333297","19.100000000000001","48.689999999999998","17.463333333333299","47.200000000000003"," 3.2000000000000002e+00","752.63333333333298"," 77.333333333333300"," 8.33333333333333037","40.0000000000000000","-4.0000000000000002e-01","41.4600531919859349728","41.4600531919859349728"
"2016-01-15 07:50:00","  40","10","21.789999999999999","40.096666666666700","20.823333333333299","39.026666666666699","21.133333333333301","42.333333333333300","18.100000000000001","42.289999999999999","18.000000000000000","55.463333333333303"," 2.399999999999999911","87.4333333333332945","18.390000000000001","42.433333333333302","19.066666666666698","48.430000000000000","17.390000000000001","46.930000000000000"," 3.2000000000000002e+00","752.71666666666704"," 77.666666666666700"," 8.16666666666666963","40.0000000000000000","-3.4999999999999998e-01","35.4487599222920835018","35.4487599222920835018"
"2016-01-15 08:00:00","  50","10","21.633333333333301","36.666666666666700","20.296666666666699","35.696666666666701","20.666666666666700","38.393333333333302","18.100000000000001","42.289999999999999","18.000000000000000","55.723333333333301"," 2.399999999999999911","86.2266666666667021","18.390000000000001","42.163333333333298","19.000000000000000","48.229999999999997","17.390000000000001","46.729999999999997"," 3.2000000000000002e+00","752.79999999999995"," 78.000000000000000"," 8.00000000000000000","40.0000000000000000","-2.9999999999999999e-01","17.4275175435468554497","17.4275175435468554497"
"2016-01-15 08:10:00","  50","10","21.359999999999999","34.399999999999999","19.629999999999999","33.289999999999999","19.593333333333302","35.789999999999999","18.100000000000001","42.289999999999999","18.000000000000000","55.933333333333302"," 2.399999999999999911","87.0000000000000000","18.390000000000001","42.030000000000001","19.000000000000000","48.060000000000002","17.390000000000001","46.450000000000003"," 3.2000000000000002e+00","752.86666666666702"," 78.333333333333300"," 8.33333333333333037","40.0000000000000000","-2.5000000000000000e-01"," 6.4163937466219067574"," 6.4163937466219067574"
"2016-01-15 08:20:00"," 150","10","21.066666666666698","33.433333333333302","19.149999999999999","32.950000000000003","19.326666666666700","36.530000000000001","18.100000000000001","42.399999999999999","17.926666666666701","56.060000000000002"," 2.433333333333330017","86.9899999999999949","18.289999999999999","41.759999999999998","19.000000000000000","47.933333333333302","17.390000000000001","46.259999999999998"," 3.2000000000000002e+00","752.93333333333305"," 78.666666666666700"," 8.66666666666666963","40.0000000000000000","-2.0000000000000001e-01","19.4039244437590241432","19.4039244437590241432"
"2016-01-15 08:30:00"," 390","20","21.000000000000000","33.560000000000002","19.323333333333299","33.530000000000001","19.663333333333298","37.090000000000003","18.100000000000001","42.326666666666704","17.890000000000001","56.133333333333297"," 2.500000000000000000","85.3966666666667038","18.289999999999999","41.366666666666703","18.926666666666701","47.723333333333301","17.390000000000001","46.126666666666701"," 3.2000000000000002e+00","753.00000000000000"," 79.000000000000000"," 9.00000000000000000","40.0000000000000000","-1.4999999999999999e-01","46.4088774169795215130","46.4088774169795215130"
"2016-01-15 08:40:00"," 390","10","20.890000000000001","33.859999999999999","19.530000000000001","33.990000000000002","19.930000000000000","37.223333333333301","18.263333333333300","42.466666666666697","17.890000000000001","55.799999999999997"," 2.529999999999999805","85.5666666666667055","18.245000000000001","40.295000000000002","18.926666666666701","47.390000000000001","17.289999999999999","45.723333333333301"," 3.2000000000000002e+00","753.06666666666695"," 79.333333333333300"," 9.33333333333333037","40.0000000000000000","-1.0000000000000001e-01","40.2195385657250881195","40.2195385657250881195"
"2016-01-15 08:50:00"," 380","10","20.890000000000001","34.193333333333300","19.660000000000000","34.618000000000002","20.050000000000001","37.395000000000003","18.656666666666698","42.326666666666704","17.890000000000001","55.399999999999999"," 2.589999999999999858","85.1666666666666998","18.166666666666700","39.490000000000002","18.890000000000001","46.930000000000000","17.289999999999999","45.390000000000001"," 3.2000000000000002e+00","753.13333333333298"," 79.666666666666700"," 9.66666666666666963","40.0000000000000000","-5.0000000000000003e-02","37.9348403541371226311","37.9348403541371226311"
"2016-01-15 09:00:00"," 400","10","20.789999999999999","34.666666666666700","19.699999999999999","34.766666666666701","20.100000000000001","37.656666666666702","19.300000000000001","42.200000000000003","17.890000000000001","55.000000000000000"," 2.560000000000000053","85.1333333333332973","18.100000000000001","39.156666666666702","18.890000000000001","46.656666666666702","17.289999999999999","44.899999999999999"," 3.2000000000000002e+00","753.20000000000005"," 80.000000000000000","10.00000000000000000","40.0000000000000000"," 0.0000000000000000e+00","47.8624944458715617657","47.8624944458715617657"
"2016-01-15 09:10:00"," 370","10","20.789999999999999","35.193333333333300","19.699999999999999","35.100000000000001","20.100000000000001","37.930000000000000","19.693333333333300","41.926666666666698","17.890000000000001","54.633333333333297"," 2.500000000000000000","85.1333333333332973","18.100000000000001","38.796666666666702","18.856666666666701","46.063333333333297","17.289999999999999","44.500000000000000"," 3.2000000000000002e+00","753.28333333333296"," 80.333333333333300"," 9.83333333333333037","40.0000000000000000"," 5.0000000000000003e-02","49.6956939343363046646","49.6956939343363046646"
"2016-01-15 09:20:00"," 310","10","20.760000000000002","35.926666666666698","19.789999999999999","35.463333333333303","20.199999999999999","38.266666666666701","20.066666666666698","41.363333333333301","17.823333333333299","54.299999999999997"," 2.589999999999999858","85.1933333333332996","18.100000000000001","38.530000000000001","18.789999999999999","45.656666666666702","17.289999999999999","44.200000000000003"," 3.2000000000000002e+00","753.36666666666702"," 80.666666666666700"," 9.66666666666666963","40.0000000000000000"," 1.0000000000000001e-01","30.3220497327856719494","30.3220497327856719494"
"2016-01-15 09:30:00","  40","10","20.760000000000002","36.399999999999999","19.856666666666701","35.796666666666702","20.199999999999999","38.526666666666699","20.326666666666700","41.156666666666702","17.856666666666701","53.899999999999999"," 2.589999999999999858","85.0000000000000000","18.066666666666698","38.193333333333300","18.789999999999999","45.333333333333300","17.289999999999999","44.126666666666701"," 3.2000000000000002e+00","753.45000000000005"," 81.000000000000000"," 9.50000000000000000","40.0000000000000000"," 1.4999999999999999e-01"," 1.4688582741655409336"," 1.4688582741655409336"
"2016-01-15 09:40:00","  50"," 0","20.789999999999999","36.693333333333300","19.926666666666701","36.390000000000001","20.199999999999999","38.663333333333298","20.500000000000000","40.799999999999997","17.840000000000000","53.570000000000000"," 2.700000000000000178","84.6266666666666936","18.000000000000000","37.933333333333302","18.730000000000000","45.066666666666698","17.289999999999999","44.060000000000002"," 3.2000000000000002e+00","753.53333333333296"," 81.333333333333300"," 9.33333333333333037","40.0000000000000000"," 2.0000000000000001e-01","16.8222678941674530506","16.8222678941674530506"
"2016-01-15 09:50:00","  70","10","20.789999999999999","37.026666666666699","20.000000000000000","36.723333333333301","20.199999999999999","38.723333333333301","20.356666666666701","40.590000000000003","17.789999999999999","53.326666666666704"," 2.759999999999999787","84.3666666666667027","18.000000000000000","37.759999999999998","18.699999999999999","44.833333333333300","17.289999999999999","43.933333333333302"," 3.2000000000000002e+00","753.61666666666702"," 81.666666666666700"," 9.16666666666666963","40.0000000000000000"," 2.5000000000000000e-01","13.8829043367877602577","13.8829043367877602577"
"2016-01-15 10:00:00","  60","10","20.890000000000001","37.359999999999999","20.033333333333299","37.066666666666698","20.199999999999999","38.963333333333303","20.289999999999999","40.463333333333303","17.789999999999999","53.060000000000002"," 2.729999999999999982","83.0600000000000023","18.000000000000000","37.626666666666701","18.699999999999999","44.626666666666701","17.289999999999999","43.723333333333301"," 3.2000000000000002e+00","753.70000000000005"," 82.000000000000000"," 9.00000000000000000","40.0000000000000000"," 2.9999999999999999e-01"," 5.8598775067366659641"," 5.8598775067366659641"
"2016-01-15 10:10:00","  90","10","20.890000000000001","37.633333333333297","20.100000000000001","37.333333333333300","20.260000000000002","39.223333333333301","20.199999999999999","40.363333333333301","17.789999999999999","53.000000000000000"," 2.863333333333330177","82.3333333333333002","17.963333333333299","37.466666666666697","18.699999999999999","44.466666666666697","17.289999999999999","43.590000000000003"," 3.3166666666666700e+00","753.79999999999995"," 82.000000000000000"," 8.83333333333333037","38.1666666666666998"," 4.3333333333333302e-01"," 2.1609129500575363636"," 2.1609129500575363636"
"2016-01-15 10:20:00","  60","10","20.890000000000001","37.799999999999997","20.199999999999999","37.500000000000000","20.323333333333299","39.289999999999999","20.133333333333301","40.289999999999999","17.789999999999999","52.899999999999999"," 3.029999999999999805","80.7566666666667032","17.963333333333299","37.399999999999999","18.633333333333301","44.193333333333300","17.289999999999999","43.399999999999999"," 3.4333333333333300e+00","753.89999999999998"," 82.000000000000000"," 8.66666666666666963","36.3333333333333002"," 5.6666666666666698e-01","18.5154892853461205959","18.5154892853461205959"
"2016-01-15 10:30:00","  60","20","20.890000000000001","38.066666666666698","20.199999999999999","37.633333333333297","20.323333333333299","39.363333333333301","20.100000000000001","40.090000000000003","17.789999999999999","52.826666666666704"," 3.089999999999999858","79.9633333333332956","17.890000000000001","37.200000000000003","18.600000000000001","43.966666666666697","17.289999999999999","43.326666666666704"," 3.5499999999999998e+00","754.00000000000000"," 82.000000000000000"," 8.50000000000000000","34.5000000000000000"," 6.9999999999999996e-01","16.8439154396764934063","16.8439154396764934063"
"2016-01-15 10:40:00"," 100"," 0","20.890000000000001","38.200000000000003","20.289999999999999","38.126666666666701","20.390000000000001","39.500000000000000","20.103086419753101","40.109876543209900","17.789999999999999","52.759999999999998"," 3.126666666666670036","80.4333333333332945","17.890000000000001","37.126666666666701","18.600000000000001","43.826666666666704","17.289999999999999","43.163333333333298"," 3.6666666666666701e+00","754.10000000000002"," 82.000000000000000"," 8.33333333333333037","32.6666666666666998"," 8.3333333333333304e-01"," 8.6826276732608675957"," 8.6826276732608675957"
"2016-01-15 10:50:00"," 380","10","20.926666666666701","38.289999999999999","20.289999999999999","38.066666666666698","20.390000000000001","39.500000000000000","20.106172839506200","40.129753086419797","17.789999999999999","52.626666666666701"," 3.200000000000000178","79.3666666666667027","17.890000000000001","37.060000000000002","18.600000000000001","43.663333333333298","17.289999999999999","43.030000000000001"," 3.7833333333333301e+00","754.20000000000005"," 82.000000000000000"," 8.16666666666666963","30.8333333333333002"," 9.6666666666666701e-01","31.0886639752425253391","31.0886639752425253391"
"2016-01-15 11:00:00"," 390","10","21.000000000000000","38.363333333333301","20.289999999999999","38.090000000000003","20.390000000000001","39.700000000000003","20.109259259259300","40.149629629629601","17.730000000000000","52.590000000000003"," 3.395000000000000018","79.6899999999999977","17.890000000000001","37.000000000000000","18.550000000000001","43.645000000000003","17.260000000000002","42.863333333333301"," 3.8999999999999999e+00","754.29999999999995"," 82.000000000000000"," 8.00000000000000000","29.0000000000000000"," 1.1000000000000001e+00","19.8921813745982944965","19.8921813745982944965"
"2016-01-15 11:10:00"," 130","10","21.000000000000000","38.433333333333302","20.356666666666701","38.090000000000003","20.390000000000001","39.700000000000003","20.112345679012300","40.169506172839498","17.789999999999999","52.590000000000003"," 3.656666666666669840","78.9899999999999949","17.890000000000001","36.966666666666697","18.533333333333299","43.530000000000001","17.260000000000002","42.789999999999999"," 3.8666666666666698e+00","754.36666666666702"," 83.000000000000000"," 8.16666666666666963","27.6666666666666998"," 1.2166666666666699e+00","47.7837884332984685898","47.7837884332984685898"
"2016-01-15 11:20:00","  60"," 0","21.000000000000000","38.560000000000002","20.390000000000001","38.229999999999997","20.500000000000000","39.789999999999999","20.115432098765400","40.189382716049401","17.730000000000000","52.500000000000000"," 3.790000000000000036","78.6566666666666947","17.890000000000001","36.899999999999999","18.500000000000000","43.466666666666697","17.289999999999999","42.700000000000003"," 3.8333333333333299e+00","754.43333333333305"," 84.000000000000000"," 8.33333333333333037","26.3333333333333002"," 1.3333333333333299e+00","32.6674721552990376949","32.6674721552990376949"
"2016-01-15 11:30:00","  60","10","20.963333333333299","38.590000000000003","20.390000000000001","38.363333333333301","20.500000000000000","39.863333333333301","20.118518518518499","40.209259259259298","17.730000000000000","52.500000000000000"," 3.933333333333330017","78.0999999999999943","17.890000000000001","36.863333333333301","18.500000000000000","43.399999999999999","17.289999999999999","42.663333333333298"," 3.7999999999999998e+00","754.50000000000000"," 85.000000000000000"," 8.50000000000000000","25.0000000000000000"," 1.4500000000000000e+00","16.4371858350932598114","16.4371858350932598114"
"2016-01-15 11:40:00","  50","10","20.890000000000001","38.590000000000003","20.390000000000001","38.350000000000001","20.500000000000000","39.899999999999999","20.121604938271599","40.229135802469102","17.730000000000000","52.399999999999999"," 4.000000000000000000","79.1666666666666998","17.890000000000001","36.863333333333301","18.500000000000000","43.289999999999999","17.289999999999999","42.530000000000001"," 3.7666666666666702e+00","754.56666666666695"," 86.000000000000000"," 8.66666666666666963","23.6666666666666998"," 1.5666666666666700e+00"," 9.8573356750421226025"," 9.8573356750421226025"
"2016-01-15 11:50:00","  60","10","20.890000000000001","38.526666666666699","20.289999999999999","38.066666666666698","20.500000000000000","39.826666666666704","20.124691358024702","40.249012345678999","17.730000000000000","52.326666666666704"," 4.030000000000000249","78.7000000000000028","17.789999999999999","36.789999999999999","18.500000000000000","43.229999999999997","17.289999999999999","42.466666666666697"," 3.7333333333333298e+00","754.63333333333298"," 87.000000000000000"," 8.83333333333333037","22.3333333333333002"," 1.6833333333333300e+00"," 5.7671162416227161884"," 5.7671162416227161884"
"2016-01-15 12:00:00","  60","10","20.890000000000001","38.399999999999999","20.289999999999999","38.149999999999999","20.390000000000001","39.700000000000003","20.127777777777801","40.268888888888902","17.699999999999999","52.181666666666700"," 4.089999999999999858","77.8933333333333024","17.789999999999999","36.789999999999999","18.480000000000000","43.212727272727300","17.289999999999999","42.399999999999999"," 3.7000000000000002e+00","754.70000000000005"," 88.000000000000000"," 9.00000000000000000","21.0000000000000000"," 1.8000000000000000e+00","49.7982739354483783245","49.7982739354483783245"
"2016-01-15 12:10:00"," 240"," 0","20.890000000000001","38.500000000000000","20.351111111111098","37.998333333333299","20.500000000000000","39.789999999999999","20.130864197530901","40.288765432098799","17.699999999999999","52.087222222222202"," 4.226666666666670125","77.6566666666666947","17.789999999999999","36.728124999999999","18.430000000000000","43.130000000000003","17.289999999999999","42.289999999999999"," 3.7333333333333298e+00","754.75000000000000"," 87.833333333333300"," 8.83333333333333037","27.6666666666666998"," 1.8166666666666700e+00","18.9638362615369260311","18.9638362615369260311"
"2016-01-15 12:20:00","  80","10","20.890000000000001","38.893333333333302","20.445000000000000","37.950000000000003","20.500000000000000","39.863333333333301","20.133950617284000","40.308641975308603","17.719999999999999","51.993333333333297"," 4.366666666666669805","75.9233333333333036","17.789999999999999","36.700000000000003","18.493888888888900","43.193888888888900","17.289999999999999","42.289999999999999"," 3.7666666666666702e+00","754.79999999999995"," 87.666666666666700"," 8.66666666666666963","34.3333333333333002"," 1.8333333333333299e+00","28.0994046363048255444","28.0994046363048255444"
"2016-01-15 12:30:00","  80"," 0","21.000000000000000","39.789999999999999","20.583333333333300","37.977777777777803","20.533333333333299","40.000000000000000","20.137037037037000","40.328518518518500","17.734999999999999","51.922222222222203"," 4.589999999999999858","75.0233333333332979","17.789999999999999","36.700000000000003","18.420555555555602","43.120555555555597","17.260000000000002","42.163333333333298"," 3.7999999999999998e+00","754.85000000000002"," 87.500000000000000"," 8.50000000000000000","41.0000000000000000"," 1.8500000000000001e+00","36.6359008825384080410","36.6359008825384080410"
"2016-01-15 12:40:00"," 400"," 0","21.000000000000000","39.990000000000002","20.625000000000000","38.000000000000000","20.600000000000001","40.060000000000002","20.140123456790100","40.348395061728397","17.707500000000000","51.872500000000002"," 4.589999999999999858","74.9566666666667061","17.789999999999999","36.700000000000003","18.390000000000001","43.090000000000003","17.260000000000002","42.090000000000003"," 3.8333333333333299e+00","754.89999999999998"," 87.333333333333300"," 8.33333333333333037","47.6666666666666998"," 1.8666666666666700e+00","43.5402776463888585567","43.5402776463888585567"
"2016-01-15 12:50:00"," 400"," 0","21.100000000000001","39.526666666666699","20.710625000000000","38.067500000000003","20.600000000000001","40.090000000000003","20.143209876543199","40.368271604938300","17.728124999999999","51.780000000000001"," 4.589999999999999858","73.3599999999999994","17.767499999999998","36.651874999999997","18.390000000000001","43.090000000000003","17.289999999999999","42.090000000000003"," 3.8666666666666698e+00","754.95000000000005"," 87.166666666666700"," 8.16666666666666963","54.3333333333333002"," 1.8833333333333300e+00","28.6085129831917583942","28.6085129831917583942"
"2016-01-15 13:00:00"," 460","10","21.100000000000001","39.326666666666704","20.789999999999999","38.039375000000000","20.600000000000001","40.090000000000003","20.146296296296299","40.388148148148098","17.734999999999999","51.719999999999999"," 4.589999999999999858","74.8333333333333002","17.789999999999999","36.590000000000003","18.390000000000001","43.090000000000003","17.289999999999999","42.030000000000001"," 3.8999999999999999e+00","755.00000000000000"," 87.000000000000000"," 8.00000000000000000","61.0000000000000000"," 1.8999999999999999e+00"," 0.5518035497516393661"," 0.5518035497516393661"
"2016-01-15 13:10:00"," 170"," 0","21.199999999999999","39.163333333333298","20.858750000000001","38.039375000000000","20.500000000000000","40.126666666666701","20.149382716049399","40.408024691358001","17.780000000000001","51.687777777777796"," 4.623333333333330408","74.0000000000000000","17.789999999999999","36.547647058823500","18.390000000000001","43.104285714285702","17.289999999999999","41.966666666666697"," 3.9500000000000002e+00","755.00000000000000"," 86.833333333333300"," 8.00000000000000000","55.6666666666666998"," 1.9333333333333300e+00","45.3157630632631480694","45.3157630632631480694"
"2016-01-15 13:20:00"," 210"," 0","21.199999999999999","39.030000000000001","20.890000000000001","38.075000000000003","20.500000000000000","40.200000000000003","20.152469135802502","40.427901234567898","17.699999999999999","51.590000000000003"," 4.763333333333330089","73.7933333333332939","17.789999999999999","36.578749999999999","18.390000000000001","43.198235294117701","17.289999999999999","42.233333333333299"," 4.0000000000000000e+00","755.00000000000000"," 86.666666666666700"," 8.00000000000000000","50.3333333333333002"," 1.9666666666666699e+00","38.5326815769076347351","38.5326815769076347351"
"2016-01-15 13:30:00"," 190"," 0","21.289999999999999","38.994999999999997","20.932777777777801","38.015000000000001","20.500000000000000","40.289999999999999","20.155555555555601","40.447777777777802","17.699999999999999","51.578749999999999"," 4.759999999999999787","72.5300000000000011","17.768823529411801","36.500000000000000","18.390000000000001","43.090000000000003","17.323333333333299","43.233333333333299"," 4.0499999999999998e+00","755.00000000000000"," 86.500000000000000"," 8.00000000000000000","45.0000000000000000"," 2.0000000000000000e+00","19.1252311691641807556","19.1252311691641807556"
"2016-01-15 13:40:00","  70"," 0","21.323333333333299","38.759999999999998","21.038888888888899","38.000000000000000","20.500000000000000","40.289999999999999","20.158641975308601","40.467654320987698","17.745000000000001","51.534999999999997"," 4.974999999999999645","71.7699999999999960","17.789999999999999","36.500000000000000","18.390000000000001","43.090000000000003","17.390000000000001","44.493333333333297"," 4.0999999999999996e+00","755.00000000000000"," 86.333333333333300"," 8.00000000000000000","39.6666666666666998"," 2.0333333333333301e+00"," 4.7022944432683289051"," 4.7022944432683289051"
"2016-01-15 13:50:00","  80"," 0","21.390000000000001","38.700000000000003","21.088888888888899","38.049999999999997","20.533333333333299","40.200000000000003","20.161728395061701","40.487530864197502","17.896666666666700","50.670555555555602"," 4.933333333333330017","71.7633333333333070","17.789999999999999","36.500000000000000","18.390000000000001","43.084375000000001","17.500000000000000","46.166666666666700"," 4.1500000000000004e+00","755.00000000000000"," 86.166666666666700"," 8.00000000000000000","34.3333333333333002"," 2.0666666666666700e+00"," 2.4826791952364146709"," 2.4826791952364146709"
"2016-01-15 14:00:00","  60","10","21.426666666666701","38.789999999999999","21.111111111111100","38.020000000000003","20.600000000000001","40.200000000000003","20.164814814814800","40.507407407407399","18.331111111111099","48.531666666666702"," 5.030000000000000249","70.9566666666667061","17.789999999999999","36.500000000000000","18.390000000000001","42.982222222222198","17.566666666666698","46.560000000000002"," 4.2000000000000002e+00","755.00000000000000"," 86.000000000000000"," 8.00000000000000000","29.0000000000000000"," 2.1000000000000001e+00","41.0581159056164324284","41.0581159056164324284"
"2016-01-15 14:10:00","  70"," 0","21.500000000000000","38.789999999999999","21.172222222222199","38.009999999999998","20.600000000000001","40.200000000000003","20.167901234567900","40.527283950617303","18.576666666666700","47.364444444444402"," 5.030000000000000249","70.8966666666667038","17.789999999999999","36.477777777777803","18.390000000000001","42.899999999999999","17.600000000000001","46.500000000000000"," 4.2500000000000000e+00","755.04999999999995"," 85.666666666666700"," 8.00000000000000000","30.8333333333333002"," 2.0833333333333299e+00","41.4662152179516851902","41.4662152179516851902"
"2016-01-15 14:20:00","  60"," 0","21.500000000000000","38.826666666666704","21.199999999999999","37.950000000000003","20.600000000000001","40.200000000000003","20.170987654320999","40.547160493827199","18.760000000000002","46.575000000000003"," 5.123333333333330408","70.1933333333332996","17.789999999999999","36.450000000000003","18.362222222222201","42.899999999999999","17.666666666666700","46.500000000000000"," 4.2999999999999998e+00","755.10000000000002"," 85.333333333333300"," 8.00000000000000000","32.6666666666666998"," 2.0666666666666700e+00","32.7366437879391014576","32.7366437879391014576"
"2016-01-15 14:30:00","  70"," 0","21.500000000000000","39.026666666666699","21.274999999999999","37.944444444444400","20.600000000000001","40.289999999999999","20.174074074074099","40.567037037036997","18.879444444444399","46.125000000000000"," 5.263333333333330089","69.5266666666666993","17.770000000000000","36.399999999999999","18.328888888888901","42.827777777777797","17.649999999999999","46.244999999999997"," 4.3499999999999996e+00","755.14999999999998"," 85.000000000000000"," 8.00000000000000000","34.5000000000000000"," 2.0499999999999998e+00"," 6.6413906519301235676"," 6.6413906519301235676"
"2016-01-15 14:40:00","  60"," 0","21.600000000000001","39.060000000000002","21.289999999999999","37.844999999999999","20.600000000000001","40.289999999999999","20.177160493827198","40.586913580246900","18.987777777777801","45.614444444444402"," 5.366666666666669805","68.7666666666666941","17.789999999999999","36.369444444444397","18.356666666666701","42.710000000000001","17.699999999999999","45.930000000000000"," 4.4000000000000004e+00","755.20000000000005"," 84.666666666666700"," 8.00000000000000000","36.3333333333333002"," 2.0333333333333301e+00","17.0904950588010251522","17.0904950588010251522"
"2016-01-15 14:50:00","  60"," 0","21.666666666666700","38.933333333333302","21.289999999999999","37.662777777777798","20.533333333333299","40.289999999999999","20.180246913580199","40.606790123456797","19.100000000000001","45.143333333333302"," 5.299999999999999822","67.8933333333333024","17.789999999999999","36.289999999999999","18.345555555555599","42.693888888888900","17.633333333333301","45.530000000000001"," 4.4500000000000002e+00","755.25000000000000"," 84.333333333333300"," 8.00000000000000000","38.1666666666666998"," 2.0166666666666702e+00","36.5685789496637880802","36.5685789496637880802"
"2016-01-15 15:00:00","  60"," 0","21.730000000000000","38.693333333333300","21.289999999999999","37.509999999999998","20.600000000000001","40.229999999999997","20.183333333333302","40.626666666666701","19.225000000000001","44.541666666666700"," 5.299999999999999822","67.9599999999999937","17.774999999999999","36.289999999999999","18.323333333333299","42.626666666666701","17.600000000000001","45.026666666666699"," 4.5000000000000000e+00","755.29999999999995"," 84.000000000000000"," 8.00000000000000000","40.0000000000000000"," 2.0000000000000000e+00","45.3645708039402961731","45.3645708039402961731"
"2016-01-15 15:10:00","  60"," 0","21.789999999999999","38.359999999999999","21.357222222222202","37.444444444444400","20.649999999999999","40.045000000000002","20.186419753086401","40.646543209876498","19.295555555555602","44.040555555555599"," 5.366666666666669805","68.2933333333332939","17.785000000000000","36.289999999999999","18.317777777777799","42.590000000000003","17.600000000000001","44.693333333333300"," 4.0333333333333297e+00","755.45000000000005"," 86.000000000000000"," 7.83333333333333037","36.8333333333333002"," 1.8500000000000001e+00","34.8098499700427055359","34.8098499700427055359"
"2016-01-15 15:20:00","  60"," 0","21.823333333333299","38.289999999999999","21.487777777777801","37.488888888888901","20.730000000000000","39.930000000000000","20.189506172839501","40.666419753086402","19.378888888888898","43.642222222222202"," 5.263333333333330089","71.2666666666666941","17.789999999999999","36.289999999999999","18.289999999999999","42.590000000000003","17.500000000000000","44.223333333333301"," 3.5666666666666700e+00","755.60000000000002"," 88.000000000000000"," 7.66666666666666963","33.6666666666666998"," 1.7000000000000000e+00","12.0789611130021512508","12.0789611130021512508"
"2016-01-15 15:30:00","  50","10","21.963333333333299","38.289999999999999","21.561111111111099","37.410555555555597","20.856666666666701","39.789999999999999","20.192592592592600","40.686296296296298","19.548333333333300","43.398333333333298"," 5.063333333333329911","74.2666666666666941","17.780000000000001","36.289999999999999","18.289999999999999","42.614444444444402","17.500000000000000","43.890000000000001"," 3.1000000000000001e+00","755.75000000000000"," 90.000000000000000"," 7.50000000000000000","30.5000000000000000"," 1.5500000000000000e+00","32.2053614305332303047","32.2053614305332303047"
"2016-01-15 15:40:00","  50"," 0","22.033333333333299","38.126666666666701","21.649999999999999","37.357222222222198","20.926666666666701","39.789999999999999","20.195679012345700","40.706172839506202","19.666666666666700","43.194444444444400"," 4.690000000000000391","78.4233333333333036","17.750000000000000","36.338888888888903","18.289999999999999","42.632777777777797","17.500000000000000","43.633333333333297"," 2.6333333333333302e+00","755.89999999999998"," 92.000000000000000"," 7.33333333333333037","27.3333333333333002"," 1.3999999999999999e+00","14.0375106828287243843","14.0375106828287243843"
"2016-01-15 15:50:00","  60"," 0","22.166666666666700","38.200000000000003","21.715000000000000","37.308333333333302","21.000000000000000","39.789999999999999","20.198765432098799","40.726049382715999","19.780555555555601","42.911111111111097"," 4.690000000000000391","78.6966666666667010","17.719999999999999","36.381666666666703","18.289999999999999","42.663333333333298","17.500000000000000","43.359999999999999"," 2.1666666666666701e+00","756.04999999999995"," 94.000000000000000"," 7.16666666666666963","24.1666666666666998"," 1.2500000000000000e+00","47.8818260366097092628","47.8818260366097092628"
"2016-01-15 16:00:00","  50"," 0","22.199999999999999","38.090000000000003","21.789999999999999","37.289999999999999","21.033333333333299","39.826666666666704","20.201851851851899","40.745925925925903","19.878888888888898","42.789444444444399"," 4.500000000000000000","80.8233333333332951","17.760000000000002","36.399999999999999","18.289999999999999","42.700000000000003","17.500000000000000","43.133333333333297"," 1.7000000000000000e+00","756.20000000000005"," 96.000000000000000"," 7.00000000000000000","21.0000000000000000"," 1.1000000000000001e+00"," 7.9197978368028998375"," 7.9197978368028998375"
"2016-01-15 16:10:00","  50"," 0","22.260000000000002","38.090000000000003","21.829999999999998","37.289999999999999","21.100000000000001","39.826666666666704","20.204938271604899","40.765802469135799","19.957222222222200","42.587777777777802"," 4.433333333333330017","80.8233333333332951","17.745000000000001","36.399999999999999","18.289999999999999","42.700000000000003","17.500000000000000","42.933333333333302"," 1.7833333333333301e+00","756.26666666666699"," 95.666666666666700"," 7.00000000000000000","27.6666666666666998"," 1.1333333333333300e+00","20.9169495850801467896","20.9169495850801467896"
"2016-01-15 16:20:00","  70"," 0","22.323333333333299","38.060000000000002","21.867777777777800","37.270000000000003","21.133333333333301","39.789999999999999","20.208024691357998","40.785679012345703","20.000000000000000","42.411111111111097"," 4.400000000000000355","80.1333333333332973","17.719999999999999","36.399999999999999","18.270000000000000","42.675555555555597","17.463333333333299","42.759999999999998"," 1.8666666666666700e+00","756.33333333333303"," 95.333333333333300"," 7.00000000000000000","34.3333333333333002"," 1.1666666666666701e+00","12.6004898687824606895","12.6004898687824606895"
"2016-01-15 16:30:00","  50"," 0","22.323333333333299","38.000000000000000","21.867777777777800","37.215000000000003","21.199999999999999","39.789999999999999","20.211111111111101","40.805555555555600","20.083333333333300","42.293333333333301"," 4.424999999999999822","82.0425000000000040","17.699999999999999","36.438888888888897","18.289999999999999","42.704999999999998","17.463333333333299","42.700000000000003"," 1.9500000000000000e+00","756.39999999999998"," 95.000000000000000"," 7.00000000000000000","41.0000000000000000"," 1.2000000000000000e+00"," 4.7195133869536221027"," 4.7195133869536221027"
"2016-01-15 16:40:00","  60"," 0","22.323333333333299","37.966666666666697","21.890000000000001","37.200000000000003","21.199999999999999","39.789999999999999","20.214197530864201","40.825432098765397","20.100000000000001","42.145000000000003"," 4.099999999999999645","92.4633333333332956","17.739999999999998","36.500000000000000","18.289999999999999","42.750000000000000","17.500000000000000","42.560000000000002"," 2.0333333333333301e+00","756.46666666666704"," 94.666666666666700"," 7.00000000000000000","47.6666666666666998"," 1.2333333333333301e+00","41.3858884829096496105","41.3858884829096496105"
"2016-01-15 16:50:00","  60"," 0","22.390000000000001","37.872500000000002","21.867777777777800","37.151111111111099","21.199999999999999","39.729999999999997","20.217283950617301","40.845308641975301","20.177777777777798","42.039999999999999"," 3.200000000000000178","94.7999999999999972","17.719999999999999","36.515000000000001","18.289999999999999","42.810555555555602","17.500000000000000","42.433333333333302"," 2.1166666666666698e+00","756.53333333333296"," 94.333333333333300"," 7.00000000000000000","54.3333333333333002"," 1.2666666666666699e+00","26.2652751873247325420","26.2652751873247325420"
"2016-01-15 17:00:00","  90"," 0","22.390000000000001","37.863333333333301","21.867777777777800","37.175555555555597","21.199999999999999","39.590000000000003","20.220370370370400","40.865185185185197","20.144444444444400","42.055000000000000"," 1.899999999999999911","95.5450000000000017","17.699999999999999","36.524999999999999","18.411666666666701","44.239444444444402","17.390000000000001","42.259999999999998"," 2.2000000000000002e+00","756.60000000000002"," 94.000000000000000"," 7.00000000000000000","61.0000000000000000"," 1.3000000000000000e+00","33.3873813739046454430","33.3873813739046454430"
"2016-01-15 17:10:00"," 100","10","22.390000000000001","37.789999999999999","21.890000000000001","37.145000000000003","21.199999999999999","39.663333333333298","20.223456790123500","40.885061728395101","20.194444444444400","41.916666666666700"," 2.029999999999999805","95.7266666666667021","17.719999999999999","36.450000000000003","18.750000000000000","45.012222222222199","17.390000000000001","42.126666666666701"," 2.3166666666666700e+00","756.71666666666704"," 93.833333333333300"," 6.66666666666666963","54.6666666666666998"," 1.3999999999999999e+00","20.4138879897072911263","20.4138879897072911263"
"2016-01-15 17:20:00","  90"," 0","22.390000000000001","37.789999999999999","21.890000000000001","37.102222222222203","21.199999999999999","39.590000000000003","20.226543209876500","40.904938271604898","20.199999999999999","41.829999999999998"," 2.089999999999999858","95.7999999999999972","17.699999999999999","36.433333333333302","19.054444444444400","45.157222222222202","17.390000000000001","41.966666666666697"," 2.4333333333333300e+00","756.83333333333303"," 93.666666666666700"," 6.33333333333333037","48.3333333333333002"," 1.5000000000000000e+00","42.1294951695017516613","42.1294951695017516613"
"2016-01-15 17:30:00"," 100","10","22.390000000000001","37.789999999999999","21.890000000000001","37.090000000000003","21.199999999999999","39.590000000000003","20.229629629629599","40.924814814814802","20.199999999999999","41.697499999999998"," 2.126666666666670036","95.5600000000000023","17.699999999999999","36.407142857142901","19.243888888888900","45.157222222222202","17.390000000000001","41.826666666666704"," 2.5499999999999998e+00","756.95000000000005"," 93.500000000000000"," 6.00000000000000000","42.0000000000000000"," 1.6000000000000001e+00","36.8652733974158763885","36.8652733974158763885"
"2016-01-15 17:40:00"," 110"," 0","22.390000000000001","37.789999999999999","21.890000000000001","37.090000000000003","21.199999999999999","39.590000000000003","20.232716049382699","40.944691358024699","20.233750000000001","41.645000000000003"," 2.259999999999999787","95.5000000000000000","17.699999999999999","36.450000000000003","19.351538461538500","45.090000000000003","17.340000000000000","41.744999999999997"," 2.6666666666666701e+00","757.06666666666695"," 93.333333333333300"," 5.66666666666666963","35.6666666666666998"," 1.7000000000000000e+00","17.4112200504168868065","17.4112200504168868065"
"2016-01-15 17:50:00"," 100","10","22.390000000000001","37.789999999999999","21.890000000000001","37.090000000000003","21.199999999999999","39.590000000000003","20.235802469135798","40.964567901234602","20.289999999999999","41.645000000000003"," 2.433333333333330017","95.4333333333332945","17.699999999999999","36.487499999999997","19.489999999999998","45.189999999999998","17.356666666666701","41.663333333333298"," 2.7833333333333301e+00","757.18333333333305"," 93.166666666666700"," 5.33333333333333037","29.3333333333333002"," 1.8000000000000000e+00","47.4469088716432452202","47.4469088716432452202"
"2016-01-15 18:00:00","  80"," 0","22.390000000000001","37.789999999999999","21.890000000000001","37.090000000000003","21.289999999999999","39.700000000000003","20.238888888888901","40.984444444444399","20.289999999999999","41.590000000000003"," 2.433333333333330017","95.2933333333332939","17.699999999999999","36.466666666666697","19.500000000000000","45.235999999999997","17.356666666666701","41.590000000000003"," 2.8999999999999999e+00","757.29999999999995"," 93.000000000000000"," 5.00000000000000000","23.0000000000000000"," 1.8999999999999999e+00","32.3339594993740320206","32.3339594993740320206"
"2016-01-15 18:10:00"," 110","10","22.390000000000001","37.859999999999999","21.890000000000001","37.154166666666697","21.289999999999999","39.700000000000003","20.241975308642001","41.004320987654303","20.370000000000001","41.518000000000001"," 2.433333333333330017","95.1899999999999977","17.699999999999999","36.500000000000000","19.390000000000001","45.308333333333302","17.289999999999999","41.500000000000000"," 2.8333333333333299e+00","757.41666666666697"," 93.000000000000000"," 5.33333333333333037","29.6666666666666998"," 1.8333333333333299e+00"," 1.7638883437030017376"," 1.7638883437030017376"
"2016-01-15 18:20:00"," 260","10","22.390000000000001","38.666666666666700","21.890000000000001","37.121428571428602","21.289999999999999","39.700000000000003","20.245061728395100","41.024197530864200","20.340000000000000","41.500000000000000"," 2.500000000000000000","95.1899999999999977","17.699999999999999","36.500000000000000","19.390000000000001","45.397777777777797","17.289999999999999","41.433333333333302"," 2.7666666666666702e+00","757.53333333333296"," 93.000000000000000"," 5.66666666666666963","36.3333333333333002"," 1.7666666666666699e+00","29.8224227852188050747","29.8224227852188050747"
"2016-01-15 18:30:00"," 350","10","22.463333333333299","39.956666666666699","21.890000000000001","37.185555555555602","21.289999999999999","39.956666666666699","20.248148148148200","41.044074074074103","20.390000000000001","41.576875000000001"," 2.399999999999999911","95.0000000000000000","17.671428571428599","36.471428571428604","19.390000000000001","45.490909090909099","17.289999999999999","41.363333333333301"," 2.7000000000000002e+00","757.64999999999998"," 93.000000000000000"," 6.00000000000000000","43.0000000000000000"," 1.7000000000000000e+00","20.7659000763669610023","20.7659000763669610023"
"2016-01-15 18:40:00"," 500","10","22.390000000000001","42.030000000000001","21.890000000000001","37.460000000000001","21.289999999999999","40.696666666666701","20.251234567901200","41.063950617284000","20.390000000000001","42.178333333333299"," 2.399999999999999911","95.0000000000000000","17.699999999999999","36.500000000000000","19.426666666666701","45.611666666666700","17.289999999999999","41.289999999999999"," 2.6333333333333302e+00","757.76666666666699"," 93.000000000000000"," 6.33333333333333037","49.6666666666666998"," 1.6333333333333300e+00"," 3.8448519073426723480"," 3.8448519073426723480"
"2016-01-15 18:50:00"," 370","10","22.426666666666701","43.390000000000001","21.956000000000000","37.920000000000002","21.323333333333299","41.696666666666701","20.254320987654300","41.083827160493797","20.410625000000000","42.997500000000002"," 2.363333333333330177","94.9666666666666970","17.691666666666698","36.491666666666703","19.452857142857098","45.652857142857101","17.289999999999999","41.259999999999998"," 2.5666666666666700e+00","757.88333333333298"," 93.000000000000000"," 6.66666666666666963","56.3333333333333002"," 1.5666666666666700e+00","26.4024439617060124874","26.4024439617060124874"
"2016-01-15 19:00:00"," 330","20","22.500000000000000","45.663333333333298","22.000000000000000","38.395000000000003","21.390000000000001","42.829999999999998","20.257407407407399","41.103703703703701","20.390000000000001","43.600000000000001"," 2.290000000000000036","94.9000000000000057","17.640000000000001","36.439999999999998","19.426666666666701","45.590000000000003","17.289999999999999","41.200000000000003"," 2.5000000000000000e+00","758.00000000000000"," 93.000000000000000"," 7.00000000000000000","63.0000000000000000"," 1.5000000000000000e+00","48.1166654266417026520","48.1166654266417026520"
"2016-01-15 19:10:00"," 100","10","22.500000000000000","47.193333333333300","22.000000000000000","39.096666666666700","21.426666666666701","44.166666666666700","20.260493827160499","41.123580246913598","20.390000000000001","44.159999999999997"," 2.290000000000000036","94.9000000000000057","17.600000000000001","36.399999999999999","19.500000000000000","45.590000000000003","17.289999999999999","41.163333333333298"," 2.5000000000000000e+00","758.13333333333298"," 93.666666666666700"," 6.66666666666666963","63.1666666666666998"," 1.6000000000000001e+00","35.4370025568641722202","35.4370025568641722202"
"2016-01-15 19:20:00"," 110","20","22.566666666666698","46.859999999999999","22.000000000000000","39.430000000000000","21.426666666666701","44.226666666666702","20.263580246913602","41.143456790123501","20.500000000000000","45.090000000000003"," 2.140000000000000124","94.7425000000000068","17.666666666666700","36.466666666666697","19.533333333333299","45.399999999999999","17.289999999999999","41.163333333333298"," 2.5000000000000000e+00","758.26666666666699"," 94.333333333333300"," 6.33333333333333037","63.3333333333333002"," 1.7000000000000000e+00","27.6737851789221167564","27.6737851789221167564"
"2016-01-15 19:30:00"," 140","20","22.600000000000001","44.893333333333302","22.000000000000000","39.526666666666699","21.390000000000001","43.723333333333301","20.266666666666701","41.163333333333298","20.500000000000000","45.090000000000003"," 2.163333333333330000","94.6233333333333064","17.663333333333298","37.863333333333301","19.533333333333299","45.126666666666701","17.289999999999999","41.200000000000003"," 2.5000000000000000e+00","758.39999999999998"," 95.000000000000000"," 6.00000000000000000","63.5000000000000000"," 1.8000000000000000e+00","12.1478304499760270119","12.1478304499760270119"
"2016-01-15 19:40:00"," 310","30","22.600000000000001","43.893333333333302","22.000000000000000","39.193333333333300","21.323333333333299","43.530000000000001","20.533333333333299","43.223333333333301","20.500000000000000","44.533333333333303"," 2.229999999999999982","94.6233333333333064","18.123333333333299","41.396666666666697","19.633333333333301","45.156666666666702","17.289999999999999","41.126666666666701"," 2.5000000000000000e+00","758.53333333333296"," 95.666666666666700"," 5.66666666666666963","63.6666666666666998"," 1.8999999999999999e+00","38.9021264505572617054","38.9021264505572617054"
"2016-01-15 19:50:00"," 330","20","22.600000000000001","42.496666666666698","22.000000000000000","39.060000000000002","21.289999999999999","43.259999999999998","20.326666666666700","43.333333333333300","20.426666666666701","44.066666666666698"," 2.290000000000000036","94.6899999999999977","18.533333333333299","41.463333333333303","19.722500000000000","45.195000000000000","17.289999999999999","41.090000000000003"," 2.5000000000000000e+00","758.66666666666697"," 96.333333333333300"," 5.33333333333333037","63.8333333333333002"," 2.0000000000000000e+00","32.5970471720211207867","32.5970471720211207867"
"2016-01-15 20:00:00"," 190","20","22.600000000000001","41.756666666666703","22.000000000000000","39.000000000000000","21.289999999999999","43.066666666666698","20.133333333333301","43.200000000000003","20.699999999999999","52.663333333333298"," 2.326666666666670213","94.6899999999999977","18.726666666666699","41.463333333333303","19.856666666666701","45.090000000000003","17.289999999999999","41.030000000000001"," 2.5000000000000000e+00","758.79999999999995"," 97.000000000000000"," 5.00000000000000000","64.0000000000000000"," 2.1000000000000001e+00","41.5122851962223649025","41.5122851962223649025"
"2016-01-15 20:10:00"," 160","20","22.600000000000001","41.049999999999997","22.000000000000000","38.933333333333302","21.199999999999999","42.663333333333298","20.066666666666698","43.000000000000000","20.893333333333299","68.596666666666707"," 2.399999999999999911","94.6899999999999977","18.760000000000002","40.966666666666697","20.033333333333299","45.030000000000001","17.289999999999999","41.200000000000003"," 2.4500000000000002e+00","758.88333333333298"," 97.000000000000000"," 4.83333333333333037","64.0000000000000000"," 2.0333333333333301e+00","32.4275473714806139469","32.4275473714806139469"
"2016-01-15 20:20:00"," 160","30","22.699999999999999","40.863333333333301","22.000000000000000","39.133333333333297","21.199999999999999","42.463333333333303","20.066666666666698","43.460000000000001","20.699999999999999","59.600000000000001"," 2.363333333333330177","94.6899999999999977","18.699999999999999","40.766666666666701","20.100000000000001","45.090000000000003","17.289999999999999","41.200000000000003"," 2.3999999999999999e+00","758.96666666666704"," 97.000000000000000"," 4.66666666666666963","64.0000000000000000"," 1.9666666666666699e+00","23.9917897153645753860","23.9917897153645753860"
"2016-01-15 20:30:00"," 480","10","22.760000000000002","40.729999999999997","22.100000000000001","39.500000000000000","21.230000000000000","42.289999999999999","20.100000000000001","43.433333333333302","20.699999999999999","52.993333333333297"," 2.290000000000000036","94.6233333333333064","18.699999999999999","40.395000000000003","20.133333333333301","45.060000000000002","17.289999999999999","41.200000000000003"," 2.3500000000000001e+00","759.04999999999995"," 97.000000000000000"," 4.50000000000000000","64.0000000000000000"," 1.8999999999999999e+00","24.7532052802853286266","24.7532052802853286266"
"2016-01-15 20:40:00"," 280","20","22.890000000000001","40.590000000000003","22.197500000000002","39.522500000000001","21.289999999999999","42.229999999999997","20.293333333333301","43.500000000000000","20.789999999999999","49.390000000000001"," 2.259999999999999787","94.5600000000000023","18.789999999999999","40.060000000000002","20.199999999999999","44.933333333333302","17.289999999999999","41.126666666666701"," 2.2999999999999998e+00","759.13333333333298"," 97.000000000000000"," 4.33333333333333037","64.0000000000000000"," 1.8333333333333299e+00","18.9936295733787119389","18.9936295733787119389"
"2016-01-15 20:50:00"," 130","20","22.963333333333299","40.463333333333303","22.289999999999999","39.590000000000003","21.289999999999999","42.090000000000003","20.763333333333300","42.996666666666698","20.789999999999999","47.996666666666698"," 1.866666666666670027","94.4333333333332945","18.856666666666701","40.000000000000000","20.289999999999999","44.833333333333300","17.245000000000001","41.045000000000002"," 2.2500000000000000e+00","759.21666666666704"," 97.000000000000000"," 4.16666666666666963","64.0000000000000000"," 1.7666666666666699e+00","22.5242718588560819626","22.5242718588560819626"
"2016-01-15 21:00:00"," 150","20","23.033333333333299","40.223333333333301","22.390000000000001","39.466666666666697","21.289999999999999","42.090000000000003","20.890000000000001","42.329999999999998","20.890000000000001","46.893333333333302"," 1.356666666666670018","94.1566666666666947","18.926666666666701","39.833333333333300","20.356666666666701","44.626666666666701","17.199999999999999","40.899999999999999"," 2.2000000000000002e+00","759.29999999999995"," 97.000000000000000"," 4.00000000000000000","64.0000000000000000"," 1.7000000000000000e+00","40.7125875237397849560","40.7125875237397849560"
"2016-01-15 21:10:00"," 140","20","23.100000000000001","39.963333333333303","22.390000000000001","39.326666666666704","21.289999999999999","42.090000000000003","20.856666666666701","42.200000000000003","20.890000000000001","46.226666666666702"," 1.229999999999999982","94.0300000000000011","19.000000000000000","39.566666666666698","20.323333333333299","44.466666666666697","17.199999999999999","40.826666666666704"," 2.2000000000000002e+00","759.41666666666697"," 96.833333333333300"," 4.00000000000000000","57.1666666666666998"," 1.6833333333333300e+00","46.4388612890616059303","46.4388612890616059303"
"2016-01-15 21:20:00"," 130","20","23.199999999999999","39.723333333333301","22.390000000000001","39.163333333333298","21.289999999999999","42.030000000000001","20.789999999999999","42.259999999999998","20.890000000000001","45.490000000000002"," 1.290000000000000036","94.1566666666666947","19.000000000000000","39.359999999999999","20.390000000000001","44.326666666666704","17.199999999999999","40.759999999999998"," 2.2000000000000002e+00","759.53333333333296"," 96.666666666666700"," 4.00000000000000000","50.3333333333333002"," 1.6666666666666701e+00"," 7.3740522610023617744"," 7.3740522610023617744"
"2016-01-15 21:30:00"," 130","20","23.199999999999999","39.530000000000001","22.390000000000001","39.030000000000001","21.289999999999999","41.950000000000003","20.789999999999999","42.530000000000001","20.890000000000001","45.030000000000001"," 1.356666666666670018","94.1566666666666947","19.066666666666698","39.500000000000000","20.500000000000000","44.259999999999998","17.199999999999999","40.626666666666701"," 2.2000000000000002e+00","759.64999999999998"," 96.500000000000000"," 4.00000000000000000","43.5000000000000000"," 1.6499999999999999e+00","37.4910832499153912067","37.4910832499153912067"
"2016-01-15 21:40:00"," 340","20","23.199999999999999","39.333333333333300","22.500000000000000","38.966666666666697","21.289999999999999","41.899999999999999","20.789999999999999","42.663333333333298","20.890000000000001","44.526666666666699"," 1.699999999999999956","94.3333333333333002","19.100000000000001","39.259999999999998","20.500000000000000","44.200000000000003","17.199999999999999","40.560000000000002"," 2.2000000000000002e+00","759.76666666666699"," 96.333333333333300"," 4.00000000000000000","36.6666666666666998"," 1.6333333333333300e+00","48.7828674842603504658","48.7828674842603504658"
"2016-01-15 21:50:00"," 490","10","23.199999999999999","39.126666666666701","22.426666666666701","38.826666666666704","21.230000000000000","41.826666666666704","20.856666666666701","42.899999999999999","20.972500000000000","44.222499999999997"," 1.966666666666669894","94.4000000000000057","19.100000000000001","39.126666666666701","20.600000000000001","44.200000000000003","17.199999999999999","40.500000000000000"," 2.2000000000000002e+00","759.88333333333298"," 96.166666666666700"," 4.00000000000000000","29.8333333333333002"," 1.6166666666666700e+00","48.7396231736056506634","48.7396231736056506634"
"2016-01-15 22:00:00"," 230","10","23.199999999999999","39.060000000000002","22.390000000000001","38.759999999999998","21.199999999999999","41.789999999999999","20.789999999999999","42.899999999999999","21.399999999999999","66.030000000000001"," 2.145000000000000018","94.5000000000000000","19.033333333333299","38.826666666666704","20.600000000000001","44.200000000000003","17.199999999999999","40.500000000000000"," 2.2000000000000002e+00","760.00000000000000"," 96.000000000000000"," 4.00000000000000000","23.0000000000000000"," 1.6000000000000001e+00","17.5312785082496702671","17.5312785082496702671"
"2016-01-15 22:10:00"," 360","10","23.199999999999999","38.933333333333302","22.463333333333299","38.759999999999998","21.260000000000002","41.789999999999999","20.760000000000002","42.723333333333301","21.996666666666702","80.626666666666694"," 2.399999999999999911","94.5900000000000034","19.100000000000001","38.966666666666697","20.699999999999999","44.289999999999999","17.199999999999999","40.500000000000000"," 2.2833333333333301e+00","760.10000000000002"," 95.833333333333300"," 3.83333333333332993","25.8333333333333002"," 1.6666666666666701e+00","19.6974528487771749496","19.6974528487771749496"
"2016-01-15 22:20:00"," 410","10","23.260000000000002","39.000000000000000","22.500000000000000","38.430000000000000","21.260000000000002","41.789999999999999","20.760000000000002","42.796666666666702","21.596666666666700","77.099999999999994"," 2.399999999999999911","94.5900000000000034","19.100000000000001","39.226666666666702","20.760000000000002","44.363333333333301","17.289999999999999","41.399999999999999"," 2.3666666666666698e+00","760.20000000000005"," 95.666666666666700"," 3.66666666666667007","28.6666666666666998"," 1.7333333333333301e+00","47.5475504528731107712","47.5475504528731107712"
"2016-01-15 22:30:00"," 150"," 0","23.260000000000002","39.193333333333300","22.426666666666701","38.156666666666702","21.199999999999999","41.789999999999999","21.145000000000000","43.189999999999998","21.260000000000002","75.689999999999998"," 2.399999999999999911","94.5000000000000000","19.100000000000001","39.633333333333297","20.789999999999999","44.729999999999997","17.356666666666701","43.133333333333297"," 2.4500000000000002e+00","760.29999999999995"," 95.500000000000000"," 3.50000000000000000","31.5000000000000000"," 1.8000000000000000e+00"," 5.3324159816838800907"," 5.3324159816838800907"
"2016-01-15 22:40:00","  80","10","23.199999999999999","39.229999999999997","22.390000000000001","38.200000000000003","21.199999999999999","41.863333333333301","21.699999999999999","43.100000000000001","21.133333333333301","75.430000000000007"," 2.399999999999999911","94.5000000000000000","19.000000000000000","39.799999999999997","20.789999999999999","44.863333333333301","17.533333333333299","44.366666666666703"," 2.5333333333333301e+00","760.39999999999998"," 95.333333333333300"," 3.33333333333332993","34.3333333333333002"," 1.8666666666666700e+00","46.7380058253183960915","46.7380058253183960915"
"2016-01-15 22:50:00","  80","10","23.199999999999999","39.363333333333301","22.390000000000001","38.259999999999998","21.133333333333301","41.863333333333301","21.699999999999999","42.899999999999999","20.856666666666701","74.066666666666706"," 2.399999999999999911","94.5000000000000000","19.000000000000000","40.060000000000002","20.789999999999999","45.096666666666700","17.600000000000001","44.960000000000001"," 2.6166666666666698e+00","760.50000000000000"," 95.166666666666700"," 3.16666666666667007","37.1666666666666998"," 1.9333333333333300e+00","17.3081049928441643715","17.3081049928441643715"
"2016-01-15 23:00:00","  70","10","23.199999999999999","39.500000000000000","22.390000000000001","38.326666666666704","21.100000000000001","41.899999999999999","21.566666666666698","42.933333333333302","20.730000000000000","72.733333333333306"," 2.326666666666670213","94.5600000000000023","19.000000000000000","40.229999999999997","20.789999999999999","45.490000000000002","17.600000000000001","45.500000000000000"," 2.7000000000000002e+00","760.60000000000002"," 95.000000000000000"," 3.00000000000000000","40.0000000000000000"," 2.0000000000000000e+00","26.6530302935279905796","26.6530302935279905796"
"2016-01-15 23:10:00","  70","10","23.199999999999999","39.560000000000002","22.390000000000001","38.399999999999999","21.100000000000001","41.966666666666697","21.500000000000000","43.133333333333297","20.666666666666700","70.590000000000003"," 2.290000000000000036","94.5000000000000000","18.926666666666701","40.289999999999999","20.745000000000001","46.145000000000003","17.666666666666700","45.899999999999999"," 2.6499999999999999e+00","760.68333333333305"," 95.333333333333300"," 3.00000000000000000","38.0000000000000000"," 1.9833333333333301e+00","26.9397149677388370037","26.9397149677388370037"
"2016-01-15 23:20:00","  70"," 0","23.100000000000001","39.626666666666701","22.323333333333299","38.500000000000000","21.100000000000001","41.933333333333302","21.390000000000001","43.326666666666704","20.600000000000001","68.590000000000003"," 2.290000000000000036","94.5000000000000000","18.890000000000001","40.289999999999999","20.699999999999999","46.656666666666702","17.730000000000000","46.229999999999997"," 2.6000000000000001e+00","760.76666666666699"," 95.666666666666700"," 3.00000000000000000","36.0000000000000000"," 1.9666666666666699e+00","35.7358974870294332504","35.7358974870294332504"
"2016-01-15 23:30:00","  60","10","23.100000000000001","39.700000000000003","22.323333333333299","38.560000000000002","21.100000000000001","42.000000000000000","21.390000000000001","43.466666666666697","20.463333333333299","65.866666666666703"," 2.290000000000000036","94.5300000000000011","18.890000000000001","40.289999999999999","20.699999999999999","46.930000000000000","17.789999999999999","46.430000000000000"," 2.5499999999999998e+00","760.85000000000002"," 96.000000000000000"," 3.00000000000000000","34.0000000000000000"," 1.9500000000000000e+00","20.2895250055007636547","20.2895250055007636547"
"2016-01-15 23:40:00","  60","10","23.100000000000001","39.759999999999998","22.260000000000002","38.663333333333298","21.066666666666698","41.899999999999999","21.289999999999999","43.626666666666701","20.390000000000001","63.866666666666703"," 2.229999999999999982","94.5900000000000034","18.789999999999999","40.244999999999997","20.600000000000001","47.066666666666698","17.789999999999999","46.626666666666701"," 2.5000000000000000e+00","760.93333333333305"," 96.333333333333300"," 3.00000000000000000","32.0000000000000000"," 1.9333333333333300e+00"," 7.6394070638343691826"," 7.6394070638343691826"
"2016-01-15 23:50:00","  50","10","23.000000000000000","39.799999999999997","22.199999999999999","38.663333333333298","21.066666666666698","41.966666666666697","21.230000000000000","43.759999999999998","20.356666666666701","61.926666666666698"," 2.000000000000000000","94.4000000000000057","18.789999999999999","40.289999999999999","20.600000000000001","47.259999999999998","17.864999999999998","46.875000000000000"," 2.4500000000000002e+00","761.01666666666699"," 96.666666666666700"," 3.00000000000000000","30.0000000000000000"," 1.9166666666666701e+00","17.0116380671970546246","17.0116380671970546246"
"2016-01-16 00:00:00","  50"," 0","23.000000000000000","40.000000000000000","22.149999999999999","38.789999999999999","21.000000000000000","41.899999999999999","21.199999999999999","43.789999999999999","20.289999999999999","60.593333333333298"," 2.000000000000000000","94.4666666666666970","18.789999999999999","40.363333333333301","20.600000000000001","47.433333333333302","17.890000000000001","47.060000000000002"," 2.3999999999999999e+00","761.10000000000002"," 97.000000000000000"," 3.00000000000000000","28.0000000000000000"," 1.8999999999999999e+00","31.3327423762530088425","31.3327423762530088425"
"2016-01-16 00:10:00","  50"," 0","22.890000000000001","40.126666666666701","22.100000000000001","38.933333333333302","21.000000000000000","41.899999999999999","21.133333333333301","43.789999999999999","20.199999999999999","59.496666666666698"," 2.000000000000000000","94.4000000000000057","18.789999999999999","40.399999999999999","20.600000000000001","47.560000000000002","17.890000000000001","47.060000000000002"," 2.3750000000000000e+00","761.15833333333296"," 96.833333333333300"," 3.16666666666667007","29.0000000000000000"," 1.8583333333333301e+00"," 2.8686339152045547962"," 2.8686339152045547962"
"2016-01-16 00:20:00","  30"," 0","22.890000000000001","40.200000000000003","22.033333333333299","39.000000000000000","21.000000000000000","41.899999999999999","21.000000000000000","43.700000000000003","20.199999999999999","58.829999999999998"," 2.060000000000000053","94.4666666666666970","18.789999999999999","40.466666666666697","20.600000000000001","47.826666666666704","17.890000000000001","47.000000000000000"," 2.3500000000000001e+00","761.21666666666704"," 96.666666666666700"," 3.33333333333332993","30.0000000000000000"," 1.8166666666666700e+00","42.5833819899708032608","42.5833819899708032608"
"2016-01-16 00:30:00","  20"," 0","22.789999999999999","40.090000000000003","22.000000000000000","39.126666666666701","21.000000000000000","41.899999999999999","20.926666666666701","43.700000000000003","20.066666666666698","58.033333333333303"," 2.089999999999999858","94.5000000000000000","18.699999999999999","40.530000000000001","20.600000000000001","47.966666666666697","17.890000000000001","47.000000000000000"," 2.3250000000000002e+00","761.27499999999998"," 96.500000000000000"," 3.50000000000000000","31.0000000000000000"," 1.7749999999999999e+00","10.6322672916576266289","10.6322672916576266289"
"2016-01-16 00:40:00","  40"," 0","22.789999999999999","40.163333333333298","22.000000000000000","39.259999999999998","21.000000000000000","41.899999999999999","20.760000000000002","43.700000000000003","20.000000000000000","57.426666666666698"," 2.089999999999999858","94.5224999999999937","18.699999999999999","40.663333333333298","20.500000000000000","48.126666666666701","17.890000000000001","47.000000000000000"," 2.2999999999999998e+00","761.33333333333303"," 96.333333333333300"," 3.66666666666667007","32.0000000000000000"," 1.7333333333333301e+00","26.9731013919226825237","26.9731013919226825237"
"2016-01-16 00:50:00","  50"," 0","22.760000000000002","40.229999999999997","21.890000000000001","39.289999999999999","20.890000000000001","41.933333333333302","20.699999999999999","43.700000000000003","20.000000000000000","56.766666666666701"," 2.089999999999999858","94.5900000000000034","18.699999999999999","40.766666666666701","20.500000000000000","48.200000000000003","17.890000000000001","47.000000000000000"," 2.2749999999999999e+00","761.39166666666699"," 96.166666666666700"," 3.83333333333332993","33.0000000000000000"," 1.6916666666666700e+00"," 6.8243793095462024212"," 6.8243793095462024212"
"2016-01-16 01:00:00","  50"," 0","22.699999999999999","40.289999999999999","21.890000000000001","39.363333333333301","20.890000000000001","42.000000000000000","20.666666666666700","43.663333333333298","20.000000000000000","56.299999999999997"," 2.126666666666670036","94.5900000000000034","18.699999999999999","40.966666666666697","20.390000000000001","48.060000000000002","17.890000000000001","47.000000000000000"," 2.2500000000000000e+00","761.45000000000005"," 96.000000000000000"," 4.00000000000000000","34.0000000000000000"," 1.6499999999999999e+00","16.2432570243254303932","16.2432570243254303932"
"2016-01-16 01:10:00","  50"," 0","22.666666666666700","40.289999999999999","21.856666666666701","39.399999999999999","20.890000000000001","42.090000000000003","20.600000000000001","43.530000000000001","19.890000000000001","55.645000000000003"," 2.126666666666670036","94.5300000000000011","18.699999999999999","41.090000000000003","20.390000000000001","48.060000000000002","17.890000000000001","47.000000000000000"," 2.2250000000000001e+00","761.50833333333298"," 95.833333333333300"," 4.16666666666666963","35.0000000000000000"," 1.6083333333333301e+00","31.0538146877661347389","31.0538146877661347389"
"2016-01-16 01:20:00","  60"," 0","22.600000000000001","40.289999999999999","21.789999999999999","39.466666666666697","20.890000000000001","42.030000000000001","20.500000000000000","43.500000000000000","19.789999999999999","54.990000000000002"," 2.089999999999999858","94.5600000000000023","18.699999999999999","41.223333333333301","20.289999999999999","48.266666666666701","17.890000000000001","47.060000000000002"," 2.2000000000000002e+00","761.56666666666695"," 95.666666666666700"," 4.33333333333333037","36.0000000000000000"," 1.5666666666666700e+00","12.7991124289110302925","12.7991124289110302925"
"2016-01-16 01:30:00","  50"," 0","22.600000000000001","40.289999999999999","21.699999999999999","39.530000000000001","20.890000000000001","42.090000000000003","20.426666666666701","43.433333333333302","19.789999999999999","54.656666666666702"," 2.089999999999999858","94.5000000000000000","18.699999999999999","41.326666666666704","20.289999999999999","48.526666666666699","17.890000000000001","47.000000000000000"," 2.1749999999999998e+00","761.62500000000000"," 95.500000000000000"," 4.50000000000000000","37.0000000000000000"," 1.5249999999999999e+00","31.7437899415381252766","31.7437899415381252766"
"2016-01-16 01:40:00","  60"," 0","22.600000000000001","40.289999999999999","21.699999999999999","39.590000000000003","20.890000000000001","42.030000000000001","20.356666666666701","43.500000000000000","19.760000000000002","54.296666666666702"," 2.200000000000000178","94.5000000000000000","18.699999999999999","41.399999999999999","20.289999999999999","48.590000000000003","17.890000000000001","47.000000000000000"," 2.1499999999999999e+00","761.68333333333305"," 95.333333333333300"," 4.66666666666666963","38.0000000000000000"," 1.4833333333333301e+00","24.2836053483188152313","24.2836053483188152313"
"2016-01-16 01:50:00","  50"," 0","22.500000000000000","40.289999999999999","21.666666666666700","39.560000000000002","20.856666666666701","42.060000000000002","20.289999999999999","43.500000000000000","19.699999999999999","53.963333333333303"," 2.200000000000000178","94.5000000000000000","18.699999999999999","41.433333333333302","20.230000000000000","48.663333333333298","17.890000000000001","47.030000000000001"," 2.1250000000000000e+00","761.74166666666702"," 95.166666666666700"," 4.83333333333333037","39.0000000000000000"," 1.4416666666666700e+00","46.9088458339683711529","46.9088458339683711529"
"2016-01-16 02:00:00","  40"," 0","22.500000000000000","40.289999999999999","21.600000000000001","39.560000000000002","20.789999999999999","41.933333333333302","20.230000000000000","43.433333333333302","19.666666666666700","53.600000000000001"," 2.089999999999999858","94.5000000000000000","18.699999999999999","41.633333333333297","20.199999999999999","48.890000000000001","17.890000000000001","47.090000000000003"," 2.1000000000000001e+00","761.79999999999995"," 95.000000000000000"," 5.00000000000000000","40.0000000000000000"," 1.3999999999999999e+00","42.8750768536701798439","42.8750768536701798439"
"2016-01-16 02:10:00","  50"," 0","22.390000000000001","40.200000000000003","21.500000000000000","39.590000000000003","20.789999999999999","41.826666666666704","20.199999999999999","43.399999999999999","19.600000000000001","53.326666666666704"," 2.089999999999999858","94.5000000000000000","18.699999999999999","41.826666666666704","20.199999999999999","49.296666666666702","17.890000000000001","47.090000000000003"," 2.0000000000000000e+00","761.86666666666702"," 95.000000000000000"," 4.50000000000000000","40.0000000000000000"," 1.3000000000000000e+00","18.5441768844611942768","18.5441768844611942768"
"2016-01-16 02:20:00","  50"," 0","22.390000000000001","40.200000000000003","21.500000000000000","39.590000000000003","20.789999999999999","41.826666666666704","20.199999999999999","43.399999999999999","19.600000000000001","53.060000000000002"," 1.966666666666669894","94.4000000000000057","18.699999999999999","41.826666666666704","20.199999999999999","49.645000000000003","17.890000000000001","47.090000000000003"," 1.8999999999999999e+00","761.93333333333305"," 95.000000000000000"," 4.00000000000000000","40.0000000000000000"," 1.2000000000000000e+00","15.7100914977490901947","15.7100914977490901947"
"2016-01-16 02:30:00","  50"," 0","22.356666666666701","40.200000000000003","21.463333333333299","39.560000000000002","20.699999999999999","41.789999999999999","20.100000000000001","43.399999999999999","19.600000000000001","52.933333333333302"," 1.826666666666669991","94.3333333333333002","18.699999999999999","41.700000000000003","20.199999999999999","49.700000000000003","17.890000000000001","47.090000000000003"," 1.8000000000000000e+00","762.00000000000000"," 95.000000000000000"," 3.50000000000000000","40.0000000000000000"," 1.1000000000000001e+00","41.4267179905436933041","41.4267179905436933041"
"2016-01-16 02:40:00","  50"," 0","22.289999999999999","40.200000000000003","21.390000000000001","39.500000000000000","20.699999999999999","41.863333333333301","20.100000000000001","43.399999999999999","19.566666666666698","52.663333333333298"," 1.666666666666670071","94.4000000000000057","18.699999999999999","41.759999999999998","20.199999999999999","49.700000000000003","17.890000000000001","47.090000000000003"," 1.7000000000000000e+00","762.06666666666695"," 95.000000000000000"," 3.00000000000000000","40.0000000000000000"," 1.0000000000000000e+00","22.5920756580308079720","22.5920756580308079720"
"2016-01-16 02:50:00","  40"," 0","22.289999999999999","40.200000000000003","21.356666666666701","39.560000000000002","20.699999999999999","41.899999999999999","20.000000000000000","43.289999999999999","19.500000000000000","52.530000000000001"," 1.459999999999999964","94.4000000000000057","18.699999999999999","41.645000000000003","20.199999999999999","49.700000000000003","17.890000000000001","47.200000000000003"," 1.6000000000000001e+00","762.13333333333298"," 95.000000000000000"," 2.50000000000000000","40.0000000000000000"," 9.0000000000000002e-01","15.7939206110313534737","15.7939206110313534737"
"2016-01-16 03:00:00","  30"," 0","22.199999999999999","40.090000000000003","21.289999999999999","39.560000000000002","20.699999999999999","41.899999999999999","20.000000000000000","43.289999999999999","19.500000000000000","52.363333333333301"," 1.133333333333329973","94.4666666666666970","18.699999999999999","41.626666666666701","20.133333333333301","49.700000000000003","17.890000000000001","47.200000000000003"," 1.5000000000000000e+00","762.20000000000005"," 95.000000000000000"," 2.00000000000000000","40.0000000000000000"," 8.0000000000000004e-01"," 4.8904268769547343254"," 4.8904268769547343254"
"2016-01-16 03:10:00","  30"," 0","22.199999999999999","40.090000000000003","21.289999999999999","39.590000000000003","20.666666666666700","41.759999999999998","19.963333333333299","43.289999999999999","19.426666666666701","52.156666666666702"," 0.933333333333333015","94.4000000000000057","18.699999999999999","41.700000000000003","20.100000000000001","49.700000000000003","17.890000000000001","47.200000000000003"," 1.3500000000000001e+00","762.21666666666704"," 95.333333333333300"," 2.00000000000000000","37.1666666666666998"," 6.9999999999999996e-01"," 3.2450268277898430824"," 3.2450268277898430824"
"2016-01-16 03:20:00","  40"," 0","22.166666666666700","40.090000000000003","21.267499999999998","39.567500000000003","20.600000000000001","41.700000000000003","19.890000000000001","43.289999999999999","19.390000000000001","51.966666666666697"," 0.750000000000000000","94.4500000000000028","18.699999999999999","41.700000000000003","20.100000000000001","49.700000000000003","17.890000000000001","47.289999999999999"," 1.2000000000000000e+00","762.23333333333301"," 95.666666666666700"," 2.00000000000000000","34.3333333333333002"," 5.9999999999999998e-01","34.4728683237917721272","34.4728683237917721272"
"2016-01-16 03:30:00","  50"," 0","22.100000000000001","40.090000000000003","21.199999999999999","39.560000000000002","20.566666666666698","41.700000000000003","19.856666666666701","43.259999999999998","19.390000000000001","51.826666666666704"," 0.533333333333332993","94.5300000000000011","18.699999999999999","41.700000000000003","20.100000000000001","49.663333333333298","17.890000000000001","47.289999999999999"," 1.0500000000000000e+00","762.25000000000000"," 96.000000000000000"," 2.00000000000000000","31.5000000000000000"," 5.0000000000000000e-01","33.4025301970541477203","33.4025301970541477203"
"2016-01-16 03:40:00","  50"," 0","22.066666666666698","40.060000000000002","21.100000000000001","39.590000000000003","20.500000000000000","41.700000000000003","19.789999999999999","43.200000000000003","19.356666666666701","51.759999999999998"," 0.266666666666666996","94.6566666666666947","18.699999999999999","41.700000000000003","20.100000000000001","49.530000000000001","17.890000000000001","47.289999999999999"," 9.0000000000000002e-01","762.26666666666699"," 96.333333333333300"," 2.00000000000000000","28.6666666666666998"," 4.0000000000000002e-01","45.2273323899134993553","45.2273323899134993553"
"2016-01-16 03:50:00","  50"," 0","22.000000000000000","40.000000000000000","21.100000000000001","39.590000000000003","20.500000000000000","41.789999999999999","19.789999999999999","43.200000000000003","19.289999999999999","51.626666666666701"," 0.133333333333332998","94.7266666666667021","18.699999999999999","41.700000000000003","20.066666666666698","49.430000000000000","17.890000000000001","47.229999999999997"," 7.5000000000000000e-01","762.28333333333296"," 96.666666666666700"," 2.00000000000000000","25.8333333333333002"," 2.9999999999999999e-01","15.0846635224297642708","15.0846635224297642708"
"2016-01-16 04:00:00","  50"," 0","21.963333333333299","40.000000000000000","21.066666666666698","39.560000000000002","20.500000000000000","41.789999999999999","19.789999999999999","43.200000000000003","19.289999999999999","51.560000000000002","-0.266666666666666996","94.7266666666667021","18.699999999999999","41.626666666666701","20.066666666666698","49.289999999999999","17.890000000000001","47.259999999999998"," 5.9999999999999998e-01","762.29999999999995"," 97.000000000000000"," 2.00000000000000000","23.0000000000000000"," 2.0000000000000001e-01","46.6404352337121963501","46.6404352337121963501"
"2016-01-16 04:10:00","  60"," 0","21.890000000000001","40.000000000000000","21.000000000000000","39.500000000000000","20.500000000000000","41.789999999999999","19.699999999999999","43.200000000000003","19.289999999999999","51.433333333333302","-0.533333333333332993","94.7999999999999972","18.699999999999999","41.759999999999998","20.000000000000000","49.163333333333298","17.963333333333299","47.200000000000003"," 5.9999999999999998e-01","762.35000000000002"," 96.833333333333300"," 2.16666666666667007","22.5000000000000000"," 1.6666666666666699e-01","10.0991508690640330315","10.0991508690640330315"
"2016-01-16 04:20:00","  50"," 0","21.890000000000001","40.000000000000000","21.000000000000000","39.500000000000000","20.500000000000000","41.759999999999998","19.699999999999999","43.200000000000003","19.199999999999999","51.289999999999999","-0.666666666666666963","94.8666666666667027","18.699999999999999","41.729999999999997","20.000000000000000","49.030000000000001","17.890000000000001","47.229999999999997"," 5.9999999999999998e-01","762.39999999999998"," 96.666666666666700"," 2.33333333333332993","22.0000000000000000"," 1.3333333333333300e-01","39.6189377992413938046","39.6189377992413938046"
"2016-01-16 04:30:00","  50"," 0","21.890000000000001","40.000000000000000","20.926666666666701","39.500000000000000","20.500000000000000","41.700000000000003","19.699999999999999","43.163333333333298","19.199999999999999","51.222499999999997","-0.766666666666667052","94.7999999999999972","18.699999999999999","41.729999999999997","19.963333333333299","49.000000000000000","17.890000000000001","47.289999999999999"," 5.9999999999999998e-01","762.45000000000005"," 96.500000000000000"," 2.50000000000000000","21.5000000000000000"," 1.0000000000000001e-01","11.2315254402346909046","11.2315254402346909046"
"2016-01-16 04:40:00","  40"," 0","21.789999999999999","39.899999999999999","20.890000000000001","39.530000000000001","20.500000000000000","41.700000000000003","19.699999999999999","43.090000000000003","19.199999999999999","51.200000000000003","-0.500000000000000000","94.8666666666667027","18.699999999999999","41.789999999999999","19.890000000000001","49.000000000000000","17.890000000000001","47.289999999999999"," 5.9999999999999998e-01","762.50000000000000"," 96.333333333333300"," 2.66666666666667007","21.0000000000000000"," 6.6666666666666693e-02"," 1.5378285548649728298"," 1.5378285548649728298"
"2016-01-16 04:50:00","  50"," 0","21.789999999999999","39.899999999999999","20.890000000000001","39.590000000000003","20.500000000000000","41.700000000000003","19.600000000000001","43.000000000000000","19.133333333333301","51.090000000000003","-0.366666666666666974","95.0000000000000000","18.699999999999999","41.789999999999999","19.890000000000001","49.000000000000000","17.890000000000001","47.289999999999999"," 5.9999999999999998e-01","762.54999999999995"," 96.166666666666700"," 2.83333333333332993","20.5000000000000000"," 3.3333333333333298e-02","43.1017020600847899914","43.1017020600847899914"
"2016-01-16 05:00:00","  50"," 0","21.760000000000002","39.899999999999999","20.789999999999999","39.500000000000000","20.500000000000000","41.826666666666704","19.574999999999999","43.000000000000000","19.199999999999999","51.030000000000001","-0.500000000000000000","95.0000000000000000","18.699999999999999","41.789999999999999","19.890000000000001","49.000000000000000","17.890000000000001","47.289999999999999"," 5.9999999999999998e-01","762.60000000000002"," 96.000000000000000"," 3.00000000000000000","20.0000000000000000"," 0.0000000000000000e+00","34.2553752590902149677","34.2553752590902149677"
"2016-01-16 05:10:00","  50"," 0","21.699999999999999","39.899999999999999","20.789999999999999","39.500000000000000","20.500000000000000","41.899999999999999","19.566666666666698","43.000000000000000","19.100000000000001","51.000000000000000","-0.633333333333332971","94.9000000000000057","18.699999999999999","41.729999999999997","19.890000000000001","49.000000000000000","17.890000000000001","47.289999999999999"," 5.8333333333333304e-01","762.54999999999995"," 96.000000000000000"," 3.00000000000000000","20.0000000000000000","-1.6666666666666701e-02","47.1037454786710441113","47.1037454786710441113"
"2016-01-16 05:20:00","  50"," 0","21.699999999999999","39.899999999999999","20.789999999999999","39.500000000000000","20.500000000000000","41.826666666666704","19.566666666666698","43.000000000000000","19.100000000000001","50.933333333333302","-0.699999999999999956","94.9000000000000057","18.600000000000001","41.700000000000003","19.890000000000001","49.060000000000002","17.926666666666701","47.229999999999997"," 5.6666666666666698e-01","762.50000000000000"," 96.000000000000000"," 3.00000000000000000","20.0000000000000000","-3.3333333333333298e-02","33.7926880223676562309","33.7926880223676562309"
"2016-01-16 05:30:00","  30"," 0","21.633333333333301","39.826666666666704","20.730000000000000","39.500000000000000","20.500000000000000","41.966666666666697","19.500000000000000","43.000000000000000","19.100000000000001","50.899999999999999","-0.533333333333332993","94.9000000000000057","18.666666666666700","41.759999999999998","19.890000000000001","49.200000000000003","17.926666666666701","47.289999999999999"," 5.5000000000000004e-01","762.45000000000005"," 96.000000000000000"," 3.00000000000000000","20.0000000000000000","-5.0000000000000003e-02","42.1560074202716350555","42.1560074202716350555"
"2016-01-16 05:40:00","  30"," 0","21.600000000000001","39.899999999999999","20.699999999999999","39.500000000000000","20.566666666666698","42.000000000000000","19.500000000000000","42.899999999999999","19.100000000000001","50.826666666666704","-0.333333333333332982","94.9666666666666970","18.666666666666700","41.789999999999999","19.864999999999998","49.094999999999999","17.890000000000001","47.289999999999999"," 5.3333333333333299e-01","762.39999999999998"," 96.000000000000000"," 3.00000000000000000","20.0000000000000000","-6.6666666666666693e-02","18.0947092478163540363","18.0947092478163540363"
"2016-01-16 05:50:00","  30"," 0","21.600000000000001","39.899999999999999","20.699999999999999","39.560000000000002","20.566666666666698","42.000000000000000","19.500000000000000","42.899999999999999","19.066666666666698","50.833333333333300","-0.200000000000000011","94.9000000000000057","18.666666666666700","41.789999999999999","19.856666666666701","49.000000000000000","17.890000000000001","47.289999999999999"," 5.1666666666666705e-01","762.35000000000002"," 96.000000000000000"," 3.00000000000000000","20.0000000000000000","-8.3333333333333301e-02","19.6182942599989473820","19.6182942599989473820"
"2016-01-16 06:00:00","  50"," 0","21.500000000000000","39.899999999999999","20.666666666666700","39.500000000000000","20.566666666666698","42.000000000000000","19.390000000000001","42.863333333333301","19.000000000000000","50.700000000000003","-0.125000000000000000","94.9749999999999943","18.600000000000001","41.700000000000003","19.789999999999999","49.030000000000001","17.890000000000001","47.289999999999999"," 5.0000000000000000e-01","762.29999999999995"," 96.000000000000000"," 3.00000000000000000","20.0000000000000000","-1.0000000000000001e-01","28.3843698794953525066","28.3843698794953525066"
"2016-01-16 06:10:00","  50"," 0","21.500000000000000","39.924999999999997","20.600000000000001","39.560000000000002","20.500000000000000","42.000000000000000","19.390000000000001","42.789999999999999","19.000000000000000","50.700000000000003"," 0.033333333333333298","95.0000000000000000","18.600000000000001","41.789999999999999","19.789999999999999","49.090000000000003","17.890000000000001","47.289999999999999"," 5.8333333333333304e-01","762.31666666666695"," 96.000000000000000"," 3.00000000000000000","27.1666666666666998","-1.6666666666666701e-02"," 4.7576066805049777031"," 4.7576066805049777031"
"2016-01-16 06:20:00","  40"," 0","21.426666666666701","39.933333333333302","20.600000000000001","39.590000000000003","20.500000000000000","42.200000000000003","19.390000000000001","42.789999999999999","19.000000000000000","50.700000000000003"," 0.233333333333333004","94.9000000000000057","18.600000000000001","41.789999999999999","19.789999999999999","49.090000000000003","17.890000000000001","47.289999999999999"," 6.6666666666666696e-01","762.33333333333303"," 96.000000000000000"," 3.00000000000000000","34.3333333333333002"," 6.6666666666666693e-02"," 9.6892035799100995064"," 9.6892035799100995064"
"2016-01-16 06:30:00","  60"," 0","21.390000000000001","39.899999999999999","20.574999999999999","39.617500000000000","20.566666666666698","42.200000000000003","19.390000000000001","42.789999999999999","19.000000000000000","50.590000000000003"," 0.366666666666666974","94.9000000000000057","18.600000000000001","41.789999999999999","19.789999999999999","49.090000000000003","17.890000000000001","47.289999999999999"," 7.5000000000000000e-01","762.35000000000002"," 96.000000000000000"," 3.00000000000000000","41.5000000000000000"," 1.4999999999999999e-01","29.4033196521922945976","29.4033196521922945976"
"2016-01-16 06:40:00","  60"," 0","21.390000000000001","39.899999999999999","20.500000000000000","39.700000000000003","20.533333333333299","42.200000000000003","19.289999999999999","42.789999999999999","19.000000000000000","50.590000000000003"," 0.500000000000000000","95.0300000000000011","18.600000000000001","41.789999999999999","19.789999999999999","49.090000000000003","17.890000000000001","47.289999999999999"," 8.3333333333333304e-01","762.36666666666702"," 96.000000000000000"," 3.00000000000000000","48.6666666666666998"," 2.3333333333333300e-01","37.5752084073610603809","37.5752084073610603809"
"2016-01-16 06:50:00","  50"," 0","21.356666666666701","39.933333333333302","20.500000000000000","39.700000000000003","20.600000000000001","42.200000000000003","19.289999999999999","42.789999999999999","18.890000000000001","50.590000000000003"," 0.566666666666666985","95.0300000000000011","18.600000000000001","41.826666666666704","19.789999999999999","49.090000000000003","17.890000000000001","47.289999999999999"," 9.1666666666666696e-01","762.38333333333298"," 96.000000000000000"," 3.00000000000000000","55.8333333333333002"," 3.1666666666666698e-01","43.3619393617846071720","43.3619393617846071720"
"2016-01-16 07:00:00","  50"," 0","21.289999999999999","40.000000000000000","20.500000000000000","39.759999999999998","20.600000000000001","42.200000000000003","19.289999999999999","42.789999999999999","18.890000000000001","50.590000000000003"," 0.633333333333332971","95.0300000000000011","18.600000000000001","41.966666666666697","19.760000000000002","49.126666666666701","17.890000000000001","47.289999999999999"," 1.0000000000000000e+00","762.39999999999998"," 96.000000000000000"," 3.00000000000000000","63.0000000000000000"," 4.0000000000000002e-01","18.5897868592292070389","18.5897868592292070389"
"2016-01-16 07:10:00","  50"," 0","21.289999999999999","40.030000000000001","20.463333333333299","39.759999999999998","20.699999999999999","42.289999999999999","19.289999999999999","42.789999999999999","18.890000000000001","50.590000000000003"," 0.766666666666667052","95.1566666666666947","18.600000000000001","42.200000000000003","19.699999999999999","49.259999999999998","17.890000000000001","47.326666666666704"," 1.0333333333333301e+00","762.41666666666697"," 96.000000000000000"," 3.00000000000000000","63.0000000000000000"," 4.3333333333333302e-01","39.9407274788245558739","39.9407274788245558739"
"2016-01-16 07:20:00"," 220"," 0","21.230000000000000","40.030000000000001","20.390000000000001","39.700000000000003","20.633333333333301","42.229999999999997","19.260000000000002","42.759999999999998","18.890000000000001","50.590000000000003"," 0.833333333333333037","95.1899999999999977","18.600000000000001","42.200000000000003","19.760000000000002","49.433333333333302","17.890000000000001","47.399999999999999"," 1.0666666666666700e+00","762.43333333333305"," 96.000000000000000"," 3.00000000000000000","63.0000000000000000"," 4.6666666666666701e-01"," 2.9157196287997066975"," 2.9157196287997066975"
"2016-01-16 07:30:00"," 390","10","21.199999999999999","39.863333333333301","20.356666666666701","39.560000000000002","20.666666666666700","42.259999999999998","19.199999999999999","42.759999999999998","18.890000000000001","50.560000000000002"," 0.900000000000000022","95.1899999999999977","18.600000000000001","42.200000000000003","19.760000000000002","49.560000000000002","17.890000000000001","47.399999999999999"," 1.1000000000000001e+00","762.45000000000005"," 96.000000000000000"," 3.00000000000000000","63.0000000000000000"," 5.0000000000000000e-01","31.1717854696325957775","31.1717854696325957775"
"2016-01-16 07:40:00"," 380","10","21.199999999999999","39.789999999999999","20.289999999999999","39.500000000000000","20.600000000000001","42.200000000000003","19.596666666666700","43.030000000000001","18.840000000000000","49.770000000000003"," 0.833333333333333037","95.1899999999999977","18.600000000000001","42.200000000000003","19.789999999999999","49.500000000000000","17.890000000000001","47.326666666666704"," 1.1333333333333300e+00","762.46666666666704"," 96.000000000000000"," 3.00000000000000000","63.0000000000000000"," 5.3333333333333299e-01","17.8320703329518437386","17.8320703329518437386"
"2016-01-16 07:50:00"," 390","10","21.199999999999999","39.963333333333303","20.315000000000001","39.549999999999997","20.633333333333301","42.229999999999997","20.063333333333301","43.030000000000001","18.963333333333299","48.466666666666697"," 0.966666666666667007","95.1233333333333064","18.600000000000001","42.163333333333298","19.730000000000000","49.500000000000000","17.890000000000001","47.289999999999999"," 1.1666666666666701e+00","762.48333333333301"," 96.000000000000000"," 3.00000000000000000","63.0000000000000000"," 5.6666666666666698e-01","29.3963966192677617073","29.3963966192677617073"
"2016-01-16 08:00:00"," 390","10","21.199999999999999","40.223333333333301","20.390000000000001","39.759999999999998","20.699999999999999","42.229999999999997","20.545000000000002","42.950000000000003","19.133333333333301","47.563333333333297"," 1.133333333333329973","95.1899999999999977","18.600000000000001","42.090000000000003","19.699999999999999","49.466666666666697","17.890000000000001","47.229999999999997"," 1.2000000000000000e+00","762.50000000000000"," 96.000000000000000"," 3.00000000000000000","63.0000000000000000"," 5.9999999999999998e-01","45.6892321002669632435","45.6892321002669632435"
"2016-01-16 08:10:00"," 240","10","21.289999999999999","40.530000000000001","20.426666666666701","40.066666666666698","20.699999999999999","42.163333333333298","20.993333333333300","42.863333333333301","19.199999999999999","47.096666666666700"," 1.199999999999999956","95.1899999999999977","18.600000000000001","42.000000000000000","19.760000000000002","49.399999999999999","17.890000000000001","47.163333333333298"," 1.2166666666666699e+00","762.54999999999995"," 96.166666666666700"," 3.00000000000000000","63.0000000000000000"," 6.3333333333333297e-01"," 9.9721091450192034245"," 9.9721091450192034245"
"2016-01-16 08:20:00","  40","10","21.356666666666701","40.663333333333298","20.566666666666698","40.259999999999998","20.699999999999999","42.090000000000003","21.260000000000002","42.656666666666702","19.323333333333299","46.693333333333300"," 1.100000000000000089","95.1899999999999977","18.600000000000001","42.000000000000000","19.699999999999999","49.433333333333302","17.890000000000001","47.090000000000003"," 1.2333333333333301e+00","762.60000000000002"," 96.333333333333300"," 3.00000000000000000","63.0000000000000000"," 6.6666666666666696e-01","18.4541811933740973473","18.4541811933740973473"
"2016-01-16 08:30:00","  70","10","21.500000000000000","40.700000000000003","20.633333333333301","40.326666666666704","20.789999999999999","42.000000000000000","21.356666666666701","42.500000000000000","19.463333333333299","46.500000000000000"," 1.166666666666670071","95.1899999999999977","18.600000000000001","42.266666666666701","19.760000000000002","49.500000000000000","17.890000000000001","47.000000000000000"," 1.2500000000000000e+00","762.64999999999998"," 96.500000000000000"," 3.00000000000000000","63.0000000000000000"," 6.9999999999999996e-01","33.5704163881018757820","33.5704163881018757820"
"2016-01-16 08:40:00","  50"," 0","21.500000000000000","41.033333333333303","20.699999999999999","40.466666666666697","20.730000000000000","42.000000000000000","21.230000000000000","42.500000000000000","19.533333333333299","46.363333333333301"," 1.149999999999999911","95.2450000000000045","18.600000000000001","42.466666666666697","19.699999999999999","49.500000000000000","17.823333333333299","46.859999999999999"," 1.2666666666666699e+00","762.70000000000005"," 96.666666666666700"," 3.00000000000000000","63.0000000000000000"," 7.3333333333333295e-01","38.4072275366634130478","38.4072275366634130478"
"2016-01-16 08:50:00","  50"," 0","21.500000000000000","41.799999999999997","20.789999999999999","40.590000000000003","20.666666666666700","42.060000000000002","21.166666666666700","42.626666666666701","19.600000000000001","46.229999999999997"," 1.033333333333330106","95.1899999999999977","18.600000000000001","42.500000000000000","19.699999999999999","49.560000000000002","17.890000000000001","46.863333333333301"," 1.2833333333333301e+00","762.75000000000000"," 96.833333333333300"," 3.00000000000000000","63.0000000000000000"," 7.6666666666666705e-01","26.1124138021841645241","26.1124138021841645241"
"2016-01-16 09:00:00","  70"," 0","21.566666666666698","42.526666666666699","20.856666666666701","40.723333333333301","20.666666666666700","42.266666666666701","21.033333333333299","42.626666666666701","19.699999999999999","46.259999999999998"," 1.226666666666669903","95.2633333333333070","18.600000000000001","42.560000000000002","19.699999999999999","49.500000000000000","17.890000000000001","46.729999999999997"," 1.3000000000000000e+00","762.79999999999995"," 97.000000000000000"," 3.00000000000000000","63.0000000000000000"," 8.0000000000000004e-01","41.4037509006448090076","41.4037509006448090076"
"2016-01-16 09:10:00","  60"," 0","21.633333333333301","42.100000000000001","20.926666666666701","40.789999999999999","20.699999999999999","42.399999999999999","20.890000000000001","42.663333333333298","19.760000000000002","46.259999999999998"," 1.389999999999999902","95.2999999999999972","18.600000000000001","42.590000000000003","19.699999999999999","49.530000000000001","17.890000000000001","46.526666666666699"," 1.4166666666666701e+00","762.88333333333298"," 96.666666666666700"," 3.00000000000000000","55.8333333333333002"," 8.6666666666666703e-01","26.3548097340390086174","26.3548097340390086174"
"2016-01-16 09:20:00","  70"," 0","21.699999999999999","41.633333333333297","21.000000000000000","40.530000000000001","20.699999999999999","42.266666666666701","20.823333333333299","42.590000000000003","19.823333333333299","45.923333333333296"," 1.463333333333330044","95.3666666666667027","18.600000000000001","42.590000000000003","19.633333333333301","49.463333333333303","17.890000000000001","46.372500000000002"," 1.5333333333333301e+00","762.96666666666704"," 96.333333333333300"," 3.00000000000000000","48.6666666666666998"," 9.3333333333333302e-01","25.0877412501722574234","25.0877412501722574234"
"2016-01-16 09:30:00","  60"," 0","21.745000000000001","40.994999999999997","21.033333333333299","40.399999999999999","20.699999999999999","42.090000000000003","20.699999999999999","42.590000000000003","19.890000000000001","45.390000000000001"," 1.633333333333329973","95.4333333333332945","18.600000000000001","42.530000000000001","19.633333333333301","49.433333333333302","17.890000000000001","46.229999999999997"," 1.6499999999999999e+00","763.04999999999995"," 96.000000000000000"," 3.00000000000000000","41.5000000000000000"," 1.0000000000000000e+00","20.9986659931018948555","20.9986659931018948555"
"2016-01-16 09:40:00","  50"," 0","21.789999999999999","40.789999999999999","21.100000000000001","40.399999999999999","20.699999999999999","42.090000000000003","20.699999999999999","42.590000000000003","20.000000000000000","45.026666666666699"," 1.760000000000000009","95.5000000000000000","18.600000000000001","42.500000000000000","19.699999999999999","49.500000000000000","17.789999999999999","45.966666666666697"," 1.7666666666666699e+00","763.13333333333298"," 95.666666666666700"," 3.00000000000000000","34.3333333333333002"," 1.0666666666666700e+00","18.1149141630157828331","18.1149141630157828331"
"2016-01-16 09:50:00","  60"," 0","21.856666666666701","40.863333333333301","21.149999999999999","40.399999999999999","20.789999999999999","42.090000000000003","20.600000000000001","42.590000000000003","20.066666666666698","44.899999999999999"," 1.666666666666670071","95.4666666666666970","18.600000000000001","42.433333333333302","19.600000000000001","49.500000000000000","17.789999999999999","45.826666666666704"," 1.8833333333333300e+00","763.21666666666704"," 95.333333333333300"," 3.00000000000000000","27.1666666666666998"," 1.1333333333333300e+00"," 6.1714455136097967625"," 6.1714455136097967625"
"2016-01-16 10:00:00","  60"," 0","21.890000000000001","40.789999999999999","21.199999999999999","40.399999999999999","20.789999999999999","42.090000000000003","20.533333333333299","42.590000000000003","20.100000000000001","44.789999999999999"," 1.533333333333330106","95.4666666666666970","18.600000000000001","42.693333333333300","19.600000000000001","49.500000000000000","17.789999999999999","45.759999999999998"," 2.0000000000000000e+00","763.29999999999995"," 95.000000000000000"," 3.00000000000000000","20.0000000000000000"," 1.2000000000000000e+00","14.9080764735117554665","14.9080764735117554665"
"2016-01-16 10:10:00","  80"," 0","21.890000000000001","40.789999999999999","21.260000000000002","40.466666666666697","20.789999999999999","42.145000000000003","20.500000000000000","42.590000000000003","20.100000000000001","44.729999999999997"," 1.426666666666670080","95.4333333333332945","18.600000000000001","43.026666666666699","19.600000000000001","49.500000000000000","17.789999999999999","45.700000000000003"," 2.2500000000000000e+00","763.31666666666695"," 94.666666666666700"," 3.00000000000000000","20.0000000000000000"," 1.3999999999999999e+00","13.8338244869373738766","13.8338244869373738766"
"2016-01-16 10:20:00"," 100"," 0","21.890000000000001","40.826666666666704","21.289999999999999","40.466666666666697","20.789999999999999","42.200000000000003","20.500000000000000","42.530000000000001","20.133333333333301","44.700000000000003"," 1.500000000000000000","95.5000000000000000","18.699999999999999","43.229999999999997","19.600000000000001","49.500000000000000","17.789999999999999","45.560000000000002"," 2.5000000000000000e+00","763.33333333333303"," 94.333333333333300"," 3.00000000000000000","20.0000000000000000"," 1.6000000000000001e+00","38.5112677817232906818","38.5112677817232906818"
"2016-01-16 10:30:00","  60"," 0","21.963333333333299","41.100000000000001","21.356666666666701","40.399999999999999","20.789999999999999","42.200000000000003","20.500000000000000","42.466666666666697","20.199999999999999","44.700000000000003"," 1.800000000000000044","95.5900000000000034","18.699999999999999","43.229999999999997","19.600000000000001","49.626666666666701","17.856666666666701","45.500000000000000"," 2.7500000000000000e+00","763.35000000000002"," 94.000000000000000"," 3.00000000000000000","20.0000000000000000"," 1.8000000000000000e+00","38.9090651064179837704","38.9090651064179837704"
"2016-01-16 10:40:00","  70"," 0","22.000000000000000","41.333333333333300","21.390000000000001","40.326666666666704","20.789999999999999","42.266666666666701","20.500000000000000","42.326666666666704","20.199999999999999","44.700000000000003"," 2.000000000000000000","95.6566666666666947","18.699999999999999","42.966666666666697","19.600000000000001","49.759999999999998","17.823333333333299","45.289999999999999"," 3.0000000000000000e+00","763.36666666666702"," 93.666666666666700"," 3.00000000000000000","20.0000000000000000"," 2.0000000000000000e+00"," 7.1893640328198671341"," 7.1893640328198671341"
"2016-01-16 10:50:00","  60"," 0","22.000000000000000","41.126666666666701","21.390000000000001","40.466666666666697","20.856666666666701","42.466666666666697","20.500000000000000","42.326666666666704","20.199999999999999","44.700000000000003"," 2.029999999999999805","95.7266666666667021","18.699999999999999","42.966666666666697","19.633333333333301","49.826666666666704","17.890000000000001","45.289999999999999"," 3.2500000000000000e+00","763.38333333333298"," 93.333333333333300"," 3.00000000000000000","20.0000000000000000"," 2.2000000000000002e+00","25.7763075293041765690","25.7763075293041765690"
"2016-01-16 11:00:00","  60"," 0","22.033333333333299","41.030000000000001","21.500000000000000","40.560000000000002","20.926666666666701","42.500000000000000","20.500000000000000","42.326666666666704","20.199999999999999","44.590000000000003"," 2.223333333333330053","95.8666666666667027","18.823333333333299","43.030000000000001","19.699999999999999","49.966666666666697","17.890000000000001","45.259999999999998"," 3.5000000000000000e+00","763.39999999999998"," 93.000000000000000"," 3.00000000000000000","20.0000000000000000"," 2.3999999999999999e+00","29.8620242741890251637","29.8620242741890251637"
"2016-01-16 11:10:00","  50"," 0","22.100000000000001","41.030000000000001","21.500000000000000","40.500000000000000","21.000000000000000","42.500000000000000","20.566666666666698","42.259999999999998","20.289999999999999","44.663333333333298"," 2.259999999999999787","95.8666666666667027","18.890000000000001","43.090000000000003","19.699999999999999","49.933333333333302","17.890000000000001","45.200000000000003"," 3.7000000000000002e+00","763.48333333333301"," 92.000000000000000"," 3.00000000000000000","20.5000000000000000"," 2.4500000000000002e+00","25.2921512001194059849","25.2921512001194059849"
"2016-01-16 11:20:00","  50"," 0","22.100000000000001","41.000000000000000","21.500000000000000","40.500000000000000","21.033333333333299","42.530000000000001","20.500000000000000","42.244999999999997","20.230000000000000","44.530000000000001"," 2.267500000000000071","95.8750000000000000","19.000000000000000","43.163333333333298","19.699999999999999","50.000000000000000","17.890000000000001","45.090000000000003"," 3.8999999999999999e+00","763.56666666666695"," 91.000000000000000"," 3.00000000000000000","21.0000000000000000"," 2.5000000000000000e+00","19.3049816531129181385","19.3049816531129181385"
"2016-01-16 11:30:00","  40"," 0","22.166666666666700","41.060000000000002","21.500000000000000","40.433333333333302","21.033333333333299","42.530000000000001","20.500000000000000","42.200000000000003","20.289999999999999","44.560000000000002"," 2.430000000000000160","95.9666666666666970","19.066666666666698","43.090000000000003","19.730000000000000","50.126666666666701","17.890000000000001","45.090000000000003"," 4.0999999999999996e+00","763.64999999999998"," 90.000000000000000"," 3.00000000000000000","21.5000000000000000"," 2.5499999999999998e+00","21.3049050420522689819","21.3049050420522689819"
"2016-01-16 11:40:00","  50"," 0","22.199999999999999","41.090000000000003","21.600000000000001","40.399999999999999","21.000000000000000","42.500000000000000","20.500000000000000","42.163333333333298","20.289999999999999","44.500000000000000"," 2.656666666666669840","96.0300000000000011","19.199999999999999","43.266666666666701","19.789999999999999","50.200000000000003","17.890000000000001","45.090000000000003"," 4.2999999999999998e+00","763.73333333333301"," 89.000000000000000"," 3.00000000000000000","22.0000000000000000"," 2.6000000000000001e+00"," 0.5879867356270551682"," 0.5879867356270551682"
"2016-01-16 11:50:00","  70"," 0","22.199999999999999","41.163333333333298","21.533333333333299","40.466666666666697","21.000000000000000","42.560000000000002","20.500000000000000","42.090000000000003","20.289999999999999","44.500000000000000"," 2.863333333333330177","96.1566666666666947","19.199999999999999","43.399999999999999","19.789999999999999","50.229999999999997","17.890000000000001","45.090000000000003"," 4.5000000000000000e+00","763.81666666666695"," 88.000000000000000"," 3.00000000000000000","22.5000000000000000"," 2.6499999999999999e+00","45.9665885195136070251","45.9665885195136070251"
"2016-01-16 12:00:00","  60"," 0","22.166666666666700","41.229999999999997","21.600000000000001","40.500000000000000","21.000000000000000","42.590000000000003","20.500000000000000","42.163333333333298","20.289999999999999","44.500000000000000"," 3.126666666666670036","96.1899999999999977","19.289999999999999","43.399999999999999","19.856666666666701","50.363333333333301","17.890000000000001","45.126666666666701"," 4.7000000000000002e+00","763.89999999999998"," 87.000000000000000"," 3.00000000000000000","23.0000000000000000"," 2.7000000000000002e+00"," 3.9719846565276384354"," 3.9719846565276384354"
"2016-01-16 12:10:00","  60"," 0","22.166666666666700","41.289999999999999","21.600000000000001","40.500000000000000","21.066666666666698","42.663333333333298","20.500000000000000","42.090000000000003","20.260000000000002","44.466666666666697"," 3.259999999999999787","96.2633333333333070","19.356666666666701","43.399999999999999","19.890000000000001","50.799999999999997","17.963333333333299","45.126666666666701"," 4.9000000000000004e+00","763.86666666666702"," 83.500000000000000"," 3.33333333333332993","23.6666666666666998"," 2.2500000000000000e+00","25.3687127376906573772","25.3687127376906573772"
"2016-01-16 12:20:00","  80"," 0","22.100000000000001","41.289999999999999","21.566666666666698","40.500000000000000","21.100000000000001","42.700000000000003","20.463333333333299","41.966666666666697","20.199999999999999","44.399999999999999"," 3.433333333333330017","96.2266666666667021","19.445000000000000","43.399999999999999","19.926666666666701","51.096666666666700","17.926666666666701","45.000000000000000"," 5.0999999999999996e+00","763.83333333333303"," 80.000000000000000"," 3.66666666666667007","24.3333333333333002"," 1.8000000000000000e+00","41.0085808485746383667","41.0085808485746383667"
"2016-01-16 12:30:00","  80"," 0","22.100000000000001","41.289999999999999","21.500000000000000","40.500000000000000","21.100000000000001","42.626666666666701","20.463333333333299","41.899999999999999","20.260000000000002","44.560000000000002"," 3.560000000000000053","96.2266666666667021","19.600000000000001","43.363333333333301","20.066666666666698","51.229999999999997","18.000000000000000","44.897500000000001"," 5.2999999999999998e+00","763.79999999999995"," 76.500000000000000"," 4.00000000000000000","25.0000000000000000"," 1.3500000000000001e+00","29.9197709071449935436","29.9197709071449935436"
"2016-01-16 12:40:00","  80"," 0","22.100000000000001","41.289999999999999","21.500000000000000","40.530000000000001","21.100000000000001","42.590000000000003","20.390000000000001","41.863333333333301","20.199999999999999","44.560000000000002"," 3.826666666666670213","96.1899999999999977","19.666666666666700","43.490000000000002","20.133333333333301","50.996666666666698","18.000000000000000","44.789999999999999"," 5.5000000000000000e+00","763.76666666666699"," 73.000000000000000"," 4.33333333333333037","25.6666666666666998"," 9.0000000000000002e-01","21.2076763040386140347","21.2076763040386140347"
"2016-01-16 12:50:00","  90"," 0","22.074999999999999","40.045000000000002","21.300000000000001","38.923333333333296","21.033333333333299","41.723333333333301","20.196666666666701","40.530000000000001","21.333333333333300","79.793333333333294"," 4.026666666666669947","96.2633333333333070","19.890000000000001","42.996666666666698","20.199999999999999","50.196666666666701","18.000000000000000","44.663333333333298"," 5.7000000000000002e+00","763.73333333333301"," 69.500000000000000"," 4.66666666666666963","26.3333333333333002"," 4.5000000000000001e-01","27.9655135353095829487","27.9655135353095829487"
"2016-01-16 13:00:00","  90"," 0","22.000000000000000","39.223333333333301","21.100000000000001","37.950000000000003","20.890000000000001","40.990000000000002","20.100000000000001","40.223333333333301","21.666666666666700","79.793333333333294"," 4.496666666666669698","96.2266666666667021","19.890000000000001","42.196666666666701","20.230000000000000","49.333333333333300","18.000000000000000","44.463333333333303"," 5.9000000000000004e+00","763.70000000000005"," 66.000000000000000"," 5.00000000000000000","27.0000000000000000"," 0.0000000000000000e+00","39.4547236035577952862","39.4547236035577952862"
"2016-01-16 13:10:00"," 100"," 0","22.000000000000000","39.626666666666701","21.100000000000001","38.156666666666702","20.963333333333299","40.789999999999999","20.166666666666700","39.963333333333303","21.030000000000001","80.226666666666702"," 4.623333333333330408","96.2266666666667021","19.963333333333299","41.266666666666701","20.289999999999999","48.859999999999999","18.033333333333299","44.200000000000003"," 5.8833333333333302e+00","763.70000000000005"," 68.333333333333300"," 4.83333333333333037","29.1666666666666998"," 4.1666666666666702e-01"," 8.3857628982514142990"," 8.3857628982514142990"
"2016-01-16 13:20:00","  80"," 0","22.000000000000000","39.566666666666698","21.100000000000001","38.363333333333301","21.000000000000000","40.826666666666704","20.166666666666700","40.090000000000003","20.823333333333299","80.833333333333300"," 4.396666666666670054","96.1266666666666936","19.890000000000001","40.799999999999997","20.390000000000001","48.663333333333298","18.033333333333299","44.000000000000000"," 5.8666666666666698e+00","763.70000000000005"," 70.666666666666700"," 4.66666666666666963","31.3333333333333002"," 8.3333333333333304e-01","48.5225865035317838192","48.5225865035317838192"
"2016-01-16 13:30:00","  90"," 0","21.963333333333299","39.560000000000002","21.100000000000001","38.500000000000000","21.000000000000000","40.899999999999999","20.166666666666700","40.363333333333301","20.530000000000001","80.400000000000006"," 3.996666666666670142","96.0000000000000000","19.890000000000001","40.333333333333300","20.390000000000001","48.530000000000001","18.000000000000000","43.663333333333298"," 5.8499999999999996e+00","763.70000000000005"," 73.000000000000000"," 4.50000000000000000","33.5000000000000000"," 1.2500000000000000e+00","23.6751549178734421730","23.6751549178734421730"
"2016-01-16 13:40:00","  80"," 0","21.890000000000001","39.433333333333302","21.100000000000001","38.500000000000000","21.000000000000000","40.966666666666697","20.199999999999999","41.030000000000001","20.323333333333299","78.526666666666699"," 3.729999999999999982","95.8666666666667027","19.890000000000001","40.200000000000003","20.426666666666701","48.399999999999999","18.000000000000000","43.796666666666702"," 5.8333333333333304e+00","763.70000000000005"," 75.333333333333300"," 4.33333333333333037","35.6666666666666998"," 1.6666666666666701e+00","46.4871602947823703289","46.4871602947823703289"
"2016-01-16 13:50:00","  80"," 0","21.890000000000001","39.530000000000001","21.100000000000001","38.590000000000003","21.000000000000000","40.963333333333303","20.260000000000002","41.623333333333299","20.260000000000002","74.793333333333294"," 3.863333333333330177","95.8666666666667027","19.890000000000001","39.990000000000002","20.500000000000000","48.266666666666701","18.033333333333299","44.066666666666698"," 5.8166666666666700e+00","763.70000000000005"," 77.666666666666700"," 4.16666666666666963","37.8333333333333002"," 2.0833333333333299e+00","45.0469635194167494774","45.0469635194167494774"
"2016-01-16 14:00:00","  80"," 0","21.890000000000001","39.590000000000003","21.100000000000001","38.663333333333298","20.926666666666701","41.163333333333298","20.289999999999999","41.899999999999999","20.199999999999999","71.393333333333302"," 4.160000000000000142","96.0300000000000011","19.963333333333299","39.930000000000000","20.500000000000000","47.923333333333296","18.100000000000001","44.200000000000003"," 5.7999999999999998e+00","763.70000000000005"," 80.000000000000000"," 4.00000000000000000","40.0000000000000000"," 2.5000000000000000e+00","37.5441093929111957550","37.5441093929111957550"
"2016-01-16 14:10:00","  80"," 0","21.890000000000001","39.500000000000000","21.100000000000001","38.729999999999997","20.890000000000001","41.229999999999997","20.356666666666701","41.899999999999999","20.100000000000001","67.795000000000002"," 4.400000000000000355","96.1149999999999949","20.133333333333301","40.326666666666704","20.500000000000000","47.390000000000001","18.133333333333301","44.090000000000003"," 5.7000000000000002e+00","763.70000000000005"," 77.833333333333300"," 4.50000000000000000","40.0000000000000000"," 1.9833333333333301e+00","33.8284386205486953259","33.8284386205486953259"
"2016-01-16 14:20:00","  90"," 0","21.890000000000001","39.500000000000000","21.100000000000001","38.789999999999999","20.890000000000001","41.289999999999999","20.390000000000001","41.966666666666697","19.963333333333299","65.666666666666700"," 4.626666666666669592","96.1899999999999977","20.260000000000002","40.399999999999999","20.600000000000001","46.863333333333301","18.199999999999999","44.030000000000001"," 5.5999999999999996e+00","763.70000000000005"," 75.666666666666700"," 5.00000000000000000","40.0000000000000000"," 1.4666666666666699e+00","32.4006722890771925449","32.4006722890771925449"
"2016-01-16 14:30:00","  70"," 0","21.890000000000001","39.466666666666697","21.000000000000000","38.789999999999999","21.000000000000000","41.289999999999999","20.390000000000001","41.899999999999999","19.890000000000001","64.333333333333300"," 4.996666666666669698","96.2266666666667021","20.533333333333299","40.026666666666699","20.600000000000001","46.463333333333303","18.199999999999999","43.899999999999999"," 5.5000000000000000e+00","763.70000000000005"," 73.500000000000000"," 5.50000000000000000","40.0000000000000000"," 9.4999999999999996e-01"," 3.6623434862121939659"," 3.6623434862121939659"
"2016-01-16 14:40:00","  50"," 0","21.890000000000001","39.399999999999999","21.000000000000000","38.789999999999999","21.000000000000000","41.289999999999999","20.390000000000001","41.899999999999999","19.789999999999999","62.193333333333300"," 5.190000000000000391","96.3666666666667027","20.600000000000001","39.693333333333300","20.600000000000001","45.930000000000000","18.199999999999999","43.899999999999999"," 5.4000000000000004e+00","763.70000000000005"," 71.333333333333300"," 6.00000000000000000","40.0000000000000000"," 4.3333333333333401e-01","21.1779209203086793423","21.1779209203086793423"
"2016-01-16 14:50:00","  60","10","21.890000000000001","39.399999999999999","20.963333333333299","38.863333333333301","20.963333333333299","41.289999999999999","20.390000000000001","41.663333333333298","19.789999999999999","60.733333333333299"," 4.923333333333330231","96.3299999999999983","20.600000000000001","39.430000000000000","20.533333333333299","45.596666666666700","18.199999999999999","43.899999999999999"," 5.2999999999999998e+00","763.70000000000005"," 69.166666666666700"," 6.50000000000000000","40.0000000000000000","-8.3333333333333495e-02","26.5412182081490755081","26.5412182081490755081"
"2016-01-16 15:00:00","  70","10","21.890000000000001","39.399999999999999","20.963333333333299","38.789999999999999","20.890000000000001","41.363333333333301","20.390000000000001","41.590000000000003","19.699999999999999","59.563333333333297"," 4.396666666666670054","96.1233333333333064","20.600000000000001","39.229999999999997","20.500000000000000","45.100000000000001","18.199999999999999","43.899999999999999"," 5.2000000000000002e+00","763.70000000000005"," 67.000000000000000"," 7.00000000000000000","40.0000000000000000","-5.9999999999999998e-01","47.1352381166070699692","47.1352381166070699692"
"2016-01-16 15:10:00","  80","10","21.890000000000001","39.259999999999998","20.890000000000001","38.663333333333298","20.856666666666701","41.363333333333301","20.289999999999999","41.333333333333300","19.633333333333301","58.823333333333302"," 4.059999999999999609","96.0900000000000034","20.600000000000001","38.930000000000000","20.500000000000000","44.766666666666701","18.166666666666700","43.759999999999998"," 5.0166666666666702e+00","763.88333333333298"," 67.666666666666700"," 6.50000000000000000","44.1666666666666998","-6.3333333333333297e-01","35.6112279696390032768","35.6112279696390032768"
"2016-01-16 15:20:00","  70","10","21.823333333333299","39.126666666666701","20.890000000000001","38.530000000000001","20.789999999999999","41.363333333333301","20.289999999999999","41.200000000000003","19.600000000000001","57.960000000000001"," 4.000000000000000000","96.0900000000000034","20.600000000000001","38.656666666666702","20.390000000000001","44.223333333333301","18.100000000000001","43.626666666666701"," 4.8333333333333304e+00","764.06666666666695"," 68.333333333333300"," 6.00000000000000000","48.3333333333333002","-6.6666666666666696e-01","36.2245287746191024780","36.2245287746191024780"
"2016-01-16 15:30:00"," 370","10","21.760000000000002","39.060000000000002","20.789999999999999","38.363333333333301","20.789999999999999","41.399999999999999","20.289999999999999","41.090000000000003","19.533333333333299","57.500000000000000"," 3.966666666666669894","96.1233333333333064","20.600000000000001","38.333333333333300","20.340000000000000","43.897500000000001","18.100000000000001","43.526666666666699"," 4.6500000000000004e+00","764.25000000000000"," 69.000000000000000"," 5.50000000000000000","52.5000000000000000","-6.9999999999999996e-01","23.5064308857545256615","23.5064308857545256615"
"2016-01-16 15:40:00"," 410","20","21.699999999999999","38.933333333333302","20.789999999999999","38.229999999999997","20.789999999999999","41.399999999999999","20.430000000000000","41.423333333333296","19.500000000000000","56.863333333333301"," 3.826666666666670213","96.1899999999999977","20.574999999999999","37.975000000000001","20.323333333333299","43.566666666666698","18.100000000000001","43.222499999999997"," 4.4666666666666703e+00","764.43333333333305"," 69.666666666666700"," 5.00000000000000000","56.6666666666666998","-7.3333333333333295e-01"," 6.0141127905808389187"," 6.0141127905808389187"
"2016-01-16 15:50:00"," 250","10","21.699999999999999","38.930000000000000","20.760000000000002","38.200000000000003","20.789999999999999","41.289999999999999","20.926666666666701","41.700000000000003","19.500000000000000","56.390000000000001"," 3.826666666666670213","96.1899999999999977","20.500000000000000","37.566666666666698","20.289999999999999","43.363333333333301","18.100000000000001","43.030000000000001"," 4.2833333333333297e+00","764.61666666666702"," 70.333333333333300"," 4.50000000000000000","60.8333333333333002","-7.6666666666666705e-01","39.1548835439607501030","39.1548835439607501030"
"2016-01-16 16:00:00","  80","10","21.699999999999999","38.789999999999999","20.699999999999999","38.200000000000003","20.789999999999999","41.289999999999999","21.466666666666701","41.500000000000000","19.390000000000001","55.796666666666702"," 4.026666666666669947","96.2633333333333070","20.463333333333299","37.223333333333301","20.289999999999999","43.156666666666702","18.100000000000001","42.899999999999999"," 4.0999999999999996e+00","764.79999999999995"," 71.000000000000000"," 4.00000000000000000","65.0000000000000000","-8.0000000000000004e-01","21.9078698544763028622","21.9078698544763028622"
"2016-01-16 16:10:00","  70","10","21.649999999999999","38.689999999999998","20.699999999999999","38.163333333333298","20.789999999999999","41.399999999999999","21.666666666666700","40.899999999999999","19.390000000000001","55.390000000000001"," 4.366666666666669805","96.3333333333333002","20.390000000000001","37.030000000000001","20.199999999999999","42.863333333333301","18.033333333333299","42.826666666666704"," 3.6833333333333300e+00","764.73333333333301"," 73.833333333333300"," 3.83333333333332993","60.8333333333333002","-6.9999999999999996e-01","21.5727989911101758480","21.5727989911101758480"
"2016-01-16 16:20:00","  70"," 0","21.600000000000001","38.560000000000002","20.699999999999999","38.067500000000003","20.789999999999999","41.399999999999999","21.533333333333299","40.500000000000000","19.356666666666701","54.899999999999999"," 4.500000000000000000","96.4000000000000057","20.390000000000001","37.030000000000001","20.199999999999999","42.729999999999997","18.100000000000001","42.899999999999999"," 3.2666666666666702e+00","764.66666666666697"," 76.666666666666700"," 3.66666666666667007","56.6666666666666998","-5.9999999999999998e-01"," 1.3748939498327672482"," 1.3748939498327672482"
"2016-01-16 16:30:00","  80","10","21.600000000000001","38.500000000000000","20.699999999999999","37.933333333333302","20.760000000000002","41.399999999999999","21.356666666666701","40.223333333333301","19.289999999999999","54.500000000000000"," 3.493333333333330071","96.2300000000000040","20.390000000000001","37.030000000000001","20.199999999999999","42.560000000000002","18.100000000000001","42.899999999999999"," 2.8500000000000001e+00","764.60000000000002"," 79.500000000000000"," 3.50000000000000000","52.5000000000000000","-5.0000000000000000e-01"," 7.3280921438708901405"," 7.3280921438708901405"
"2016-01-16 16:40:00","  70","20","21.500000000000000","38.399999999999999","20.600000000000001","37.789999999999999","20.699999999999999","41.424999999999997","21.289999999999999","40.090000000000003","19.289999999999999","54.133333333333297"," 2.693333333333329804","95.9633333333332956","20.356666666666701","36.863333333333301","20.199999999999999","42.433333333333302","18.100000000000001","42.723333333333301"," 2.4333333333333300e+00","764.53333333333296"," 82.333333333333300"," 3.33333333333332993","48.3333333333333002","-4.0000000000000002e-01","21.1297578993253409863","21.1297578993253409863"
"2016-01-16 16:50:00","  80","20","21.500000000000000","38.326666666666704","20.600000000000001","37.729999999999997","20.699999999999999","41.500000000000000","21.166666666666700","39.966666666666697","19.289999999999999","53.859999999999999"," 2.399999999999999911","95.8499999999999943","20.289999999999999","36.729999999999997","20.199999999999999","42.163333333333298","18.033333333333299","42.463333333333303"," 2.0166666666666702e+00","764.46666666666704"," 85.166666666666700"," 3.16666666666667007","44.1666666666666998","-2.9999999999999999e-01","38.3568587130866944790","38.3568587130866944790"
"2016-01-16 17:00:00","  80","20","21.500000000000000","38.259999999999998","20.566666666666698","37.700000000000003","20.699999999999999","41.399999999999999","21.100000000000001","39.826666666666704","19.199999999999999","53.526666666666699"," 2.363333333333330177","95.9000000000000057","20.199999999999999","36.500000000000000","20.133333333333301","42.090000000000003","18.000000000000000","42.223333333333301"," 1.6000000000000001e+00","764.39999999999998"," 88.000000000000000"," 3.00000000000000000","40.0000000000000000","-2.0000000000000001e-01"," 0.2383222687058150768"," 0.2383222687058150768"
"2016-01-16 17:10:00"," 150","20","21.426666666666701","38.126666666666701","20.500000000000000","37.700000000000003","20.699999999999999","41.466666666666697","21.066666666666698","39.930000000000000","19.199999999999999","53.326666666666704"," 2.363333333333330177","95.9000000000000057","20.133333333333301","36.500000000000000","20.100000000000001","42.329999999999998","18.000000000000000","42.030000000000001"," 1.7500000000000000e+00","764.45000000000005"," 86.333333333333300"," 3.66666666666667007","40.0000000000000000","-3.3333333333333298e-01","30.1797845750115811825","30.1797845750115811825"
"2016-01-16 17:20:00"," 380","30","21.390000000000001","38.229999999999997","20.463333333333299","37.590000000000003","20.699999999999999","41.363333333333301","21.000000000000000","39.729999999999997","19.199999999999999","53.060000000000002"," 2.363333333333330177","95.9333333333332945","20.066666666666698","36.500000000000000","20.166666666666700","42.723333333333301","18.000000000000000","41.863333333333301"," 1.8999999999999999e+00","764.50000000000000"," 84.666666666666700"," 4.33333333333333037","40.0000000000000000","-4.6666666666666701e-01","45.2788630267605185509","45.2788630267605185509"
"2016-01-16 17:30:00"," 290","30","21.390000000000001","38.430000000000000","20.463333333333299","37.590000000000003","20.633333333333301","41.156666666666702","21.000000000000000","39.693333333333300","19.175000000000001","52.897500000000001"," 2.229999999999999982","95.9333333333332945","20.000000000000000","36.500000000000000","20.263333333333300","43.030000000000001","17.926666666666701","41.729999999999997"," 2.0499999999999998e+00","764.54999999999995"," 83.000000000000000"," 5.00000000000000000","40.0000000000000000","-5.9999999999999998e-01","35.3330765967257320881","35.3330765967257320881"
"2016-01-16 17:40:00"," 270","20","21.390000000000001","38.560000000000002","20.390000000000001","37.590000000000003","20.600000000000001","41.000000000000000","20.917500000000000","39.522500000000001","19.100000000000001","52.729999999999997"," 2.399999999999999911","96.0000000000000000","19.963333333333299","36.626666666666701","20.390000000000001","43.090000000000003","17.890000000000001","41.560000000000002"," 2.2000000000000002e+00","764.60000000000002"," 81.333333333333300"," 5.66666666666666963","40.0000000000000000","-7.3333333333333295e-01","13.1268579629249870777","13.1268579629249870777"
"2016-01-16 17:50:00"," 420","30","21.323333333333299","38.560000000000002","20.390000000000001","37.590000000000003","20.600000000000001","40.859999999999999","20.890000000000001","39.530000000000001","19.100000000000001","52.560000000000002"," 2.266666666666670160","95.9333333333332945","19.890000000000001","36.759999999999998","20.533333333333299","43.090000000000003","17.890000000000001","41.500000000000000"," 2.3500000000000001e+00","764.64999999999998"," 79.666666666666700"," 6.33333333333333037","40.0000000000000000","-8.6666666666666703e-01","42.5538109731860458851","42.5538109731860458851"
"2016-01-16 18:00:00"," 280","20","21.289999999999999","38.500000000000000","20.463333333333299","37.700000000000003","20.600000000000001","40.833333333333300","20.890000000000001","39.259999999999998","19.033333333333299","52.433333333333302"," 2.026666666666669947","95.9666666666666970","19.890000000000001","36.826666666666704","20.600000000000001","43.090000000000003","17.890000000000001","41.363333333333301"," 2.5000000000000000e+00","764.70000000000005"," 78.000000000000000"," 7.00000000000000000","40.0000000000000000","-1.0000000000000000e+00","16.6802757536061108112","16.6802757536061108112"
"2016-01-16 18:10:00"," 300","20","21.289999999999999","38.560000000000002","20.463333333333299","37.759999999999998","20.600000000000001","40.626666666666701","20.890000000000001","39.200000000000003","19.000000000000000","52.363333333333301"," 1.826666666666669991","95.9000000000000057","19.890000000000001","36.966666666666697","20.633333333333301","43.030000000000001","17.890000000000001","41.229999999999997"," 2.4166666666666701e+00","764.76666666666699"," 79.500000000000000"," 6.33333333333333037","40.0000000000000000","-8.1666666666666698e-01","28.9142133784480392933","28.9142133784480392933"
"2016-01-16 18:20:00"," 350","30","21.426666666666701","39.000000000000000","20.533333333333299","37.759999999999998","20.633333333333301","40.500000000000000","20.856666666666701","39.163333333333298","19.000000000000000","52.289999999999999"," 1.633333333333329973","95.9000000000000057","19.789999999999999","37.000000000000000","20.760000000000002","42.963333333333303","17.890000000000001","41.060000000000002"," 2.3333333333333299e+00","764.83333333333303"," 81.000000000000000"," 5.66666666666666963","40.0000000000000000","-6.3333333333333297e-01","21.6386565123684704304","21.6386565123684704304"
"2016-01-16 18:30:00"," 270","20","21.566666666666698","39.060000000000002","20.678999999999998","37.744999999999997","20.699999999999999","40.433333333333302","20.789999999999999","39.090000000000003","18.952857142857098","52.251428571428598"," 1.360000000000000098","95.9666666666666970","19.789999999999999","37.009000000000000","20.848333333333301","42.872500000000002","17.890000000000001","41.000000000000000"," 2.2500000000000000e+00","764.89999999999998"," 82.500000000000000"," 5.00000000000000000","40.0000000000000000","-4.5000000000000001e-01"," 2.5797661510296165943"," 2.5797661510296165943"
"2016-01-16 18:40:00"," 560","20","21.730000000000000","40.899999999999999","20.789999999999999","37.789999999999999","20.699999999999999","40.433333333333302","20.823333333333299","39.266666666666701","18.963333333333299","52.133333333333297"," 0.800000000000000044","96.0900000000000034","19.789999999999999","37.121428571428602","20.890000000000001","42.759999999999998","17.789999999999999","40.759999999999998"," 2.1666666666666701e+00","764.96666666666704"," 84.000000000000000"," 4.33333333333333037","40.0000000000000000","-2.6666666666666700e-01","36.4901643944904208183","36.4901643944904208183"
"2016-01-16 18:50:00","1080","30","21.930000000000000","42.766666666666701","21.039999999999999","38.079999999999998","20.699999999999999","40.633333333333297","20.890000000000001","39.733333333333299","18.890000000000001","51.881666666666703"," 0.466666666666667007","96.0900000000000034","19.789999999999999","37.184285714285700","20.926666666666701","42.663333333333298","17.789999999999999","40.672499999999999"," 2.0833333333333299e+00","765.03333333333296"," 85.500000000000000"," 3.66666666666667007","40.0000000000000000","-8.3333333333333301e-02","27.4085207143798470497","27.4085207143798470497"
"2016-01-16 19:00:00"," 750","20","22.163333333333298","42.399999999999999","21.286428571428601","38.390000000000001","20.859999999999999","41.723333333333301","20.890000000000001","39.926666666666698","18.890000000000001","51.814444444444398"," 0.166666666666666990","96.0900000000000034","19.716875000000002","36.946874999999999","20.937142857142899","42.621428571428602","17.789999999999999","40.590000000000003"," 2.0000000000000000e+00","765.10000000000002"," 87.000000000000000"," 3.00000000000000000","40.0000000000000000"," 1.0000000000000001e-01","37.5610992778092622757","37.5610992778092622757"
"2016-01-16 19:10:00"," 390","10","22.496666666666702","43.193333333333300","21.559444444444399","38.903333333333300","21.193333333333300","43.723333333333301","20.890000000000001","40.533333333333303","18.890000000000001","51.960000000000001"," 0.033333333333333298","96.0900000000000034","19.699999999999999","36.627222222222201","20.890000000000001","42.365555555555602","17.789999999999999","40.500000000000000"," 1.8000000000000000e+00","765.06666666666695"," 87.833333333333300"," 2.66666666666667007","40.0000000000000000"," 3.3333333333333298e-02"," 2.5385582353919744492"," 2.5385582353919744492"
"2016-01-16 19:20:00"," 350","10","22.893333333333299","42.193333333333300","21.792777777777800","39.225000000000001","21.696666666666701","45.100000000000001","20.890000000000001","40.296666666666702","18.890000000000001","52.110555555555599"," 0.166666666666666990","96.2266666666667021","19.627777777777801","36.256111111111103","20.801111111111101","42.250000000000000","17.789999999999999","40.500000000000000"," 1.6000000000000001e+00","765.03333333333296"," 88.666666666666700"," 2.33333333333332993","40.0000000000000000","-3.3333333333333298e-02","35.7483106199651956558","35.7483106199651956558"
"2016-01-16 19:30:00"," 340","10","23.175000000000001","41.670000000000002","21.957222222222200","39.228888888888903","22.096666666666700","45.560000000000002","20.823333333333299","39.890000000000001","18.890000000000001","52.234999999999999"," 0.650000000000000022","96.4000000000000057","19.594444444444399","35.947777777777802","20.926666666666701","42.466666666666697","17.789999999999999","40.399999999999999"," 1.3999999999999999e+00","765.00000000000000"," 89.500000000000000"," 2.00000000000000000","40.0000000000000000","-1.0000000000000001e-01","14.8847228381782770157","14.8847228381782770157"
"2016-01-16 19:40:00"," 290","20","23.199999999999999","41.226666666666702","22.011111111111099","39.087222222222202","22.426666666666701","45.700000000000003","20.789999999999999","40.396666666666697","18.890000000000001","52.302222222222198"," 0.966666666666667007","96.4333333333332945","19.566666666666698","35.802222222222198","21.044444444444402","42.486666666666700","17.789999999999999","40.399999999999999"," 1.2000000000000000e+00","764.96666666666704"," 90.333333333333300"," 1.66666666666667007","40.0000000000000000","-1.6666666666666699e-01","14.1738604870624840260","14.1738604870624840260"
"2016-01-16 19:50:00"," 230","40","23.289999999999999","40.796666666666702","22.093750000000000","38.942500000000003","22.672499999999999","45.520000000000003","20.789999999999999","40.656666666666702","18.890000000000001","52.310000000000002"," 1.000000000000000000","96.2999999999999972","19.580625000000001","36.738750000000003","21.114285714285700","42.500000000000000","17.789999999999999","40.363333333333301"," 1.0000000000000000e+00","764.93333333333305"," 91.166666666666700"," 1.33333333333332993","40.0000000000000000","-2.3333333333333300e-01","41.4938563713803887367","41.4938563713803887367"
"2016-01-16 20:00:00"," 120","30","23.289999999999999","40.390000000000001","22.100000000000001","38.626666666666701","22.789999999999999","45.000000000000000","20.789999999999999","40.259999999999998","18.890000000000001","52.229999999999997"," 0.733333333333332948","96.2266666666667021","19.917500000000000","38.167499999999997","21.199999999999999","42.466666666666697","17.789999999999999","40.289999999999999"," 8.0000000000000004e-01","764.89999999999998"," 92.000000000000000"," 1.00000000000000000","40.0000000000000000","-2.9999999999999999e-01"," 4.3197687598876655102"," 4.3197687598876655102"
"2016-01-16 20:10:00"," 110","40","23.289999999999999","39.930000000000000","22.100000000000001","38.466666666666697","22.789999999999999","44.500000000000000","20.789999999999999","40.126666666666701","18.890000000000001","52.163333333333298"," 0.433333333333333015","96.2999999999999972","20.100000000000001","37.933333333333302","21.199999999999999","42.466666666666697","17.789999999999999","40.259999999999998"," 7.3333333333333295e-01","764.93333333333305"," 92.666666666666700"," 1.66666666666667007","35.6666666666666998","-2.6666666666666700e-01"," 2.1328559494577348232"," 2.1328559494577348232"
"2016-01-16 20:20:00"," 100","40","23.289999999999999","39.729999999999997","22.100000000000001","38.399999999999999","22.730000000000000","44.166666666666700","20.789999999999999","40.166666666666700","18.890000000000001","52.163333333333298"," 0.366666666666666974","96.2999999999999972","20.100000000000001","37.759999999999998","21.133333333333301","42.500000000000000","17.789999999999999","40.200000000000003"," 6.6666666666666696e-01","764.96666666666704"," 93.333333333333300"," 2.33333333333332993","31.3333333333333002","-2.3333333333333300e-01","17.4370404449291527271","17.4370404449291527271"
"2016-01-16 20:30:00"," 110","40","23.289999999999999","39.663333333333298","22.149999999999999","38.289999999999999","22.566666666666698","43.890000000000001","20.856666666666701","40.833333333333300","18.856666666666701","52.060000000000002"," 0.433333333333333015","96.3666666666667027","20.100000000000001","37.645000000000003","21.133333333333301","42.433333333333302","17.789999999999999","40.163333333333298"," 5.9999999999999998e-01","765.00000000000000"," 94.000000000000000"," 3.00000000000000000","27.0000000000000000","-2.0000000000000001e-01","27.1168005070649087429","27.1168005070649087429"
"2016-01-16 20:40:00"," 130","40","23.289999999999999","39.463333333333303","22.100000000000001","38.200000000000003","22.500000000000000","43.963333333333303","20.926666666666701","41.126666666666701","18.789999999999999","51.933333333333302"," 0.566666666666666985","96.5000000000000000","20.066666666666698","37.296666666666702","21.166666666666700","42.466666666666697","17.789999999999999","40.090000000000003"," 5.3333333333333299e-01","765.03333333333296"," 94.666666666666700"," 3.66666666666667007","22.6666666666666998","-1.6666666666666699e-01","30.4730431758798658848","30.4730431758798658848"
"2016-01-16 20:50:00"," 140","30","23.289999999999999","39.126666666666701","22.100000000000001","38.200000000000003","22.463333333333299","43.296666666666702","21.000000000000000","41.170000000000002","18.890000000000001","51.966666666666697"," 0.766666666666667052","96.5300000000000011","20.066666666666698","37.163333333333298","21.100000000000001","42.399999999999999","17.789999999999999","40.090000000000003"," 4.6666666666666701e-01","765.06666666666695"," 95.333333333333300"," 4.33333333333333037","18.3333333333333002","-1.3333333333333300e-01","13.5686049237847328186","13.5686049237847328186"
"2016-01-16 21:00:00"," 110","30","23.289999999999999","39.066666666666698","22.100000000000001","38.200000000000003","22.390000000000001","43.030000000000001","21.000000000000000","40.766666666666701","18.823333333333299","51.826666666666704"," 0.966666666666667007","96.5300000000000011","20.100000000000001","37.000000000000000","21.100000000000001","42.289999999999999","17.789999999999999","40.030000000000001"," 4.0000000000000002e-01","765.10000000000002"," 96.000000000000000"," 5.00000000000000000","14.0000000000000000","-1.0000000000000001e-01","10.2615465992130339146","10.2615465992130339146"
"2016-01-16 21:10:00"," 100","20","23.289999999999999","38.700000000000003","22.166666666666700","38.200000000000003","22.289999999999999","42.560000000000002","21.000000000000000","40.333333333333300","18.789999999999999","51.700000000000003"," 1.000000000000000000","96.4000000000000057","20.100000000000001","36.933333333333302","21.166666666666700","42.289999999999999","17.789999999999999","40.000000000000000"," 4.1666666666666702e-01","765.04999999999995"," 96.333333333333300"," 4.50000000000000000","15.5000000000000000","-5.0000000000000003e-02","19.0816074144095182419","19.0816074144095182419"
"2016-01-16 21:20:00"," 100","30","23.289999999999999","38.700000000000003","22.199999999999999","38.172499999999999","22.289999999999999","42.433333333333302","21.066666666666698","40.460000000000001","18.789999999999999","51.700000000000003"," 1.066666666666669983","96.4000000000000057","20.100000000000001","36.723333333333301","21.199999999999999","42.259999999999998","17.730000000000000","40.000000000000000"," 4.3333333333333302e-01","765.00000000000000"," 96.666666666666700"," 4.00000000000000000","17.0000000000000000"," 0.0000000000000000e+00","23.6279057688079774380","23.6279057688079774380"
"2016-01-16 21:30:00"," 110","20","23.289999999999999","38.560000000000002","22.133333333333301","38.030000000000001","22.199999999999999","42.163333333333298","21.100000000000001","40.430000000000000","18.789999999999999","51.590000000000003"," 1.100000000000000089","96.4000000000000057","20.033333333333299","36.590000000000003","21.199999999999999","42.126666666666701","17.760000000000002","40.000000000000000"," 4.5000000000000001e-01","764.95000000000005"," 97.000000000000000"," 3.50000000000000000","18.5000000000000000"," 5.0000000000000003e-02","41.7758974945172667503","41.7758974945172667503"
"2016-01-16 21:40:00"," 110","20","23.230000000000000","38.433333333333302","22.100000000000001","37.966666666666697","22.133333333333301","42.090000000000003","21.100000000000001","40.229999999999997","18.789999999999999","51.522500000000001"," 1.100000000000000089","96.4000000000000057","20.000000000000000","36.700000000000003","21.199999999999999","42.060000000000002","17.760000000000002","40.000000000000000"," 4.6666666666666701e-01","764.89999999999998"," 97.333333333333300"," 3.00000000000000000","20.0000000000000000"," 1.0000000000000001e-01"," 6.0735748149454593658"," 6.0735748149454593658"
"2016-01-16 21:50:00"," 190","20","23.260000000000002","38.363333333333301","22.100000000000001","37.899999999999999","22.066666666666698","41.966666666666697","21.100000000000001","40.060000000000002","18.789999999999999","51.500000000000000"," 1.033333333333330106","96.3666666666667027","20.000000000000000","36.700000000000003","21.199999999999999","42.000000000000000","17.699999999999999","39.899999999999999"," 4.8333333333333300e-01","764.85000000000002"," 97.666666666666700"," 2.50000000000000000","21.5000000000000000"," 1.4999999999999999e-01","33.7904062471352517605","33.7904062471352517605"
"2016-01-16 22:00:00"," 450","20","23.199999999999999","38.289999999999999","22.100000000000001","37.863333333333301","22.000000000000000","41.826666666666704","21.100000000000001","40.060000000000002","18.789999999999999","51.363333333333301"," 1.100000000000000089","96.5000000000000000","19.890000000000001","36.663333333333298","21.230000000000000","41.933333333333302","17.745000000000001","39.899999999999999"," 5.0000000000000000e-01","764.79999999999995"," 98.000000000000000"," 2.00000000000000000","23.0000000000000000"," 2.0000000000000001e-01","24.8342609964311122894","24.8342609964311122894"
"2016-01-16 22:10:00"," 210","20","23.166666666666700","38.163333333333298","22.100000000000001","37.789999999999999","21.890000000000001","41.700000000000003","21.300000000000001","40.530000000000001","18.789999999999999","51.289999999999999"," 1.245000000000000107","96.5000000000000000","19.890000000000001","36.663333333333298","21.289999999999999","42.000000000000000","17.699999999999999","39.899999999999999"," 5.8333333333333304e-01","764.75000000000000"," 97.166666666666700"," 2.16666666666667007","24.0000000000000000"," 1.6666666666666699e-01","45.1118873897939920425","45.1118873897939920425"
"2016-01-16 22:20:00"," 100","30","23.100000000000001","38.090000000000003","22.100000000000001","37.789999999999999","21.890000000000001","41.700000000000003","21.633333333333301","40.530000000000001","18.699999999999999","51.163333333333298"," 1.260000000000000009","96.4666666666666970","19.856666666666701","36.663333333333298","21.323333333333299","41.966666666666697","17.699999999999999","39.899999999999999"," 6.6666666666666696e-01","764.70000000000005"," 96.333333333333300"," 2.33333333333332993","25.0000000000000000"," 1.3333333333333300e-01","27.5631983415223658085","27.5631983415223658085"
"2016-01-16 22:30:00","  90","20","23.066666666666698","38.126666666666701","22.033333333333299","37.729999999999997","21.789999999999999","41.656666666666702","21.699999999999999","40.289999999999999","18.699999999999999","51.223333333333301"," 1.133333333333329973","96.4666666666666970","19.856666666666701","36.996666666666698","21.390000000000001","41.966666666666697","17.699999999999999","39.826666666666704"," 7.5000000000000000e-01","764.64999999999998"," 95.500000000000000"," 2.50000000000000000","26.0000000000000000"," 1.0000000000000001e-01"," 6.4282338251359760761"," 6.4282338251359760761"
"2016-01-16 22:40:00","  90","20","23.000000000000000","38.333333333333300","21.963333333333299","37.700000000000003","21.730000000000000","41.789999999999999","21.699999999999999","40.289999999999999","18.699999999999999","51.566666666666698"," 1.100000000000000089","96.5000000000000000","19.890000000000001","37.566666666666698","21.500000000000000","42.299999999999997","17.699999999999999","40.030000000000001"," 8.3333333333333304e-01","764.60000000000002"," 94.666666666666700"," 2.66666666666667007","27.0000000000000000"," 6.6666666666666693e-02","22.1004892839118838310","22.1004892839118838310"
"2016-01-16 22:50:00","  80","20","22.890000000000001","38.545000000000002","21.890000000000001","37.759999999999998","21.600000000000001","41.789999999999999","21.699999999999999","40.463333333333303","18.699999999999999","51.759999999999998"," 1.166666666666670071","96.5000000000000000","19.890000000000001","37.833333333333300","21.500000000000000","42.633333333333297","17.699999999999999","40.223333333333301"," 9.1666666666666696e-01","764.54999999999995"," 93.833333333333300"," 2.83333333333332993","28.0000000000000000"," 3.3333333333333298e-02"," 9.6148848184384405613"," 9.6148848184384405613"
"2016-01-16 23:00:00","  70","20","22.856666666666701","38.789999999999999","21.856666666666701","37.789999999999999","21.600000000000001","41.872500000000002","21.633333333333301","40.530000000000001","18.699999999999999","52.066666666666698"," 1.199999999999999956","96.4333333333332945","19.856666666666701","38.156666666666702","21.500000000000000","43.096666666666700","17.699999999999999","40.463333333333303"," 1.0000000000000000e+00","764.50000000000000"," 93.000000000000000"," 3.00000000000000000","29.0000000000000000"," 0.0000000000000000e+00","21.7450311058200895786","21.7450311058200895786"
"2016-01-16 23:10:00","  70","10","22.789999999999999","38.863333333333301","21.789999999999999","37.789999999999999","21.533333333333299","41.899999999999999","21.600000000000001","40.626666666666701","18.633333333333301","52.200000000000003"," 1.066666666666669983","96.4333333333332945","19.789999999999999","38.342500000000001","21.500000000000000","43.564999999999998","17.699999999999999","40.723333333333301"," 9.1666666666666696e-01","764.50000000000000"," 93.500000000000000"," 2.83333333333332993","27.5000000000000000"," 0.0000000000000000e+00","11.2566701485775411129","11.2566701485775411129"
"2016-01-16 23:20:00","  70","10","22.789999999999999","38.859999999999999","21.760000000000002","37.933333333333302","21.500000000000000","42.030000000000001","21.533333333333299","40.759999999999998","18.600000000000001","52.259999999999998"," 0.833333333333333037","96.4666666666666970","19.789999999999999","38.633333333333297","21.500000000000000","44.123333333333299","17.699999999999999","40.933333333333302"," 8.3333333333333304e-01","764.50000000000000"," 94.000000000000000"," 2.66666666666667007","26.0000000000000000"," 0.0000000000000000e+00","48.0548141058534383774","48.0548141058534383774"
"2016-01-16 23:30:00","  60"," 0","22.730000000000000","39.193333333333300","21.699999999999999","38.000000000000000","21.500000000000000","42.030000000000001","21.463333333333299","40.899999999999999","18.600000000000001","52.259999999999998"," 0.633333333333332971","96.4000000000000057","19.789999999999999","38.700000000000003","21.500000000000000","44.700000000000003","17.699999999999999","41.060000000000002"," 7.5000000000000000e-01","764.50000000000000"," 94.500000000000000"," 2.50000000000000000","24.5000000000000000"," 0.0000000000000000e+00","22.4213732522912323475","22.4213732522912323475"
"2016-01-16 23:40:00","  30"," 0","22.600000000000001","39.229999999999997","21.666666666666700","38.000000000000000","21.500000000000000","42.090000000000003","21.323333333333299","40.899999999999999","18.600000000000001","52.530000000000001"," 0.500000000000000000","96.5000000000000000","19.789999999999999","38.759999999999998","21.500000000000000","45.033333333333303","17.699999999999999","41.266666666666701"," 6.6666666666666696e-01","764.50000000000000"," 95.000000000000000"," 2.33333333333332993","23.0000000000000000"," 0.0000000000000000e+00","38.8572492636740207672","38.8572492636740207672"
"2016-01-16 23:50:00","  30"," 0","22.600000000000001","39.289999999999999","21.600000000000001","38.067500000000003","21.500000000000000","42.163333333333298","21.260000000000002","41.000000000000000","18.600000000000001","52.663333333333298"," 0.500000000000000000","96.5000000000000000","19.699999999999999","38.899999999999999","21.500000000000000","45.726666666666702","17.760000000000002","41.466666666666697"," 5.8333333333333304e-01","764.50000000000000"," 95.500000000000000"," 2.16666666666667007","21.5000000000000000"," 0.0000000000000000e+00"," 7.9109887243248522282"," 7.9109887243248522282"
"2016-01-17 00:00:00","  30"," 0","22.500000000000000","39.363333333333301","21.533333333333299","38.090000000000003","21.463333333333299","42.200000000000003","21.175000000000001","41.067500000000003","18.600000000000001","52.789999999999999"," 0.400000000000000022","96.3666666666667027","19.699999999999999","38.966666666666697","21.426666666666701","46.060000000000002","17.699999999999999","41.729999999999997"," 5.0000000000000000e-01","764.50000000000000"," 96.000000000000000"," 2.00000000000000000","20.0000000000000000"," 0.0000000000000000e+00","43.3404291281476616859","43.3404291281476616859"
"2016-01-17 00:10:00","  40"," 0","22.426666666666701","39.289999999999999","21.500000000000000","38.126666666666701","21.390000000000001","42.200000000000003","21.100000000000001","41.163333333333298","18.600000000000001","52.863333333333301"," 0.400000000000000022","96.3666666666667027","19.699999999999999","39.126666666666701","21.390000000000001","46.326666666666704","17.699999999999999","41.930000000000000"," 5.5000000000000004e-01","764.50000000000000"," 96.000000000000000"," 2.16666666666667007","27.5000000000000000"," 3.3333333333333298e-02","10.3072802885435521603","10.3072802885435521603"
"2016-01-17 00:20:00","  50"," 0","22.390000000000001","39.289999999999999","21.426666666666701","38.126666666666701","21.390000000000001","42.289999999999999","20.963333333333299","41.229999999999997","18.600000000000001","53.000000000000000"," 0.433333333333333015","96.4333333333332945","19.699999999999999","39.333333333333300","21.390000000000001","46.466666666666697","17.699999999999999","42.156666666666702"," 5.9999999999999998e-01","764.50000000000000"," 96.000000000000000"," 2.33333333333332993","35.0000000000000000"," 6.6666666666666693e-02"," 8.8974841521121561527"," 8.8974841521121561527"
"2016-01-17 00:30:00","  60"," 0","22.323333333333299","39.363333333333301","21.356666666666701","38.229999999999997","21.390000000000001","42.289999999999999","20.890000000000001","41.289999999999999","18.600000000000001","53.000000000000000"," 0.500000000000000000","96.5000000000000000","19.699999999999999","39.399999999999999","21.356666666666701","46.799999999999997","17.699999999999999","42.363333333333301"," 6.5000000000000002e-01","764.50000000000000"," 96.000000000000000"," 2.50000000000000000","42.5000000000000000"," 1.0000000000000001e-01"," 8.2445573178119957447"," 8.2445573178119957447"
"2016-01-17 00:40:00","  50"," 0","22.289999999999999","39.433333333333302","21.289999999999999","38.289999999999999","21.390000000000001","42.363333333333301","20.890000000000001","41.399999999999999","18.600000000000001","53.126666666666701"," 0.566666666666666985","96.4333333333332945","19.699999999999999","39.466666666666697","21.289999999999999","47.193333333333300","17.699999999999999","42.626666666666701"," 6.9999999999999996e-01","764.50000000000000"," 96.000000000000000"," 2.66666666666667007","50.0000000000000000"," 1.3333333333333300e-01","28.2634488656185567379","28.2634488656185567379"
"2016-01-17 00:50:00","  50"," 0","22.230000000000000","39.500000000000000","21.289999999999999","38.289999999999999","21.390000000000001","42.363333333333301","20.823333333333299","41.326666666666704","18.550000000000001","53.222499999999997"," 0.474999999999999978","96.4749999999999943","19.600000000000001","39.590000000000003","21.289999999999999","47.363333333333301","17.760000000000002","42.759999999999998"," 7.5000000000000000e-01","764.50000000000000"," 96.000000000000000"," 2.83333333333332993","57.5000000000000000"," 1.6666666666666699e-01","36.3590510562062263489","36.3590510562062263489"
"2016-01-17 01:00:00","  50"," 0","22.199999999999999","39.500000000000000","21.289999999999999","38.289999999999999","21.390000000000001","42.399999999999999","20.699999999999999","41.399999999999999","18.533333333333299","53.289999999999999"," 0.400000000000000022","96.4000000000000057","19.600000000000001","39.663333333333298","21.230000000000000","47.096666666666700","17.789999999999999","43.000000000000000"," 8.0000000000000004e-01","764.50000000000000"," 96.000000000000000"," 3.00000000000000000","65.0000000000000000"," 2.0000000000000001e-01","43.7959494534879922867","43.7959494534879922867"
"2016-01-17 01:10:00","  50"," 0","22.133333333333301","39.560000000000002","21.199999999999999","38.289999999999999","21.390000000000001","42.326666666666704","20.699999999999999","41.399999999999999","18.500000000000000","53.433333333333302"," 0.400000000000000022","96.4000000000000057","19.600000000000001","39.859999999999999","21.199999999999999","47.030000000000001","17.745000000000001","43.094999999999999"," 8.3333333333333304e-01","764.54999999999995"," 95.500000000000000"," 3.00000000000000000","58.0000000000000000"," 1.6666666666666699e-01","35.4212191887199878693","35.4212191887199878693"
"2016-01-17 01:20:00","  50"," 0","22.066666666666698","39.663333333333298","21.133333333333301","38.289999999999999","21.390000000000001","42.399999999999999","20.666666666666700","41.466666666666697","18.500000000000000","53.500000000000000"," 0.333333333333332982","96.4000000000000057","19.600000000000001","40.193333333333300","21.199999999999999","47.090000000000003","17.789999999999999","43.333333333333300"," 8.6666666666666703e-01","764.60000000000002"," 95.000000000000000"," 3.00000000000000000","51.0000000000000000"," 1.3333333333333300e-01","23.8731605466455221176","23.8731605466455221176"
"2016-01-17 01:30:00","  50"," 0","22.000000000000000","39.663333333333298","21.100000000000001","38.399999999999999","21.390000000000001","42.399999999999999","20.600000000000001","41.399999999999999","18.500000000000000","53.626666666666701"," 0.333333333333332982","96.4000000000000057","19.600000000000001","40.433333333333302","21.199999999999999","47.229999999999997","17.789999999999999","43.530000000000001"," 9.0000000000000002e-01","764.64999999999998"," 94.500000000000000"," 3.00000000000000000","44.0000000000000000"," 1.0000000000000001e-01","41.0139996791258454323","41.0139996791258454323"
"2016-01-17 01:40:00","  50"," 0","22.000000000000000","39.700000000000003","21.100000000000001","38.399999999999999","21.390000000000001","42.500000000000000","20.566666666666698","41.530000000000001","18.500000000000000","53.700000000000003"," 0.400000000000000022","96.4000000000000057","19.666666666666700","40.500000000000000","21.199999999999999","47.363333333333301","17.789999999999999","43.663333333333298"," 9.3333333333333302e-01","764.70000000000005"," 94.000000000000000"," 3.00000000000000000","37.0000000000000000"," 6.6666666666666693e-02"," 0.8306105388328433037"," 0.8306105388328433037"
"2016-01-17 01:50:00","  60"," 0","21.926666666666701","39.700000000000003","21.000000000000000","38.399999999999999","21.390000000000001","42.500000000000000","20.500000000000000","41.590000000000003","18.500000000000000","53.729999999999997"," 0.566666666666666985","96.5300000000000011","19.600000000000001","40.500000000000000","21.100000000000001","47.566666666666698","17.789999999999999","43.826666666666704"," 9.6666666666666701e-01","764.75000000000000"," 93.500000000000000"," 3.00000000000000000","30.0000000000000000"," 3.3333333333333298e-02","49.8055550619028508663","49.8055550619028508663"
"2016-01-17 02:00:00","  50"," 0","21.890000000000001","39.729999999999997","21.000000000000000","38.399999999999999","21.390000000000001","42.590000000000003","20.500000000000000","41.700000000000003","18.500000000000000","53.789999999999999"," 0.766666666666667052","96.4633333333332956","19.600000000000001","40.500000000000000","21.100000000000001","47.759999999999998","17.789999999999999","43.966666666666697"," 1.0000000000000000e+00","764.79999999999995"," 93.000000000000000"," 3.00000000000000000","23.0000000000000000"," 0.0000000000000000e+00","31.7447417881339788437","31.7447417881339788437"
"2016-01-17 02:10:00","  60"," 0","21.864999999999998","39.767499999999998","20.963333333333299","38.500000000000000","21.390000000000001","42.522500000000001","20.426666666666701","41.700000000000003","18.463333333333299","53.789999999999999"," 1.033333333333330106","96.4000000000000057","19.600000000000001","40.663333333333298","21.100000000000001","47.963333333333303","17.789999999999999","44.090000000000003"," 9.0000000000000002e-01","764.75000000000000"," 93.833333333333300"," 3.16666666666667007","23.5000000000000000"," 1.6666666666666701e-02","21.4237690437585115433","21.4237690437585115433"
"2016-01-17 02:20:00","  50"," 0","21.789999999999999","39.700000000000003","20.890000000000001","38.560000000000002","21.390000000000001","42.500000000000000","20.390000000000001","41.700000000000003","18.390000000000001","53.789999999999999"," 1.033333333333330106","96.3333333333333002","19.600000000000001","40.590000000000003","21.100000000000001","48.163333333333298","17.789999999999999","44.223333333333301"," 8.0000000000000004e-01","764.70000000000005"," 94.666666666666700"," 3.33333333333332993","24.0000000000000000"," 3.3333333333333298e-02"," 1.4196466421708464622"," 1.4196466421708464622"
"2016-01-17 02:30:00","  40"," 0","21.760000000000002","39.789999999999999","20.890000000000001","38.626666666666701","21.390000000000001","42.530000000000001","20.390000000000001","41.700000000000003","18.390000000000001","53.826666666666704"," 0.866666666666667029","96.2633333333333070","19.550000000000001","40.700000000000003","21.050000000000001","48.299999999999997","17.789999999999999","44.326666666666704"," 6.9999999999999996e-01","764.64999999999998"," 95.500000000000000"," 3.50000000000000000","24.5000000000000000"," 5.0000000000000003e-02","37.6666350290179252625","37.6666350290179252625"
"2016-01-17 02:40:00","  30"," 0","21.699999999999999","39.789999999999999","20.823333333333299","38.626666666666701","21.390000000000001","42.590000000000003","20.289999999999999","41.789999999999999","18.390000000000001","53.899999999999999"," 0.800000000000000044","96.1233333333333064","19.533333333333299","40.700000000000003","21.000000000000000","48.326666666666704","17.789999999999999","44.466666666666697"," 5.9999999999999998e-01","764.60000000000002"," 96.333333333333300"," 3.66666666666667007","25.0000000000000000"," 6.6666666666666693e-02","10.4316987679339945316","10.4316987679339945316"
"2016-01-17 02:50:00","  30"," 0","21.699999999999999","39.826666666666704","20.789999999999999","38.700000000000003","21.356666666666701","42.590000000000003","20.289999999999999","41.789999999999999","18.390000000000001","53.826666666666704"," 0.900000000000000022","96.1899999999999977","19.600000000000001","40.700000000000003","21.000000000000000","48.466666666666697","17.789999999999999","44.530000000000001"," 5.0000000000000000e-01","764.54999999999995"," 97.166666666666700"," 3.83333333333332993","25.5000000000000000"," 8.3333333333333301e-02","49.9727702583186328411","49.9727702583186328411"
"2016-01-17 03:00:00","  30"," 0","21.633333333333301","39.826666666666704","20.789999999999999","38.700000000000003","21.289999999999999","42.590000000000003","20.260000000000002","41.863333333333301","18.390000000000001","53.899999999999999"," 0.833333333333333037","96.1233333333333064","19.500000000000000","40.899999999999999","21.000000000000000","48.626666666666701","17.789999999999999","44.663333333333298"," 4.0000000000000002e-01","764.50000000000000"," 98.000000000000000"," 4.00000000000000000","26.0000000000000000"," 1.0000000000000001e-01","45.3624596586450934410","45.3624596586450934410"
"2016-01-17 03:10:00","  60"," 0","21.600000000000001","39.826666666666704","20.699999999999999","38.789999999999999","21.289999999999999","42.590000000000003","20.199999999999999","41.789999999999999","18.390000000000001","53.899999999999999"," 0.800000000000000044","96.0600000000000023","19.500000000000000","41.026666666666699","21.000000000000000","48.700000000000003","17.789999999999999","44.789999999999999"," 4.3333333333333302e-01","764.46666666666704"," 97.833333333333300"," 3.66666666666667007","28.3333333333333002"," 1.0000000000000001e-01","35.6232515885494649410","35.6232515885494649410"
"2016-01-17 03:20:00","  50"," 0","21.600000000000001","39.899999999999999","20.699999999999999","38.826666666666704","21.289999999999999","42.663333333333298","20.199999999999999","41.863333333333301","18.390000000000001","53.899999999999999"," 0.866666666666667029","96.0600000000000023","19.500000000000000","41.163333333333298","20.890000000000001","48.859999999999999","17.789999999999999","44.863333333333301"," 4.6666666666666701e-01","764.43333333333305"," 97.666666666666700"," 3.33333333333332993","30.6666666666666998"," 1.0000000000000001e-01","36.5466441959142684937","36.5466441959142684937"
"2016-01-17 03:30:00","  60"," 0","21.500000000000000","40.000000000000000","20.699999999999999","38.899999999999999","21.289999999999999","42.700000000000003","20.199999999999999","41.899999999999999","18.390000000000001","53.899999999999999"," 1.000000000000000000","96.0900000000000034","19.566666666666698","41.090000000000003","20.890000000000001","49.060000000000002","17.789999999999999","44.933333333333302"," 5.0000000000000000e-01","764.39999999999998"," 97.500000000000000"," 3.00000000000000000","33.0000000000000000"," 1.0000000000000001e-01","23.6243960564024746418","23.6243960564024746418"
"2016-01-17 03:40:00","  50"," 0","21.500000000000000","40.000000000000000","20.666666666666700","38.899999999999999","21.289999999999999","42.700000000000003","20.199999999999999","41.899999999999999","18.390000000000001","53.899999999999999"," 1.000000000000000000","96.1233333333333064","19.500000000000000","41.090000000000003","20.856666666666701","49.289999999999999","17.789999999999999","45.060000000000002"," 5.3333333333333299e-01","764.36666666666702"," 97.333333333333300"," 2.66666666666667007","35.3333333333333002"," 1.0000000000000001e-01","43.1255343486554920673","43.1255343486554920673"
"2016-01-17 03:50:00","  50"," 0","21.500000000000000","40.030000000000001","20.600000000000001","38.899999999999999","21.289999999999999","42.700000000000003","20.100000000000001","41.933333333333302","18.323333333333299","53.899999999999999"," 1.066666666666669983","96.1899999999999977","19.500000000000000","41.090000000000003","20.789999999999999","49.344999999999999","17.789999999999999","45.126666666666701"," 5.6666666666666698e-01","764.33333333333303"," 97.166666666666700"," 2.33333333333332993","37.6666666666666998"," 1.0000000000000001e-01"," 8.2707561203278601170"," 8.2707561203278601170"
"2016-01-17 04:00:00","  50"," 0","21.426666666666701","40.030000000000001","20.600000000000001","38.933333333333302","21.289999999999999","42.759999999999998","20.100000000000001","42.000000000000000","18.390000000000001","53.899999999999999"," 1.100000000000000089","96.1566666666666947","19.566666666666698","41.000000000000000","20.789999999999999","49.626666666666701","17.789999999999999","45.200000000000003"," 5.9999999999999998e-01","764.29999999999995"," 97.000000000000000"," 2.00000000000000000","40.0000000000000000"," 1.0000000000000001e-01","31.0213962802663445473","31.0213962802663445473"
"2016-01-17 04:10:00","  40"," 0","21.390000000000001","40.000000000000000","20.533333333333299","39.000000000000000","21.260000000000002","42.700000000000003","20.100000000000001","42.000000000000000","18.340000000000000","53.899999999999999"," 1.100000000000000089","96.0900000000000034","19.500000000000000","41.000000000000000","20.789999999999999","49.700000000000003","17.789999999999999","45.229999999999997"," 5.8333333333333304e-01","764.26666666666699"," 96.833333333333300"," 2.16666666666667007","40.0000000000000000"," 8.3333333333333301e-02","14.6165697486139833927","14.6165697486139833927"
"2016-01-17 04:20:00","  60"," 0","21.390000000000001","40.060000000000002","20.500000000000000","39.030000000000001","21.260000000000002","42.759999999999998","20.100000000000001","42.000000000000000","18.289999999999999","53.899999999999999"," 1.100000000000000089","96.0900000000000034","19.500000000000000","41.000000000000000","20.760000000000002","49.933333333333302","17.789999999999999","45.317500000000003"," 5.6666666666666698e-01","764.23333333333301"," 96.666666666666700"," 2.33333333333332993","40.0000000000000000"," 6.6666666666666693e-02","22.8070866898633539677","22.8070866898633539677"
"2016-01-17 04:30:00","  50"," 0","21.289999999999999","40.090000000000003","20.500000000000000","39.090000000000003","21.260000000000002","42.759999999999998","20.000000000000000","41.899999999999999","18.289999999999999","53.899999999999999"," 1.033333333333330106","96.0300000000000011","19.500000000000000","41.000000000000000","20.760000000000002","50.060000000000002","17.789999999999999","45.399999999999999"," 5.5000000000000004e-01","764.20000000000005"," 96.500000000000000"," 2.50000000000000000","40.0000000000000000"," 5.0000000000000003e-02"," 2.2819604491814970970"," 2.2819604491814970970"
"2016-01-17 04:40:00","  60"," 0","21.289999999999999","40.090000000000003","20.500000000000000","39.126666666666701","21.199999999999999","42.700000000000003","20.000000000000000","41.899999999999999","18.289999999999999","53.899999999999999"," 1.000000000000000000","96.0000000000000000","19.500000000000000","41.000000000000000","20.699999999999999","50.326666666666704","17.789999999999999","45.433333333333302"," 5.3333333333333299e-01","764.16666666666697"," 96.333333333333300"," 2.66666666666667007","40.0000000000000000"," 3.3333333333333298e-02"," 8.8830876047722995281"," 8.8830876047722995281"
"2016-01-17 04:50:00","  50"," 0","21.289999999999999","40.200000000000003","20.426666666666701","39.126666666666701","21.230000000000000","42.729999999999997","20.000000000000000","41.933333333333302","18.289999999999999","53.899999999999999"," 1.000000000000000000","96.0000000000000000","19.500000000000000","40.933333333333302","20.699999999999999","50.399999999999999","17.789999999999999","45.500000000000000"," 5.1666666666666705e-01","764.13333333333298"," 96.166666666666700"," 2.83333333333332993","40.0000000000000000"," 1.6666666666666701e-02"," 2.8966033947654068470"," 2.8966033947654068470"
"2016-01-17 05:00:00","  50"," 0","21.230000000000000","40.200000000000003","20.390000000000001","39.090000000000003","21.289999999999999","42.789999999999999","19.926666666666701","41.933333333333302","18.289999999999999","53.899999999999999"," 0.866666666666667029","96.0000000000000000","19.500000000000000","40.899999999999999","20.699999999999999","50.500000000000000","17.823333333333299","45.566666666666698"," 5.0000000000000000e-01","764.10000000000002"," 96.000000000000000"," 3.00000000000000000","40.0000000000000000"," 0.0000000000000000e+00","47.2205116762779653072","47.2205116762779653072"
"2016-01-17 05:10:00","  40"," 0","21.199999999999999","40.200000000000003","20.390000000000001","39.163333333333298","21.289999999999999","42.789999999999999","19.890000000000001","41.966666666666697","18.289999999999999","53.899999999999999"," 0.800000000000000044","96.0000000000000000","19.500000000000000","40.899999999999999","20.699999999999999","50.500000000000000","17.823333333333299","45.626666666666701"," 4.8333333333333300e-01","764.10000000000002"," 96.166666666666700"," 3.00000000000000000","38.0000000000000000"," 0.0000000000000000e+00","17.1371737145818769932","17.1371737145818769932"
"2016-01-17 05:20:00","  50"," 0","21.199999999999999","40.200000000000003","20.323333333333299","39.200000000000003","21.230000000000000","42.729999999999997","19.890000000000001","41.966666666666697","18.289999999999999","53.899999999999999"," 0.800000000000000044","96.0300000000000011","19.500000000000000","40.899999999999999","20.699999999999999","50.399999999999999","17.789999999999999","45.626666666666701"," 4.6666666666666701e-01","764.10000000000002"," 96.333333333333300"," 3.00000000000000000","36.0000000000000000"," 0.0000000000000000e+00","25.8975285338237881660","25.8975285338237881660"
"2016-01-17 05:30:00","  50"," 0","21.100000000000001","40.289999999999999","20.323333333333299","39.200000000000003","21.199999999999999","42.700000000000003","19.890000000000001","42.000000000000000","18.289999999999999","53.899999999999999"," 0.733333333333332948","96.0900000000000034","19.426666666666701","40.826666666666704","20.699999999999999","50.399999999999999","17.789999999999999","45.700000000000003"," 4.5000000000000001e-01","764.10000000000002"," 96.500000000000000"," 3.00000000000000000","34.0000000000000000"," 0.0000000000000000e+00","31.2622667639516294003","31.2622667639516294003"
"2016-01-17 05:40:00","  30"," 0","21.100000000000001","40.289999999999999","20.289999999999999","39.229999999999997","21.199999999999999","42.729999999999997","19.890000000000001","42.000000000000000","18.260000000000002","53.863333333333301"," 0.699999999999999956","96.0900000000000034","19.445000000000000","40.994999999999997","20.699999999999999","50.289999999999999","17.789999999999999","45.700000000000003"," 4.3333333333333302e-01","764.10000000000002"," 96.666666666666700"," 3.00000000000000000","32.0000000000000000"," 0.0000000000000000e+00","11.8632426834665238857","11.8632426834665238857"
"2016-01-17 05:50:00","  40"," 0","21.100000000000001","40.289999999999999","20.289999999999999","39.289999999999999","21.199999999999999","42.729999999999997","19.789999999999999","41.899999999999999","18.260000000000002","53.789999999999999"," 0.699999999999999956","96.0900000000000034","19.426666666666701","41.066666666666698","20.625000000000000","50.117500000000000","17.789999999999999","45.759999999999998"," 4.1666666666666702e-01","764.10000000000002"," 96.833333333333300"," 3.00000000000000000","30.0000000000000000"," 0.0000000000000000e+00","25.8061957196332514286","25.8061957196332514286"
"2016-01-17 06:00:00","  30"," 0","21.000000000000000","40.289999999999999","20.260000000000002","39.259999999999998","21.199999999999999","42.700000000000003","19.789999999999999","41.899999999999999","18.199999999999999","53.729999999999997"," 0.699999999999999956","96.0900000000000034","19.426666666666701","41.126666666666701","20.666666666666700","50.000000000000000","17.890000000000001","45.899999999999999"," 4.0000000000000002e-01","764.10000000000002"," 97.000000000000000"," 3.00000000000000000","28.0000000000000000"," 0.0000000000000000e+00","40.3270913870073854923","40.3270913870073854923"
"2016-01-17 06:10:00","  50"," 0","21.000000000000000","40.363333333333301","20.199999999999999","39.259999999999998","21.199999999999999","42.626666666666701","19.789999999999999","41.966666666666697","18.199999999999999","53.729999999999997"," 0.750000000000000000","96.0224999999999937","19.390000000000001","41.200000000000003","20.600000000000001","49.759999999999998","17.823333333333299","45.826666666666704"," 4.1666666666666702e-01","764.13333333333298"," 96.833333333333300"," 3.00000000000000000","28.0000000000000000","-1.6666666666666701e-02","17.4132367246784269810","17.4132367246784269810"
"2016-01-17 06:20:00","  50"," 0","21.000000000000000","40.399999999999999","20.199999999999999","39.344999999999999","21.199999999999999","42.626666666666701","19.789999999999999","41.975000000000001","18.199999999999999","53.700000000000003"," 0.766666666666667052","96.0600000000000023","19.390000000000001","41.066666666666698","20.600000000000001","49.700000000000003","17.789999999999999","45.826666666666704"," 4.3333333333333302e-01","764.16666666666697"," 96.666666666666700"," 3.00000000000000000","28.0000000000000000","-3.3333333333333298e-02","42.9343726485967636108","42.9343726485967636108"
"2016-01-17 06:30:00","  40"," 0","21.000000000000000","40.399999999999999","20.166666666666700","39.399999999999999","21.199999999999999","42.626666666666701","19.789999999999999","42.000000000000000","18.199999999999999","53.700000000000003"," 0.766666666666667052","96.0900000000000034","19.390000000000001","41.126666666666701","20.600000000000001","49.700000000000003","17.856666666666701","45.966666666666697"," 4.5000000000000001e-01","764.20000000000005"," 96.500000000000000"," 3.00000000000000000","28.0000000000000000","-5.0000000000000003e-02"," 1.7219380591996014118"," 1.7219380591996014118"
"2016-01-17 06:40:00","  50"," 0","20.963333333333299","40.433333333333302","20.166666666666700","39.399999999999999","21.100000000000001","42.700000000000003","19.730000000000000","41.899999999999999","18.199999999999999","53.672499999999999"," 0.699999999999999956","96.0900000000000034","19.390000000000001","41.200000000000003","20.600000000000001","49.626666666666701","17.856666666666701","45.966666666666697"," 4.6666666666666701e-01","764.23333333333301"," 96.333333333333300"," 3.00000000000000000","28.0000000000000000","-6.6666666666666693e-02","48.5498572932556271553","48.5498572932556271553"
"2016-01-17 06:50:00","  50"," 0","20.890000000000001","40.500000000000000","20.100000000000001","39.399999999999999","21.100000000000001","42.700000000000003","19.730000000000000","41.899999999999999","18.199999999999999","53.663333333333298"," 0.699999999999999956","96.0900000000000034","19.390000000000001","41.200000000000003","20.566666666666698","49.560000000000002","17.856666666666701","45.966666666666697"," 4.8333333333333300e-01","764.26666666666699"," 96.166666666666700"," 3.00000000000000000","28.0000000000000000","-8.3333333333333301e-02","37.2555068111978471279","37.2555068111978471279"
"2016-01-17 07:00:00"," 170"," 0","20.890000000000001","40.500000000000000","20.100000000000001","39.466666666666697","21.100000000000001","42.789999999999999","19.699999999999999","42.000000000000000","18.199999999999999","53.590000000000003"," 0.633333333333332971","96.0300000000000011","19.390000000000001","41.200000000000003","20.500000000000000","49.500000000000000","17.823333333333299","45.963333333333303"," 5.0000000000000000e-01","764.29999999999995"," 96.000000000000000"," 3.00000000000000000","28.0000000000000000","-1.0000000000000001e-01","13.6627620900981128216","13.6627620900981128216"
"2016-01-17 07:10:00"," 400"," 0","20.890000000000001","40.500000000000000","20.100000000000001","39.500000000000000","21.100000000000001","42.729999999999997","19.699999999999999","42.000000000000000","18.199999999999999","53.590000000000003"," 0.599999999999999978","96.1233333333333064","19.390000000000001","41.200000000000003","20.500000000000000","49.399999999999999","17.823333333333299","46.030000000000001"," 2.8333333333333299e-01","764.36666666666702"," 96.000000000000000"," 2.83333333333332993","27.3333333333333002","-3.1666666666666698e-01","33.8553050765767693520","33.8553050765767693520"
"2016-01-17 07:20:00"," 390","10","20.789999999999999","40.530000000000001","20.033333333333299","39.433333333333302","21.100000000000001","42.759999999999998","19.893333333333299","42.126666666666701","18.199999999999999","53.590000000000003"," 0.533333333333332993","96.1899999999999977","19.390000000000001","41.200000000000003","20.500000000000000","49.399999999999999","17.890000000000001","46.090000000000003"," 6.6666666666666693e-02","764.43333333333305"," 96.000000000000000"," 2.66666666666667007","26.6666666666666998","-5.3333333333333299e-01","17.3973734024912118912","17.3973734024912118912"
"2016-01-17 07:30:00"," 370","10","20.789999999999999","40.723333333333301","20.000000000000000","39.433333333333302","21.100000000000001","42.626666666666701","20.293333333333301","42.126666666666701","18.199999999999999","53.590000000000003"," 0.266666666666666996","96.1899999999999977","19.390000000000001","41.200000000000003","20.500000000000000","49.289999999999999","17.864999999999998","46.042499999999997","-1.4999999999999999e-01","764.50000000000000"," 96.000000000000000"," 2.50000000000000000","26.0000000000000000","-7.5000000000000000e-01","47.3510260810144245625","47.3510260810144245625"
"2016-01-17 07:40:00"," 390","10","20.789999999999999","40.933333333333302","20.000000000000000","39.560000000000002","21.100000000000001","42.590000000000003","20.763333333333300","41.899999999999999","18.199999999999999","53.590000000000003"," 0.066666666666666693","96.1899999999999977","19.390000000000001","41.200000000000003","20.500000000000000","49.289999999999999","17.856666666666701","45.899999999999999","-3.6666666666666697e-01","764.56666666666695"," 96.000000000000000"," 2.33333333333332993","25.3333333333333002","-9.6666666666666601e-01","16.9311887468211352825","16.9311887468211352825"
"2016-01-17 07:50:00"," 370","10","20.789999999999999","41.133333333333297","20.000000000000000","39.590000000000003","21.100000000000001","42.590000000000003","21.030000000000001","41.566666666666698","18.166666666666700","53.590000000000003","-0.299999999999999989","96.0266666666666993","19.390000000000001","41.289999999999999","20.463333333333299","49.163333333333298","17.789999999999999","45.759999999999998","-5.8333333333333304e-01","764.63333333333298"," 96.000000000000000"," 2.16666666666667007","24.6666666666666998","-1.1833333333333300e+00"," 1.5856601996347308159"," 1.5856601996347308159"
"2016-01-17 08:00:00"," 380","10","20.789999999999999","41.200000000000003","20.000000000000000","39.663333333333298","21.000000000000000","42.399999999999999","21.359999999999999","41.133333333333297","18.100000000000001","53.590000000000003","-0.633333333333332971","95.8333333333333002","19.323333333333299","41.229999999999997","20.390000000000001","49.030000000000001","17.856666666666701","45.759999999999998","-8.0000000000000004e-01","764.70000000000005"," 96.000000000000000"," 2.00000000000000000","24.0000000000000000","-1.3999999999999999e+00","17.6792898797430098057","17.6792898797430098057"
"2016-01-17 08:10:00"," 100","10","20.789999999999999","41.200000000000003","20.000000000000000","39.826666666666704","21.000000000000000","42.399999999999999","21.633333333333301","40.933333333333302","18.100000000000001","53.500000000000000","-0.966666666666667007","95.5600000000000023","19.289999999999999","41.229999999999997","20.390000000000001","49.090000000000003","17.789999999999999","45.590000000000003","-8.0000000000000004e-01","764.71666666666704"," 95.500000000000000"," 2.00000000000000000","24.6666666666666998","-1.4666666666666699e+00","19.3561793887056410313","19.3561793887056410313"
"2016-01-17 08:20:00","  90","20","20.789999999999999","41.259999999999998","20.000000000000000","39.966666666666697","21.000000000000000","42.296666666666702","21.789999999999999","40.633333333333297","18.100000000000001","53.560000000000002","-1.033333333333330106","95.6266666666666936","19.289999999999999","41.289999999999999","20.390000000000001","49.030000000000001","17.789999999999999","45.530000000000001","-8.0000000000000004e-01","764.73333333333301"," 95.000000000000000"," 2.00000000000000000","25.3333333333333002","-1.5333333333333301e+00","17.8473580046556890011","17.8473580046556890011"
"2016-01-17 08:30:00"," 470","10","20.789999999999999","41.259999999999998","20.000000000000000","40.090000000000003","21.000000000000000","42.163333333333298","21.789999999999999","40.633333333333297","18.100000000000001","53.500000000000000","-0.900000000000000022","95.7999999999999972","19.289999999999999","41.289999999999999","20.390000000000001","48.933333333333302","17.789999999999999","45.500000000000000","-8.0000000000000004e-01","764.75000000000000"," 94.500000000000000"," 2.00000000000000000","26.0000000000000000","-1.6000000000000001e+00","47.9984303005039691925","47.9984303005039691925"
"2016-01-17 08:40:00"," 320"," 0","20.789999999999999","41.645000000000003","20.000000000000000","40.090000000000003","20.945000000000000","42.450000000000003","21.789999999999999","40.533333333333303","18.100000000000001","53.433333333333302","-0.966666666666667007","95.6599999999999966","19.289999999999999","40.823333333333302","20.390000000000001","48.859999999999999","17.789999999999999","45.359999999999999","-8.0000000000000004e-01","764.76666666666699"," 94.000000000000000"," 2.00000000000000000","26.6666666666666998","-1.6666666666666701e+00","19.1869102418422698975","19.1869102418422698975"
"2016-01-17 08:50:00"," 270"," 0","20.823333333333299","42.126666666666701","20.100000000000001","40.090000000000003","21.230000000000000","43.893333333333302","21.730000000000000","40.000000000000000","18.100000000000001","53.259999999999998","-1.050000000000000044","95.6400000000000006","19.289999999999999","40.289999999999999","20.289999999999999","48.399999999999999","17.789999999999999","44.990000000000002","-8.0000000000000004e-01","764.78333333333296"," 93.500000000000000"," 2.00000000000000000","27.3333333333333002","-1.7333333333333301e+00","27.3168810526840388775","27.3168810526840388775"
"2016-01-17 09:00:00"," 260"," 0","20.890000000000001","42.399999999999999","20.166666666666700","40.090000000000003","21.430000000000000","44.893333333333302","21.666666666666700","39.633333333333297","18.100000000000001","53.066666666666698","-1.199999999999999956","95.5900000000000034","19.260000000000002","39.766666666666701","20.289999999999999","47.897500000000001","17.789999999999999","44.530000000000001","-8.0000000000000004e-01","764.79999999999995"," 93.000000000000000"," 2.00000000000000000","28.0000000000000000","-1.8000000000000000e+00","46.2661737925373017788","46.2661737925373017788"
"2016-01-17 09:10:00"," 230"," 0","20.926666666666701","42.390000000000001","20.199999999999999","39.930000000000000","21.763333333333300","45.590000000000003","21.533333333333299","39.359999999999999","18.100000000000001","52.759999999999998","-1.133333333333329973","95.6566666666666947","19.199999999999999","39.359999999999999","20.289999999999999","47.463333333333303","17.730000000000000","43.893333333333302","-6.3333333333333297e-01","764.85000000000002"," 92.500000000000000"," 1.83333333333332993","28.1666666666666998","-1.7166666666666699e+00","45.8429763559252023697","45.8429763559252023697"
"2016-01-17 09:20:00"," 470","10","21.000000000000000","42.590000000000003","20.260000000000002","39.789999999999999","22.030000000000001","45.463333333333303","21.356666666666701","38.930000000000000","18.100000000000001","52.566666666666698","-1.133333333333329973","95.6566666666666947","19.199999999999999","39.229999999999997","20.199999999999999","46.966666666666697","17.730000000000000","43.500000000000000","-4.6666666666666701e-01","764.89999999999998"," 92.000000000000000"," 1.66666666666667007","28.3333333333333002","-1.6333333333333300e+00","12.1366496430709958076","12.1366496430709958076"
"2016-01-17 09:30:00"," 400"," 0","21.133333333333301","42.533333333333303","20.390000000000001","39.500000000000000","22.230000000000000","44.990000000000002","21.289999999999999","38.789999999999999","18.100000000000001","52.299999999999997","-1.260000000000000009","95.5300000000000011","19.199999999999999","39.030000000000001","20.199999999999999","46.766666666666701","17.699999999999999","43.063333333333297","-2.9999999999999999e-01","764.95000000000005"," 91.500000000000000"," 1.50000000000000000","28.5000000000000000","-1.5500000000000000e+00","35.8545419410802423954","35.8545419410802423954"
"2016-01-17 09:40:00"," 290"," 0","21.199999999999999","42.333333333333300","20.500000000000000","39.296666666666702","22.356666666666701","44.530000000000001","21.199999999999999","38.500000000000000","18.100000000000001","52.066666666666698","-1.323333333333329920","95.3299999999999983","19.166666666666700","38.460000000000001","20.199999999999999","46.399999999999999","17.760000000000002","42.729999999999997","-1.3333333333333300e-01","765.00000000000000"," 91.000000000000000"," 1.33333333333332993","28.6666666666666998","-1.4666666666666699e+00","17.4473017919808626175","17.4473017919808626175"
"2016-01-17 09:50:00"," 100"," 0","21.390000000000001","41.799999999999997","20.566666666666698","39.030000000000001","22.390000000000001","43.733333333333299","21.263333333333300","38.963333333333303","18.100000000000001","51.833333333333300","-1.323333333333329920","95.2633333333333070","19.100000000000001","38.066666666666698","20.133333333333301","46.200000000000003","17.789999999999999","42.729999999999997"," 3.3333333333333298e-02","765.04999999999995"," 90.500000000000000"," 1.16666666666667007","28.8333333333333002","-1.3833333333333300e+00","27.7141675353050231934","27.7141675353050231934"
"2016-01-17 10:00:00","  90"," 0","21.463333333333299","40.600000000000001","20.823333333333299","38.863333333333301","22.323333333333299","43.266666666666701","21.463333333333299","39.163333333333298","18.100000000000001","51.626666666666701","-1.290000000000000036","95.2999999999999972","19.133333333333301","38.060000000000002","20.100000000000001","45.930000000000000","17.789999999999999","42.729999999999997"," 2.0000000000000001e-01","765.10000000000002"," 90.000000000000000"," 1.00000000000000000","29.0000000000000000","-1.3000000000000000e+00","37.1486206538975238800","37.1486206538975238800"
"2016-01-17 10:10:00","  90"," 0","21.633333333333301","39.966666666666697","20.963333333333299","38.656666666666702","22.199999999999999","42.759999999999998","21.533333333333299","39.463333333333303","18.100000000000001","51.363333333333301","-1.229999999999999982","95.2266666666667021","19.133333333333301","37.933333333333302","20.100000000000001","45.729999999999997","17.760000000000002","42.663333333333298"," 3.8333333333333303e-01","765.14999999999998"," 89.500000000000000"," 1.00000000000000000","29.0000000000000000","-1.1833333333333300e+00","40.9849159303121268749","40.9849159303121268749"
"2016-01-17 10:20:00","  90"," 0","21.699999999999999","39.766666666666701","21.133333333333301","38.399999999999999","22.133333333333301","42.566666666666698","21.600000000000001","39.590000000000003","18.100000000000001","51.229999999999997","-1.166666666666670071","95.2600000000000051","19.133333333333301","37.899999999999999","20.100000000000001","45.560000000000002","17.760000000000002","42.530000000000001"," 5.6666666666666698e-01","765.20000000000005"," 89.000000000000000"," 1.00000000000000000","29.0000000000000000","-1.0666666666666700e+00","43.4828632511198520660","43.4828632511198520660"
"2016-01-17 10:30:00","  90"," 0","21.730000000000000","39.526666666666699","21.199999999999999","38.066666666666698","22.066666666666698","42.100000000000001","21.600000000000001","39.789999999999999","18.100000000000001","51.045000000000002","-1.033333333333330106","95.4666666666666970","19.199999999999999","37.766666666666701","20.100000000000001","45.500000000000000","17.789999999999999","42.333333333333300"," 7.5000000000000000e-01","765.25000000000000"," 88.500000000000000"," 1.00000000000000000","29.0000000000000000","-9.4999999999999996e-01"," 1.7932567163370549679"," 1.7932567163370549679"
"2016-01-17 10:40:00"," 100"," 0","21.856666666666701","39.399999999999999","21.289999999999999","37.966666666666697","22.000000000000000","41.766666666666701","21.600000000000001","39.863333333333301","18.100000000000001","50.863333333333301","-0.866666666666667029","95.6233333333333064","19.133333333333301","37.663333333333298","20.100000000000001","45.363333333333301","17.789999999999999","41.997500000000002"," 9.3333333333333302e-01","765.29999999999995"," 88.000000000000000"," 1.00000000000000000","29.0000000000000000","-8.3333333333333304e-01","11.0012201708741486073","11.0012201708741486073"
"2016-01-17 10:50:00","  80"," 0","21.890000000000001","39.259999999999998","21.289999999999999","37.826666666666704","21.890000000000001","41.526666666666699","21.633333333333301","39.899999999999999","18.100000000000001","50.729999999999997","-0.666666666666666963","95.8299999999999983","19.199999999999999","37.663333333333298","20.100000000000001","45.289999999999999","17.789999999999999","41.789999999999999"," 1.1166666666666700e+00","765.35000000000002"," 87.500000000000000"," 1.00000000000000000","29.0000000000000000","-7.1666666666666701e-01","18.3486604830250144005","18.3486604830250144005"
"2016-01-17 11:00:00"," 180"," 0","21.963333333333299","39.259999999999998","21.390000000000001","37.663333333333298","21.890000000000001","41.326666666666704","21.699999999999999","39.766666666666701","18.100000000000001","50.590000000000003","-0.466666666666667007","96.0300000000000011","19.199999999999999","37.526666666666699","20.133333333333301","45.200000000000003","17.890000000000001","41.759999999999998"," 1.3000000000000000e+00","765.39999999999998"," 87.000000000000000"," 1.00000000000000000","29.0000000000000000","-5.9999999999999998e-01","15.2848221012391149998","15.2848221012391149998"
"2016-01-17 11:10:00"," 440"," 0","22.033333333333299","39.193333333333300","21.390000000000001","37.390000000000001","21.890000000000001","41.229999999999997","21.789999999999999","39.460000000000001","18.100000000000001","50.530000000000001","-0.333333333333332982","96.1566666666666947","19.199999999999999","37.326666666666704","20.133333333333301","45.200000000000003","17.823333333333299","41.566666666666698"," 1.4833333333333301e+00","765.43333333333305"," 85.166666666666700"," 1.16666666666667007","29.0000000000000000","-7.5000000000000000e-01","36.3915228750556707382","36.3915228750556707382"
"2016-01-17 11:20:00"," 300"," 0","22.100000000000001","38.799999999999997","21.390000000000001","36.859999999999999","21.963333333333299","41.490000000000002","21.856666666666701","39.259999999999998","18.100000000000001","50.259999999999998","-0.133333333333332998","96.2266666666667021","19.323333333333299","37.826666666666704","20.199999999999999","45.626666666666701","17.890000000000001","41.500000000000000"," 1.6666666666666701e+00","765.46666666666704"," 83.333333333333300"," 1.33333333333332993","29.0000000000000000","-9.0000000000000002e-01","34.9864383111707866192","34.9864383111707866192"
"2016-01-17 11:30:00"," 250"," 0","22.100000000000001","37.933333333333302","21.196666666666701","35.133333333333297","21.856666666666701","41.100000000000001","21.856666666666701","39.100000000000001","18.100000000000001","50.066666666666698"," 0.100000000000000006","96.3499999999999943","19.463333333333299","37.899999999999999","20.260000000000002","45.626666666666701","17.890000000000001","41.433333333333302"," 1.8500000000000001e+00","765.50000000000000"," 81.500000000000000"," 1.50000000000000000","29.0000000000000000","-1.0500000000000000e+00","45.5030463403090834618","45.5030463403090834618"
"2016-01-17 11:40:00"," 280"," 0","22.033333333333299","37.399999999999999","20.890000000000001","34.426666666666698","21.789999999999999","40.633333333333297","21.789999999999999","38.633333333333297","18.100000000000001","49.723333333333301"," 0.266666666666666996","96.4333333333332945","19.533333333333299","37.826666666666704","20.289999999999999","45.259999999999998","17.890000000000001","41.289999999999999"," 2.0333333333333301e+00","765.53333333333296"," 79.666666666666700"," 1.66666666666667007","29.0000000000000000","-1.2000000000000000e+00","42.2801304841414093971","42.2801304841414093971"
"2016-01-17 11:50:00"," 460"," 0","22.033333333333299","37.926666666666698","20.963333333333299","34.960000000000001","22.100000000000001","40.744999999999997","21.760000000000002","38.500000000000000","18.100000000000001","49.390000000000001"," 0.333333333333332982","96.4666666666666970","19.600000000000001","37.826666666666704","20.289999999999999","45.200000000000003","17.890000000000001","41.289999999999999"," 2.2166666666666699e+00","765.56666666666695"," 77.833333333333300"," 1.83333333333332993","29.0000000000000000","-1.3500000000000001e+00","38.9272320084273815155","38.9272320084273815155"
"2016-01-17 12:00:00"," 120"," 0","22.100000000000001","38.250000000000000","21.133333333333301","35.596666666666700","22.323333333333299","40.633333333333297","21.699999999999999","38.560000000000002","18.100000000000001","49.163333333333298"," 0.400000000000000022","96.4000000000000057","19.699999999999999","37.759999999999998","20.390000000000001","45.363333333333301","18.000000000000000","41.163333333333298"," 2.3999999999999999e+00","765.60000000000002"," 76.000000000000000"," 2.00000000000000000","29.0000000000000000","-1.5000000000000000e+00","20.0421714107505977154","20.0421714107505977154"
"2016-01-17 12:10:00"," 120"," 0","22.100000000000001","38.266666666666701","21.260000000000002","35.990000000000002","22.463333333333299","40.433333333333302","21.666666666666700","38.590000000000003","18.100000000000001","49.030000000000001"," 0.500000000000000000","96.5300000000000011","19.722500000000000","37.594999999999999","20.390000000000001","44.963333333333303","18.000000000000000","41.090000000000003"," 2.4833333333333298e+00","765.58333333333303"," 75.166666666666700"," 2.00000000000000000","30.8333333333333002","-1.5833333333333299e+00","28.8402329431846737862","28.8402329431846737862"
"2016-01-17 12:20:00"," 110"," 0","22.100000000000001","38.259999999999998","21.289999999999999","36.326666666666704","22.390000000000001","39.930000000000000","21.600000000000001","38.590000000000003","18.100000000000001","49.000000000000000"," 0.566666666666666985","96.5300000000000011","19.856666666666701","37.560000000000002","20.390000000000001","44.645000000000003","18.000000000000000","40.863333333333301"," 2.5666666666666700e+00","765.56666666666695"," 74.333333333333300"," 2.00000000000000000","32.6666666666666998","-1.6666666666666701e+00"," 3.8179723080247640610"," 3.8179723080247640610"
"2016-01-17 12:30:00"," 130"," 0","22.100000000000001","38.259999999999998","21.289999999999999","36.466666666666697","22.323333333333299","39.729999999999997","21.600000000000001","38.700000000000003","18.166666666666700","49.000000000000000"," 0.699999999999999956","96.6899999999999977","19.890000000000001","37.333333333333300","20.533333333333299","44.333333333333300","18.000000000000000","40.656666666666702"," 2.6499999999999999e+00","765.54999999999995"," 73.500000000000000"," 2.00000000000000000","34.5000000000000000","-1.7500000000000000e+00","43.6487425351515412331","43.6487425351515412331"
"2016-01-17 12:40:00"," 110"," 0","22.033333333333299","38.229999999999997","21.289999999999999","36.590000000000003","22.199999999999999","39.399999999999999","21.533333333333299","38.759999999999998","18.100000000000001","48.899999999999999"," 0.833333333333333037","96.7633333333333070","19.963333333333299","37.066666666666698","20.666666666666700","44.126666666666701","18.000000000000000","40.363333333333301"," 2.7333333333333298e+00","765.53333333333296"," 72.666666666666700"," 2.00000000000000000","36.3333333333333002","-1.8333333333333299e+00","47.8142867796123027802","47.8142867796123027802"
"2016-01-17 12:50:00"," 120"," 0","22.100000000000001","38.229999999999997","21.289999999999999","36.590000000000003","22.133333333333301","39.399999999999999","21.500000000000000","38.950000000000003","18.100000000000001","48.826666666666704"," 0.933333333333333015","96.7999999999999972","20.133333333333301","36.693333333333300","20.730000000000000","43.863333333333301","18.000000000000000","40.156666666666702"," 2.8166666666666700e+00","765.51666666666699"," 71.833333333333300"," 2.00000000000000000","38.1666666666666998","-1.9166666666666701e+00","25.2765539917163550854","25.2765539917163550854"
"2016-01-17 13:00:00"," 120"," 0","22.100000000000001","38.060000000000002","21.289999999999999","36.590000000000003","22.100000000000001","39.363333333333301","21.500000000000000","38.899999999999999","18.100000000000001","48.789999999999999"," 1.000000000000000000","96.7999999999999972","20.260000000000002","36.433333333333302","20.856666666666701","43.729999999999997","18.000000000000000","39.966666666666697"," 2.8999999999999999e+00","765.50000000000000"," 71.000000000000000"," 2.00000000000000000","40.0000000000000000","-2.0000000000000000e+00","46.2183181894943118095","46.2183181894943118095"
"2016-01-17 13:10:00"," 120"," 0","22.100000000000001","38.060000000000002","21.260000000000002","36.560000000000002","22.100000000000001","39.229999999999997","21.500000000000000","38.899999999999999","18.100000000000001","48.789999999999999"," 1.066666666666669983","96.8333333333333002","20.390000000000001","36.163333333333298","21.163333333333298","43.466666666666697","18.066666666666698","39.899999999999999"," 2.9166666666666701e+00","765.48333333333301"," 69.666666666666700"," 2.00000000000000000","40.0000000000000000","-2.2500000000000000e+00"," 6.7256766371428966522"," 6.7256766371428966522"
"2016-01-17 13:20:00"," 130"," 0","22.066666666666698","38.163333333333298","21.133333333333301","36.560000000000002","22.000000000000000","39.163333333333298","21.500000000000000","39.090000000000003","18.100000000000001","48.663333333333298"," 1.260000000000000009","96.9666666666666970","20.390000000000001","35.963333333333303","21.356666666666701","43.266666666666701","18.100000000000001","39.829999999999998"," 2.9333333333333300e+00","765.46666666666704"," 68.333333333333300"," 2.00000000000000000","40.0000000000000000","-2.5000000000000000e+00","11.9368501589633524418","11.9368501589633524418"
"2016-01-17 13:30:00"," 120"," 0","22.000000000000000","38.090000000000003","21.100000000000001","36.590000000000003","22.000000000000000","39.163333333333298","21.500000000000000","38.890000000000001","18.100000000000001","48.590000000000003"," 1.323333333333329920","97.0000000000000000","20.390000000000001","35.663333333333298","21.390000000000001","43.163333333333298","18.166666666666700","40.696666666666701"," 2.9500000000000002e+00","765.45000000000005"," 67.000000000000000"," 2.00000000000000000","40.0000000000000000","-2.7500000000000000e+00","24.4981311028823256493","24.4981311028823256493"
"2016-01-17 13:40:00"," 120"," 0","22.000000000000000","38.229999999999997","21.100000000000001","36.663333333333298","21.963333333333299","39.200000000000003","21.390000000000001","38.466666666666697","18.100000000000001","48.590000000000003"," 1.389999999999999902","97.0000000000000000","20.390000000000001","35.390000000000001","21.390000000000001","43.090000000000003","18.199999999999999","40.893333333333302"," 2.9666666666666699e+00","765.43333333333305"," 65.666666666666700"," 2.00000000000000000","40.0000000000000000","-3.0000000000000000e+00","23.7030048388987779617","23.7030048388987779617"
"2016-01-17 13:50:00"," 410"," 0","22.000000000000000","38.229999999999997","21.000000000000000","36.563333333333297","21.890000000000001","39.200000000000003","21.390000000000001","38.399999999999999","18.100000000000001","48.590000000000003"," 1.533333333333330106","97.1899999999999977","20.390000000000001","35.064999999999998","21.533333333333299","43.399999999999999","18.222500000000000","40.350000000000001"," 2.9833333333333298e+00","765.41666666666697"," 64.333333333333300"," 2.00000000000000000","40.0000000000000000","-3.2500000000000000e+00","21.7497079516761004925","21.7497079516761004925"
"2016-01-17 14:00:00"," 420"," 0","22.000000000000000","37.026666666666699","20.774999999999999","34.789999999999999","21.856666666666701","38.893333333333302","21.356666666666701","37.563333333333297","18.100000000000001","48.447499999999998"," 1.600000000000000089","97.1899999999999977","20.390000000000001","34.640000000000001","21.600000000000001","42.733333333333299","18.289999999999999","40.560000000000002"," 3.0000000000000000e+00","765.39999999999998"," 63.000000000000000"," 2.00000000000000000","40.0000000000000000","-3.5000000000000000e+00"," 1.9624480046331882477"," 1.9624480046331882477"
"2016-01-17 14:10:00"," 140"," 0","21.926666666666701","34.899999999999999","20.416000000000000","32.390000000000001","21.663333333333298","37.966666666666697","21.289999999999999","37.229999999999997","18.100000000000001","48.267499999999998"," 1.699999999999999956","97.2999999999999972","20.531666666666698","34.409999999999997","21.600000000000001","41.799999999999997","18.289999999999999","40.500000000000000"," 3.0166666666666702e+00","765.36666666666702"," 62.333333333333300"," 2.00000000000000000","40.0000000000000000","-3.6333333333333302e+00","32.2165507590398192406","32.2165507590398192406"
"2016-01-17 14:20:00","  60"," 0","21.856666666666701","33.130000000000003","20.096666666666700","31.160000000000000","21.463333333333299","36.299999999999997","21.260000000000002","36.593333333333298","18.100000000000001","48.066666666666698"," 1.729999999999999982","97.2266666666667021","20.633333333333301","33.923333333333296","21.600000000000001","41.100000000000001","18.289999999999999","40.433333333333302"," 3.0333333333333301e+00","765.33333333333303"," 61.666666666666700"," 2.00000000000000000","40.0000000000000000","-3.7666666666666702e+00","35.7783600105904042721","35.7783600105904042721"
"2016-01-17 14:30:00","  60"," 0","21.730000000000000","32.463333333333303","19.763333333333300","30.160000000000000","21.263333333333300","35.233333333333299","21.199999999999999","36.066666666666698","18.100000000000001","47.417499999999997"," 1.790000000000000036","97.2266666666667021","20.760000000000002","33.256666666666703","21.600000000000001","40.093333333333298","18.390000000000001","39.766666666666701"," 3.0499999999999998e+00","765.29999999999995"," 61.000000000000000"," 2.00000000000000000","40.0000000000000000","-3.8999999999999999e+00","17.5833360641263425350","17.5833360641263425350"
"2016-01-17 14:40:00","  70","10","21.633333333333301","32.023333333333298","19.730000000000000","30.366666666666699","21.100000000000001","35.030000000000001","21.199999999999999","35.863333333333301","18.100000000000001","46.693333333333300"," 1.790000000000000036","97.2266666666667021","20.926666666666701","32.966666666666697","21.600000000000001","39.500000000000000","18.390000000000001","39.500000000000000"," 3.0666666666666700e+00","765.26666666666699"," 60.333333333333300"," 2.00000000000000000","40.0000000000000000","-4.0333333333333297e+00","47.3278374411165714264","47.3278374411165714264"
"2016-01-17 14:50:00","  80"," 0","21.699999999999999","32.696666666666701","19.856666666666701","31.233333333333299","20.960000000000001","35.296666666666702","21.199999999999999","35.729999999999997","18.100000000000001","46.333333333333300"," 1.790000000000000036","97.2266666666667021","21.066666666666698","32.826666666666704","21.633333333333301","39.259999999999998","18.390000000000001","39.466666666666697"," 3.0833333333333299e+00","765.23333333333301"," 59.666666666666700"," 2.00000000000000000","40.0000000000000000","-4.1666666666666696e+00","37.1553253615275025368","37.1553253615275025368"
"2016-01-17 15:00:00"," 100"," 0","21.699999999999999","33.426666666666698","19.984285714285701","32.327142857142903","20.840000000000000","35.994999999999997","21.199999999999999","35.663333333333298","18.100000000000001","46.126666666666701"," 1.790000000000000036","97.2266666666667021","21.276000000000000","32.939999999999998","21.773636363636399","39.069090909090903","18.390000000000001","39.326666666666704"," 3.1000000000000001e+00","765.20000000000005"," 59.000000000000000"," 2.00000000000000000","40.0000000000000000","-4.2999999999999998e+00"," 2.5392960174940526485"," 2.5392960174940526485"
"2016-01-17 15:10:00","  80"," 0","21.699999999999999","33.960000000000001","20.081250000000001","33.115000000000002","20.890000000000001","36.500000000000000","21.199999999999999","35.590000000000003","18.050000000000001","46.045000000000002"," 1.790000000000000036","97.2999999999999972","21.467058823529399","32.752941176470600","21.840000000000000","39.045000000000002","18.390000000000001","39.259999999999998"," 3.0333333333333301e+00","765.18333333333305"," 59.166666666666700"," 1.83333333333332993","40.0000000000000000","-4.2999999999999998e+00","49.0182390436530113220","49.0182390436530113220"
"2016-01-17 15:20:00","  80"," 0","21.699999999999999","34.244999999999997","20.146153846153801","33.603846153846199","20.963333333333299","36.433333333333302","21.199999999999999","35.560000000000002","18.088888888888899","46.049999999999997"," 1.790000000000000036","97.2999999999999972","21.588888888888899","32.380000000000003","21.966428571428601","39.164285714285697","18.390000000000001","39.200000000000003"," 2.9666666666666699e+00","765.16666666666697"," 59.333333333333300"," 1.66666666666667007","40.0000000000000000","-4.2999999999999998e+00","10.8911226270720362663","10.8911226270720362663"
"2016-01-17 15:30:00","  70"," 0","21.699999999999999","34.566666666666698","20.199999999999999","33.975999999999999","21.000000000000000","36.399999999999999","21.199999999999999","35.500000000000000","18.066666666666698","46.060000000000002"," 1.729999999999999982","97.2999999999999972","21.641666666666701","32.117500000000000","22.125000000000000","39.289999999999999","18.390000000000001","39.126666666666701"," 2.8999999999999999e+00","765.14999999999998"," 59.500000000000000"," 1.50000000000000000","40.0000000000000000","-4.2999999999999998e+00"," 1.8098001019097864628"," 1.8098001019097864628"
"2016-01-17 15:40:00","  80"," 0","21.699999999999999","34.833333333333300","20.289999999999999","34.513333333333300","21.000000000000000","36.399999999999999","21.199999999999999","35.530000000000001","18.091666666666701","46.082500000000003"," 1.666666666666670071","97.2633333333333070","21.699999999999999","31.892857142857100","22.293333333333301","39.430000000000000","18.390000000000001","39.333333333333300"," 2.8333333333333299e+00","765.13333333333298"," 59.666666666666700"," 1.33333333333332993","40.0000000000000000","-4.2999999999999998e+00","13.0351932719349861145","13.0351932719349861145"
"2016-01-17 15:50:00","  80"," 0","21.699999999999999","35.066666666666698","20.318571428571399","34.725714285714297","21.100000000000001","36.590000000000003","21.199999999999999","35.530000000000001","18.100000000000001","46.145000000000003"," 1.600000000000000089","97.1899999999999977","21.757272727272699","31.506363636363599","22.445000000000000","39.530000000000001","18.390000000000001","39.829999999999998"," 2.7666666666666702e+00","765.11666666666702"," 59.833333333333300"," 1.16666666666667007","40.0000000000000000","-4.2999999999999998e+00","36.0207892954349517822","36.0207892954349517822"
"2016-01-17 16:00:00","  90"," 0","21.760000000000002","35.259999999999998","20.390000000000001","34.911111111111097","21.100000000000001","36.663333333333298","21.199999999999999","35.545000000000002","18.100000000000001","46.200000000000003"," 1.463333333333330044","97.1266666666666936","21.789999999999999","31.234999999999999","22.524999999999999","39.515000000000001","18.390000000000001","40.363333333333301"," 2.7000000000000002e+00","765.10000000000002"," 60.000000000000000"," 1.00000000000000000","40.0000000000000000","-4.2999999999999998e+00","12.3947090585716068745","12.3947090585716068745"
"2016-01-17 16:10:00","  80"," 0","21.730000000000000","35.433333333333302","20.390000000000001","35.000000000000000","21.133333333333301","36.826666666666704","21.100000000000001","35.590000000000003","18.100000000000001","46.200000000000003"," 1.323333333333329920","97.0000000000000000","21.789999999999999","31.044444444444402","22.658333333333299","39.500000000000000","18.500000000000000","41.193333333333300"," 2.3833333333333302e+00","765.06666666666695"," 62.166666666666700"," 1.16666666666667007","40.0000000000000000","-4.1833333333333300e+00","11.7457895772531628609","11.7457895772531628609"
"2016-01-17 16:20:00","  80"," 0","21.789999999999999","35.560000000000002","20.434000000000001","35.116000000000000","21.199999999999999","36.899999999999999","21.100000000000001","35.663333333333298","18.050000000000001","46.145000000000003"," 1.199999999999999956","96.8333333333333002","21.789999999999999","30.789999999999999","22.699999999999999","39.475000000000001","18.500000000000000","41.466666666666697"," 2.0666666666666700e+00","765.03333333333296"," 64.333333333333300"," 1.33333333333332993","40.0000000000000000","-4.0666666666666700e+00"," 1.0505921440199017525"," 1.0505921440199017525"
"2016-01-17 16:30:00","  80"," 0","21.699999999999999","35.626666666666701","20.390000000000001","35.326666666666704","21.100000000000001","36.933333333333302","21.066666666666698","35.789999999999999","18.000000000000000","46.090000000000003"," 1.199999999999999956","96.9000000000000057","21.789999999999999","30.736000000000001","22.760000000000002","39.399999999999999","18.223333333333301","37.896666666666697"," 1.7500000000000000e+00","765.00000000000000"," 66.500000000000000"," 1.50000000000000000","40.0000000000000000","-3.9500000000000002e+00","13.2310313871130347252","13.2310313871130347252"
"2016-01-17 16:40:00","  80"," 0","21.699999999999999","35.700000000000003","20.364999999999998","35.674999999999997","21.100000000000001","37.000000000000000","21.000000000000000","35.789999999999999","18.000000000000000","46.090000000000003"," 0.733333333333332948","96.2966666666666953","21.789999999999999","30.824999999999999","22.760000000000002","39.100000000000001","17.890000000000001","36.430000000000000"," 1.4333333333333300e+00","764.96666666666704"," 68.666666666666700"," 1.66666666666667007","40.0000000000000000","-3.8333333333333299e+00","34.5900809741578996181","34.5900809741578996181"
"2016-01-17 16:50:00","  80","10","21.699999999999999","35.590000000000003","20.356666666666701","35.899999999999999","21.066666666666698","37.060000000000002","20.890000000000001","35.826666666666704","18.000000000000000","46.090000000000003"," 0.325000000000000011","95.8199999999999932","21.730000000000000","30.890000000000001","22.566666666666698","37.766666666666701","18.000000000000000","36.799999999999997"," 1.1166666666666700e+00","764.93333333333305"," 70.833333333333300"," 1.83333333333332993","40.0000000000000000","-3.7166666666666699e+00"," 1.7334695556201040745"," 1.7334695556201040745"
"2016-01-17 17:00:00","  90","10","21.699999999999999","35.590000000000003","20.289999999999999","35.975000000000001","21.000000000000000","37.060000000000002","20.890000000000001","36.100000000000001","18.000000000000000","46.090000000000003","-0.033333333333333298","95.3966666666667038","21.675000000000001","30.972500000000000","22.500000000000000","37.222499999999997","18.100000000000001","37.030000000000001"," 8.0000000000000004e-01","764.89999999999998"," 73.000000000000000"," 2.00000000000000000","40.0000000000000000","-3.6000000000000001e+00"," 3.1393064768053591251"," 3.1393064768053591251"
"2016-01-17 17:10:00"," 130","10","21.600000000000001","35.729999999999997","20.230000000000000","35.796666666666702","20.963333333333299","37.200000000000003","20.890000000000001","36.463333333333303","18.000000000000000","46.006428571428600","-0.266666666666666996","95.2300000000000040","21.521428571428601","30.945000000000000","22.451111111111100","37.475555555555601","18.100000000000001","37.163333333333298"," 5.3333333333333299e-01","764.88333333333298"," 74.666666666666700"," 2.00000000000000000","40.0000000000000000","-3.5666666666666700e+00","19.8853045934811234474","19.8853045934811234474"
"2016-01-17 17:20:00"," 380","20","21.600000000000001","35.789999999999999","20.149999999999999","35.825000000000003","20.890000000000001","37.259999999999998","20.890000000000001","36.663333333333298","18.000000000000000","46.000000000000000","-0.533333333333332993","94.9633333333332956","21.500000000000000","31.033333333333299","22.434000000000001","37.789999999999999","18.100000000000001","37.200000000000003"," 2.6666666666666700e-01","764.86666666666702"," 76.333333333333300"," 2.00000000000000000","40.0000000000000000","-3.5333333333333301e+00","24.5014212443493306637","24.5014212443493306637"
"2016-01-17 17:30:00"," 800","10","21.500000000000000","36.759999999999998","20.100000000000001","36.077272727272700","20.789999999999999","37.259999999999998","21.000000000000000","36.826666666666704","18.030000000000001","46.027000000000001","-0.833333333333333037","94.9266666666667049","21.411999999999999","31.100000000000001","22.500000000000000","38.857999999999997","18.100000000000001","37.259999999999998"," 0.0000000000000000e+00","764.85000000000002"," 78.000000000000000"," 2.00000000000000000","40.0000000000000000","-3.5000000000000000e+00","31.5524373785592615604","31.5524373785592615604"
"2016-01-17 17:40:00"," 790","10","21.566666666666698","38.626666666666701","20.100000000000001","37.040909090909103","20.789999999999999","37.259999999999998","21.066666666666698","36.966666666666697","18.000000000000000","46.117500000000000","-1.033333333333330106","95.2600000000000051","21.364999999999998","31.247499999999999","22.500000000000000","39.450000000000003","18.100000000000001","37.289999999999999","-2.6666666666666700e-01","764.83333333333303"," 79.666666666666700"," 2.00000000000000000","40.0000000000000000","-3.4666666666666699e+00","36.1702156136743724346","36.1702156136743724346"
"2016-01-17 17:50:00"," 540","20","21.633333333333301","42.066666666666698","20.100000000000001","38.154000000000003","20.699999999999999","37.493333333333297","21.733333333333299","36.966666666666697","18.000000000000000","46.320000000000000","-1.426666666666670080","94.2266666666667021","21.230000000000000","31.390000000000001","22.550000000000001","39.961666666666702","18.100000000000001","37.229999999999997","-5.3333333333333299e-01","764.81666666666695"," 81.333333333333300"," 2.00000000000000000","40.0000000000000000","-3.4333333333333300e+00"," 3.8382896222174167633"," 3.8382896222174167633"
"2016-01-17 18:00:00"," 120","20","21.699999999999999","45.066666666666698","20.066666666666698","40.560000000000002","20.699999999999999","38.100000000000001","22.260000000000002","37.233333333333299","18.000000000000000","46.938888888888897","-1.899999999999999911","92.4333333333332945","21.183333333333302","31.566666666666698","22.550000000000001","40.293333333333301","18.100000000000001","37.200000000000003","-8.0000000000000004e-01","764.79999999999995"," 83.000000000000000"," 2.00000000000000000","40.0000000000000000","-3.3999999999999999e+00","21.0723040276207029819","21.0723040276207029819"
"2016-01-17 18:10:00"," 110","20","21.789999999999999","45.526666666666699","20.074999999999999","41.156250000000000","20.699999999999999","38.494999999999997","22.390000000000001","37.326666666666704","18.000000000000000","47.454285714285703","-2.229999999999999982","91.8966666666667038","21.133333333333301","31.666666666666700","22.591666666666701","40.556666666666700","18.100000000000001","37.200000000000003","-8.3333333333333304e-01","764.79999999999995"," 82.333333333333300"," 2.00000000000000000","40.0000000000000000","-3.5499999999999998e+00","48.6863342928700149059","48.6863342928700149059"
"2016-01-17 18:20:00"," 160","30","21.856666666666701","43.526666666666699","20.100000000000001","40.692500000000003","20.730000000000000","38.890000000000001","22.323333333333299","37.466666666666697","18.298333333333300","58.963333333333303","-2.430000000000000160","91.6899999999999977","21.055555555555600","31.780000000000001","22.600000000000001","40.990000000000002","18.199999999999999","38.693333333333300","-8.6666666666666703e-01","764.79999999999995"," 81.666666666666700"," 2.00000000000000000","40.0000000000000000","-3.7000000000000002e+00","40.6902891700156033039","40.6902891700156033039"
"2016-01-17 18:30:00"," 140","20","21.926666666666701","41.859999999999999","20.100000000000001","40.299999999999997","20.789999999999999","39.090000000000003","22.166666666666700","37.466666666666697","18.663333333333298","65.733333333333306","-2.566666666666669983","91.9899999999999949","21.000000000000000","31.840000000000000","22.699999999999999","41.433333333333302","18.133333333333301","38.966666666666697","-9.0000000000000002e-01","764.79999999999995"," 81.000000000000000"," 2.00000000000000000","40.0000000000000000","-3.8500000000000001e+00","11.1883861478418111801","11.1883861478418111801"
"2016-01-17 18:40:00"," 550","20","22.024999999999999","41.075000000000003","20.166666666666700","40.693333333333300","20.823333333333299","39.126666666666701","22.033333333333299","37.326666666666704","18.730000000000000","56.133333333333297","-2.833333333333329929","91.2566666666667032","21.000000000000000","32.066666666666698","22.699999999999999","41.600000000000001","18.100000000000001","38.966666666666697","-9.3333333333333302e-01","764.79999999999995"," 80.333333333333300"," 2.00000000000000000","40.0000000000000000","-4.0000000000000000e+00","24.4871152914129197598","24.4871152914129197598"
"2016-01-17 18:50:00"," 530","10","22.100000000000001","40.766666666666701","20.289999999999999","40.717500000000001","20.890000000000001","39.200000000000003","21.856666666666701","37.060000000000002","18.789999999999999","52.342500000000001","-3.029999999999999805","90.8333333333333002","20.926666666666701","32.259999999999998","22.649999999999999","41.613333333333301","18.100000000000001","38.826666666666704","-9.6666666666666701e-01","764.79999999999995"," 79.666666666666700"," 2.00000000000000000","40.0000000000000000","-4.1500000000000004e+00"," 0.5670096492394804955"," 0.5670096492394804955"
"2016-01-17 19:00:00"," 100"," 0","22.230000000000000","46.259999999999998","20.309999999999999","40.719999999999999","20.890000000000001","39.493333333333297","21.789999999999999","37.000000000000000","18.938571428571400","51.427142857142897","-3.163333333333330000","90.7600000000000051","20.890000000000001","32.378000000000000","22.577777777777801","41.331111111111099","18.000000000000000","38.560000000000002","-1.0000000000000000e+00","764.79999999999995"," 79.000000000000000"," 2.00000000000000000","40.0000000000000000","-4.2999999999999998e+00","12.9301148466765880585","12.9301148466765880585"
"2016-01-17 19:10:00"," 100","10","22.289999999999999","47.733333333333299","20.390000000000001","41.777777777777800","20.963333333333299","40.299999999999997","21.649999999999999","36.899999999999999","19.100000000000001","51.478571428571399","-3.326666666666670213","90.8299999999999983","20.859999999999999","32.235999999999997","22.444375000000001","40.600000000000001","18.000000000000000","38.500000000000000","-1.0333333333333301e+00","764.79999999999995"," 78.000000000000000"," 2.00000000000000000","40.0000000000000000","-4.4833333333333298e+00","22.7299385936930775642","22.7299385936930775642"
"2016-01-17 19:20:00","  90","10","22.356666666666701","45.630000000000003","20.454166666666701","42.341666666666697","21.000000000000000","40.729999999999997","21.566666666666698","36.966666666666697","19.199444444444399","50.520000000000003","-3.475000000000000089","90.6225000000000023","20.739999999999998","31.762222222222199","22.390000000000001","40.407692307692301","17.963333333333299","38.430000000000000","-1.0666666666666700e+00","764.79999999999995"," 77.000000000000000"," 2.00000000000000000","40.0000000000000000","-4.6666666666666696e+00","37.0488344109617173672","37.0488344109617173672"
"2016-01-17 19:30:00","  90","10","22.289999999999999","44.630000000000003","20.518750000000001","42.481250000000003","21.000000000000000","40.789999999999999","21.500000000000000","36.899999999999999","19.260000000000002","49.368333333333297","-3.560000000000000053","90.8666666666667027","20.699999999999999","31.456875000000000","22.356666666666701","40.500000000000000","17.890000000000001","38.229999999999997","-1.1000000000000001e+00","764.79999999999995"," 76.000000000000000"," 2.00000000000000000","40.0000000000000000","-4.8499999999999996e+00","49.5330005884170532227","49.5330005884170532227"
"2016-01-17 19:40:00"," 100","10","22.289999999999999","43.263333333333300","20.606249999999999","42.163750000000000","20.963333333333299","40.759999999999998","21.356666666666701","36.789999999999999","19.306666666666700","48.404444444444401","-3.589999999999999858","91.0999999999999943","20.618749999999999","31.160625000000000","22.346250000000001","40.545000000000002","17.963333333333299","37.966666666666697","-1.1333333333333300e+00","764.79999999999995"," 75.000000000000000"," 2.00000000000000000","40.0000000000000000","-5.0333333333333297e+00","16.6102473041974008083","16.6102473041974008083"
"2016-01-17 19:50:00"," 130","10","22.289999999999999","42.456666666666699","20.666666666666700","41.678888888888899","20.890000000000001","40.645000000000003","21.289999999999999","36.863333333333301","19.390000000000001","47.527777777777800","-3.589999999999999858","91.3666666666667027","20.561111111111099","31.050000000000001","22.364999999999998","40.500000000000000","17.823333333333299","37.766666666666701","-1.1666666666666701e+00","764.79999999999995"," 74.000000000000000"," 2.00000000000000000","40.0000000000000000","-5.2166666666666703e+00","47.2395702730864286423","47.2395702730864286423"
"2016-01-17 20:00:00"," 110","10","22.390000000000001","41.623333333333299","20.706428571428599","41.107142857142897","20.890000000000001","40.567500000000003","21.199999999999999","36.899999999999999","19.424375000000001","46.809375000000003","-3.529999999999999805","91.6633333333332985","20.500000000000000","31.267857142857100","22.390000000000001","40.301250000000003","17.890000000000001","37.645000000000003","-1.2000000000000000e+00","764.79999999999995"," 73.000000000000000"," 2.00000000000000000","40.0000000000000000","-5.4000000000000004e+00","48.0926709948107600212","48.0926709948107600212"
"2016-01-17 20:10:00"," 120","20","22.390000000000001","42.096666666666700","20.773636363636399","40.700000000000003","20.890000000000001","40.500000000000000","21.199999999999999","36.966666666666697","19.500000000000000","46.956000000000003","-3.645000000000000018","91.0949999999999989","20.500000000000000","31.466999999999999","22.390000000000001","40.057142857142900","17.789999999999999","37.466666666666697","-1.2500000000000000e+00","764.75000000000000"," 74.166666666666700"," 2.16666666666667007","37.6666666666666998","-5.2666666666666702e+00","44.9638749822042882442","44.9638749822042882442"
"2016-01-17 20:20:00"," 100","30","22.500000000000000","43.293333333333301","20.781818181818199","40.049999999999997","20.926666666666701","40.626666666666701","21.199999999999999","37.289999999999999","20.430000000000000","80.280000000000001","-3.544999999999999929","91.8725000000000023","20.500000000000000","31.445000000000000","22.390000000000001","39.899999999999999","17.789999999999999","37.344999999999999","-1.3000000000000000e+00","764.70000000000005"," 75.333333333333300"," 2.33333333333332993","35.3333333333333002","-5.1333333333333302e+00","24.6357917552813887596","24.6357917552813887596"
"2016-01-17 20:30:00"," 110","20","22.426666666666701","41.833333333333300","20.789999999999999","39.399999999999999","21.000000000000000","40.566666666666698","21.199999999999999","37.430000000000000","20.456666666666699","81.466666666666697","-3.577222222222220083","91.4350000000000023","20.390000000000001","31.149999999999999","22.323333333333299","39.566666666666698","17.890000000000001","38.229999999999997","-1.3500000000000001e+00","764.64999999999998"," 76.500000000000000"," 2.50000000000000000","33.0000000000000000","-5.0000000000000000e+00","39.2467738944105803967","39.2467738944105803967"
"2016-01-17 20:40:00"," 100","20","22.426666666666701","40.393333333333302","20.890000000000001","39.333333333333300","21.000000000000000","40.466666666666697","21.166666666666700","37.656666666666702","20.699999999999999","89.700000000000003","-3.684444444444439970","90.4644444444444957","20.426666666666701","33.226666666666702","22.254000000000001","39.170000000000002","17.890000000000001","38.289999999999999","-1.3999999999999999e+00","764.60000000000002"," 77.666666666666700"," 2.66666666666667007","30.6666666666666998","-4.8666666666666698e+00","40.1559523539617657661","40.1559523539617657661"
"2016-01-17 20:50:00"," 120","20","22.426666666666701","39.600000000000001","20.890000000000001","39.200000000000003","21.000000000000000","40.326666666666704","21.166666666666700","37.729999999999997","20.626666666666701","86.959999999999994","-3.814444444444439863","90.0811111111110989","20.566666666666698","34.500000000000000","22.100000000000001","39.530000000000001","17.890000000000001","38.133333333333297","-1.4500000000000000e+00","764.54999999999995"," 78.833333333333300"," 2.83333333333332993","28.3333333333333002","-4.7333333333333298e+00","33.8883811840787529945","33.8883811840787529945"
"2016-01-17 21:00:00"," 250","30","22.500000000000000","39.289999999999999","20.890000000000001","39.433333333333302","20.890000000000001","40.259999999999998","21.199999999999999","37.333333333333300","20.100000000000001","76.623333333333306","-3.759999999999999787","90.8255555555555958","20.699999999999999","34.789999999999999","22.100000000000001","39.723333333333301","17.890000000000001","37.859999999999999","-1.5000000000000000e+00","764.50000000000000"," 80.000000000000000"," 3.00000000000000000","26.0000000000000000","-4.5999999999999996e+00","29.0638789301738142967","29.0638789301738142967"
"2016-01-17 21:10:00"," 110","10","22.500000000000000","39.229999999999997","20.917500000000000","39.475000000000001","20.890000000000001","40.200000000000003","21.133333333333301","37.126666666666701","20.500000000000000","72.623333333333306","-3.821666666666669876","90.1361111111111057","20.699999999999999","34.530000000000001","22.166666666666700","39.759999999999998","17.789999999999999","37.526666666666699","-1.5666666666666700e+00","764.48333333333301"," 80.333333333333300"," 2.83333333333332993","26.3333333333333002","-4.5999999999999996e+00","16.5334043675102293491","16.5334043675102293491"
"2016-01-17 21:20:00"," 110"," 0","22.500000000000000","39.026666666666699","21.000000000000000","39.326666666666704","20.890000000000001","40.200000000000003","21.100000000000001","37.163333333333298","20.773333333333301","69.465555555555596","-4.014444444444439597","89.4194444444444940","20.600000000000001","34.090000000000003","22.100000000000001","39.700000000000003","17.789999999999999","37.326666666666704","-1.6333333333333300e+00","764.46666666666704"," 80.666666666666700"," 2.66666666666667007","26.6666666666666998","-4.5999999999999996e+00"," 0.0657328288070857525"," 0.0657328288070857525"
"2016-01-17 21:30:00"," 150","10","22.500000000000000","38.826666666666704","21.000000000000000","39.163333333333298","21.000000000000000","40.060000000000002","21.100000000000001","36.963333333333303","21.012727272727300","80.405454545454504","-4.065000000000000391","89.4133333333332985","20.557142857142900","34.168571428571397","22.100000000000001","39.560000000000002","17.789999999999999","37.060000000000002","-1.7000000000000000e+00","764.45000000000005"," 81.000000000000000"," 2.50000000000000000","27.0000000000000000","-4.5999999999999996e+00"," 3.2900982070714235306"," 3.2900982070714235306"
"2016-01-17 21:40:00"," 110","20","22.500000000000000","38.729999999999997","21.000000000000000","39.030000000000001","21.000000000000000","40.000000000000000","21.000000000000000","36.726666666666702","21.440000000000001","88.132000000000005","-4.157222222222220154","89.1050000000000040","20.574999999999999","34.200000000000003","22.079999999999998","39.295999999999999","17.789999999999999","36.859999999999999","-1.7666666666666699e+00","764.43333333333305"," 81.333333333333300"," 2.33333333333332993","27.3333333333333002","-4.5999999999999996e+00"," 4.2975958669558167458"," 4.2975958669558167458"
"2016-01-17 21:50:00","  50","10","22.500000000000000","38.729999999999997","21.000000000000000","38.899999999999999","20.963333333333299","39.899999999999999","21.000000000000000","37.133333333333297","21.045000000000002","87.545000000000002","-4.298888888888890314","88.5505555555555048","20.500000000000000","34.200000000000003","22.000000000000000","38.950000000000003","17.699999999999999","36.663333333333298","-1.8333333333333299e+00","764.41666666666697"," 81.666666666666700"," 2.16666666666667007","27.6666666666666998","-4.5999999999999996e+00"," 0.6554858409799635410"," 0.6554858409799635410"
"2016-01-17 22:00:00","  40","10","22.445000000000000","38.399999999999999","20.926666666666701","38.966666666666697","20.823333333333299","39.899999999999999","21.066666666666698","38.096666666666700","20.600000000000001","83.780000000000001","-4.416666666666669627","88.2205555555555065","20.500000000000000","34.692500000000003","21.926666666666701","39.566666666666698","17.699999999999999","36.663333333333298","-1.8999999999999999e+00","764.39999999999998"," 82.000000000000000"," 2.00000000000000000","28.0000000000000000","-4.5999999999999996e+00","16.7872812133282423019","16.7872812133282423019"
"2016-01-17 22:10:00","  50","10","22.390000000000001","38.729999999999997","20.890000000000001","39.090000000000003","20.760000000000002","39.863333333333301","21.066666666666698","38.563333333333297","20.463333333333299","81.563333333333304","-4.422222222222219834","88.6255555555555929","20.500000000000000","35.133333333333297","22.000000000000000","40.159999999999997","17.760000000000002","36.933333333333302","-1.9666666666666699e+00","764.35000000000002"," 82.166666666666700"," 2.00000000000000000","28.1666666666666998","-4.6500000000000004e+00"," 5.9632158256135880947"," 5.9632158256135880947"
"2016-01-17 22:20:00","  50","10","22.323333333333299","38.863333333333301","20.890000000000001","39.163333333333298","20.633333333333301","39.789999999999999","21.100000000000001","38.963333333333303","20.340000000000000","80.045000000000002","-4.332777777777780059","89.5877777777778022","20.500000000000000","35.359999999999999","21.981666666666701","40.948333333333302","17.699999999999999","37.060000000000002","-2.0333333333333301e+00","764.29999999999995"," 82.333333333333300"," 2.00000000000000000","28.3333333333333002","-4.7000000000000002e+00","29.6797722694464027882","29.6797722694464027882"
"2016-01-17 22:30:00","  70","10","22.289999999999999","39.156666666666702","20.789999999999999","39.229999999999997","20.600000000000001","39.789999999999999","21.100000000000001","39.267499999999998","20.166666666666700","77.893333333333302","-4.214444444444450433","89.9683333333333053","20.500000000000000","35.560000000000002","21.890000000000001","41.460000000000001","17.699999999999999","37.359999999999999","-2.1000000000000001e+00","764.25000000000000"," 82.500000000000000"," 2.00000000000000000","28.5000000000000000","-4.7500000000000000e+00"," 1.8656337866559624672"," 1.8656337866559624672"
"2016-01-17 22:40:00","  60","20","22.289999999999999","39.289999999999999","20.789999999999999","39.363333333333301","20.533333333333299","39.863333333333301","21.100000000000001","39.466666666666697","20.050000000000001","76.799999999999997","-4.299444444444439739","89.6266666666666936","20.472500000000000","35.899999999999999","21.890000000000001","41.947499999999998","17.699999999999999","37.560000000000002","-2.1666666666666701e+00","764.20000000000005"," 82.666666666666700"," 2.00000000000000000","28.6666666666666998","-4.7999999999999998e+00"," 0.4785895929671823978"," 0.4785895929671823978"
"2016-01-17 22:50:00","  60","10","22.199999999999999","39.566666666666698","20.699999999999999","39.433333333333302","20.500000000000000","39.789999999999999","21.133333333333301","39.530000000000001","19.963333333333299","75.196666666666701","-4.416666666666669627","88.6505555555555986","20.390000000000001","35.966666666666697","21.840000000000000","42.145000000000003","17.699999999999999","37.729999999999997","-2.2333333333333298e+00","764.14999999999998"," 82.833333333333300"," 2.00000000000000000","28.8333333333333002","-4.8499999999999996e+00"," 8.0798062961548566818"," 8.0798062961548566818"
"2016-01-17 23:00:00","  70","10","22.199999999999999","39.700000000000003","20.699999999999999","39.560000000000002","20.500000000000000","39.789999999999999","21.133333333333301","39.590000000000003","19.890000000000001","74.140000000000001","-4.500000000000000000","88.5455555555555947","20.390000000000001","36.030000000000001","21.789999999999999","42.447499999999998","17.699999999999999","37.789999999999999","-2.2999999999999998e+00","764.10000000000002"," 83.000000000000000"," 2.00000000000000000","29.0000000000000000","-4.9000000000000004e+00","41.5949494112282991409","41.5949494112282991409"
"2016-01-17 23:10:00","  50","10","22.100000000000001","39.826666666666704","20.566666666666698","39.590000000000003","20.463333333333299","39.759999999999998","21.199999999999999","39.700000000000003","19.767499999999998","72.517499999999998","-4.565000000000000391","88.5683333333332996","20.390000000000001","36.155999999999999","21.789999999999999","42.695999999999998","17.699999999999999","37.950000000000003","-2.3833333333333302e+00","764.03333333333296"," 83.500000000000000"," 2.00000000000000000","28.3333333333333002","-4.9000000000000004e+00","38.3421377162449061871","38.3421377162449061871"
"2016-01-17 23:20:00","  70","10","22.100000000000001","39.899999999999999","20.500000000000000","39.663333333333298","20.390000000000001","39.700000000000003","21.199999999999999","39.700000000000003","19.699999999999999","71.533333333333303","-4.628888888888890385","88.0644444444444048","20.289999999999999","36.200000000000003","21.789999999999999","42.863333333333301","17.666666666666700","38.090000000000003","-2.4666666666666699e+00","763.96666666666704"," 84.000000000000000"," 2.00000000000000000","27.6666666666666998","-4.9000000000000004e+00","13.6390158208087086678","13.6390158208087086678"
"2016-01-17 23:30:00","  60","10","22.000000000000000","39.899999999999999","20.390000000000001","39.729999999999997","20.390000000000001","39.700000000000003","21.133333333333301","39.789999999999999","19.666666666666700","70.359999999999999","-4.714444444444450433","88.2888888888889056","20.289999999999999","36.259999999999998","21.699999999999999","43.226666666666702","17.666666666666700","38.223333333333301","-2.5499999999999998e+00","763.89999999999998"," 84.500000000000000"," 2.00000000000000000","27.0000000000000000","-4.9000000000000004e+00"," 9.4081649440340697765"," 9.4081649440340697765"
"2016-01-17 23:40:00","  70","20","21.926666666666701","39.899999999999999","20.390000000000001","39.863333333333301","20.390000000000001","39.759999999999998","21.133333333333301","39.789999999999999","19.600000000000001","69.426666666666705","-4.606666666666670018","88.9422222222221990","20.289999999999999","36.500000000000000","21.699999999999999","43.633333333333297","17.600000000000001","38.266666666666701","-2.6333333333333302e+00","763.83333333333303"," 85.000000000000000"," 2.00000000000000000","26.3333333333333002","-4.9000000000000004e+00","11.2880917382426559925","11.2880917382426559925"
"2016-01-17 23:50:00","  60","10","21.890000000000001","39.899999999999999","20.289999999999999","40.000000000000000","20.390000000000001","39.789999999999999","21.100000000000001","39.789999999999999","19.574999999999999","68.592500000000001","-4.617777777777780202","88.6533333333332934","20.267499999999998","36.500000000000000","21.699999999999999","43.975000000000001","17.600000000000001","38.399999999999999","-2.7166666666666699e+00","763.76666666666699"," 85.500000000000000"," 2.00000000000000000","25.6666666666666998","-4.9000000000000004e+00"," 3.0985183781012892723"," 3.0985183781012892723"
"2016-01-18 00:00:00","  60","10","21.823333333333299","39.899999999999999","20.230000000000000","40.000000000000000","20.323333333333299","39.789999999999999","21.166666666666700","39.863333333333301","19.500000000000000","67.893333333333302","-4.651111111111109864","88.8133333333333042","20.260000000000002","36.693333333333300","21.699999999999999","44.399999999999999","17.600000000000001","38.399999999999999","-2.7999999999999998e+00","763.70000000000005"," 86.000000000000000"," 2.00000000000000000","25.0000000000000000","-4.9000000000000004e+00"," 2.9950120486319065094"," 2.9950120486319065094"
"2016-01-18 00:10:00","  50","10","21.789999999999999","39.933333333333302","20.166666666666700","40.090000000000003","20.390000000000001","39.789999999999999","21.100000000000001","39.826666666666704","19.390000000000001","67.023333333333298","-4.601111111111110041","88.7738888888889051","20.289999999999999","37.030000000000001","21.699999999999999","44.844999999999999","17.666666666666700","38.466666666666697","-2.8833333333333302e+00","763.58333333333303"," 86.000000000000000"," 2.00000000000000000","25.5000000000000000","-4.9833333333333298e+00"," 7.4077935190871357918"," 7.4077935190871357918"
"2016-01-18 00:20:00","  40","10","21.730000000000000","40.000000000000000","20.074999999999999","40.067500000000003","20.323333333333299","39.789999999999999","21.100000000000001","39.899999999999999","19.390000000000001","66.496666666666698","-4.566111111111109899","89.0538888888889062","20.230000000000000","37.090000000000003","21.699999999999999","45.299999999999997","17.600000000000001","38.399999999999999","-2.9666666666666699e+00","763.46666666666704"," 86.000000000000000"," 2.00000000000000000","26.0000000000000000","-5.0666666666666700e+00"," 3.6493942956440150738"," 3.6493942956440150738"
"2016-01-18 00:30:00","  30","20","21.666666666666700","40.000000000000000","20.000000000000000","40.000000000000000","20.289999999999999","39.700000000000003","21.100000000000001","39.933333333333302","19.289999999999999","65.896666666666704","-4.483333333333329840","89.3183333333332996","20.260000000000002","37.259999999999998","21.699999999999999","45.560000000000002","17.600000000000001","38.466666666666697","-3.0499999999999998e+00","763.35000000000002"," 86.000000000000000"," 2.00000000000000000","26.5000000000000000","-5.1500000000000004e+00"," 2.1442945930175483227"," 2.1442945930175483227"
"2016-01-18 00:40:00","  40"," 0","21.600000000000001","40.193333333333300","19.945000000000000","40.000000000000000","20.260000000000002","39.759999999999998","21.100000000000001","40.000000000000000","19.289999999999999","65.496666666666698","-4.535000000000000142","88.6227777777777987","20.199999999999999","37.200000000000003","21.600000000000001","45.466666666666697","17.600000000000001","38.590000000000003","-3.1333333333333302e+00","763.23333333333301"," 86.000000000000000"," 2.00000000000000000","27.0000000000000000","-5.2333333333333298e+00","26.1230636155232787132","26.1230636155232787132"
"2016-01-18 00:50:00","  50"," 0","21.566666666666698","40.500000000000000","19.890000000000001","40.030000000000001","20.199999999999999","39.700000000000003","21.066666666666698","40.026666666666699","19.260000000000002","64.896666666666704","-4.678888888888890207","87.9266666666667049","20.289999999999999","37.326666666666704","21.533333333333299","45.326666666666704","17.600000000000001","38.663333333333298","-3.2166666666666699e+00","763.11666666666702"," 86.000000000000000"," 2.00000000000000000","27.5000000000000000","-5.3166666666666700e+00","39.4615744706243276596","39.4615744706243276596"
"2016-01-18 01:00:00","  50"," 0","21.500000000000000","40.693333333333300","19.890000000000001","40.090000000000003","20.199999999999999","39.700000000000003","21.000000000000000","39.693333333333300","19.199999999999999","64.496666666666698","-4.732777777777780415","87.9611111111110944","20.230000000000000","37.326666666666704","21.500000000000000","45.326666666666704","17.600000000000001","38.826666666666704","-3.2999999999999998e+00","763.00000000000000"," 86.000000000000000"," 2.00000000000000000","28.0000000000000000","-5.4000000000000004e+00","34.7376674064435064793","34.7376674064435064793"
"2016-01-18 01:10:00","  40"," 0","21.463333333333299","40.899999999999999","19.760000000000002","40.090000000000003","20.199999999999999","39.759999999999998","20.963333333333299","39.399999999999999","19.166666666666700","64.093333333333305","-4.757222222222219798","88.0411111111111069","20.199999999999999","37.289999999999999","21.478000000000002","45.479999999999997","17.600000000000001","38.966666666666697","-3.4166666666666701e+00","762.91666666666697"," 86.500000000000000"," 2.00000000000000000","27.1666666666666998","-5.4166666666666696e+00"," 3.3288023667410016060"," 3.3288023667410016060"
"2016-01-18 01:20:00","  50","10","21.390000000000001","40.899999999999999","19.699999999999999","40.163333333333298","20.199999999999999","39.700000000000003","20.890000000000001","39.326666666666704","19.100000000000001","63.741666666666703","-4.810555555555559692","87.6727777777777959","20.199999999999999","37.289999999999999","21.390000000000001","45.560000000000002","17.666666666666700","39.200000000000003","-3.5333333333333301e+00","762.83333333333303"," 87.000000000000000"," 2.00000000000000000","26.3333333333333002","-5.4333333333333300e+00"," 0.8978873258456587791"," 0.8978873258456587791"
"2016-01-18 01:30:00","  40"," 0","21.323333333333299","40.826666666666704","19.666666666666700","40.060000000000002","20.199999999999999","39.700000000000003","20.789999999999999","39.163333333333298","19.066666666666698","63.430000000000000","-4.922222222222219834","87.3250000000000028","20.199999999999999","37.289999999999999","21.356666666666701","45.826666666666704","17.600000000000001","39.200000000000003","-3.6499999999999999e+00","762.75000000000000"," 87.500000000000000"," 2.00000000000000000","25.5000000000000000","-5.4500000000000002e+00","22.1079211682081222534","22.1079211682081222534"
"2016-01-18 01:40:00","  40"," 0","21.260000000000002","40.759999999999998","19.600000000000001","40.000000000000000","20.199999999999999","39.700000000000003","20.722500000000000","39.090000000000003","19.000000000000000","63.156666666666702","-4.877777777777779988","87.8044444444443997","20.133333333333301","37.289999999999999","21.289999999999999","46.100000000000001","17.600000000000001","39.326666666666704","-3.7666666666666702e+00","762.66666666666697"," 88.000000000000000"," 2.00000000000000000","24.6666666666666998","-5.4666666666666703e+00"," 7.8801041585393249989"," 7.8801041585393249989"
"2016-01-18 01:50:00","  40"," 0","21.199999999999999","40.700000000000003","19.600000000000001","40.000000000000000","20.199999999999999","39.759999999999998","20.633333333333301","39.030000000000001","19.000000000000000","62.930000000000000","-4.950000000000000178","87.3294444444444053","20.100000000000001","37.433333333333302","21.289999999999999","46.359999999999999","17.600000000000001","39.466666666666697","-3.8833333333333302e+00","762.58333333333303"," 88.500000000000000"," 2.00000000000000000","23.8333333333333002","-5.4833333333333298e+00","35.9430057927966117859","35.9430057927966117859"
"2016-01-18 02:00:00","  60"," 0","21.166666666666700","40.700000000000003","19.533333333333299","40.000000000000000","20.199999999999999","39.700000000000003","20.600000000000001","38.966666666666697","19.000000000000000","62.729999999999997","-5.054999999999999716","86.9644444444444957","20.100000000000001","37.500000000000000","21.289999999999999","46.633333333333297","17.600000000000001","39.590000000000003","-4.0000000000000000e+00","762.50000000000000"," 89.000000000000000"," 2.00000000000000000","23.0000000000000000","-5.5000000000000000e+00","35.1970916264690458775","35.1970916264690458775"
"2016-01-18 02:10:00","  50"," 0","21.100000000000001","40.700000000000003","19.500000000000000","40.030000000000001","20.199999999999999","39.759999999999998","20.533333333333299","38.899999999999999","18.890000000000001","62.526666666666699","-5.123333333333330408","87.2666666666666941","20.100000000000001","37.530000000000001","21.199999999999999","46.590000000000003","17.600000000000001","39.663333333333298","-4.0000000000000000e+00","762.39999999999998"," 88.666666666666700"," 2.00000000000000000","23.3333333333333002","-5.5666666666666700e+00","44.2613152437843382359","44.2613152437843382359"
"2016-01-18 02:20:00","  50"," 0","21.000000000000000","40.590000000000003","19.426666666666701","40.030000000000001","20.199999999999999","39.966666666666697","20.463333333333299","38.633333333333297","18.890000000000001","62.326666666666704","-5.091111111111110255","87.7433333333332968","20.100000000000001","37.590000000000003","21.199999999999999","46.723333333333301","17.600000000000001","39.744999999999997","-4.0000000000000000e+00","762.29999999999995"," 88.333333333333300"," 2.00000000000000000","23.6666666666666998","-5.6333333333333302e+00","16.2630507606081664562","16.2630507606081664562"
"2016-01-18 02:30:00","  40"," 0","21.000000000000000","40.590000000000003","19.390000000000001","40.126666666666701","20.260000000000002","40.026666666666699","20.390000000000001","38.560000000000002","18.856666666666701","62.133333333333297","-5.091111111111110255","87.6500000000000057","20.100000000000001","37.590000000000003","21.199999999999999","46.933333333333302","17.600000000000001","39.933333333333302","-4.0000000000000000e+00","762.20000000000005"," 88.000000000000000"," 2.00000000000000000","24.0000000000000000","-5.7000000000000002e+00","48.5440783319063484669","48.5440783319063484669"
"2016-01-18 02:40:00","  40"," 0","20.963333333333299","40.663333333333298","19.390000000000001","40.200000000000003","20.289999999999999","40.090000000000003","20.356666666666701","38.466666666666697","18.789999999999999","61.859999999999999","-5.128888888888890385","87.5644444444444048","20.100000000000001","37.590000000000003","21.199999999999999","47.060000000000002","17.666666666666700","40.133333333333297","-4.0000000000000000e+00","762.10000000000002"," 87.666666666666700"," 2.00000000000000000","24.3333333333333002","-5.7666666666666702e+00","49.2410133127123117447","49.2410133127123117447"
"2016-01-18 02:50:00","  20"," 0","20.890000000000001","40.663333333333298","19.289999999999999","40.229999999999997","20.289999999999999","40.090000000000003","20.289999999999999","38.399999999999999","18.789999999999999","61.663333333333298","-5.156666666666669840","87.3283333333333047","20.000000000000000","37.700000000000003","21.199999999999999","47.156666666666702","17.600000000000001","40.126666666666701","-4.0000000000000000e+00","762.00000000000000"," 87.333333333333300"," 2.00000000000000000","24.6666666666666998","-5.8333333333333304e+00"," 1.9592358847148716450"," 1.9592358847148716450"
"2016-01-18 03:00:00","  30"," 0","20.890000000000001","40.590000000000003","19.230000000000000","40.229999999999997","20.289999999999999","40.090000000000003","20.260000000000002","38.430000000000000","18.730000000000000","61.530000000000001","-5.190000000000000391","87.6361111111111057","20.050000000000001","37.649999999999999","21.133333333333301","47.289999999999999","17.600000000000001","40.200000000000003","-4.0000000000000000e+00","761.89999999999998"," 87.000000000000000"," 2.00000000000000000","25.0000000000000000","-5.9000000000000004e+00","44.6785644046030938625","44.6785644046030938625"
"2016-01-18 03:10:00","  20"," 0","20.890000000000001","40.590000000000003","19.199999999999999","40.289999999999999","20.289999999999999","40.090000000000003","20.199999999999999","38.289999999999999","18.760000000000002","61.363333333333301","-5.190000000000000391","87.6577777777777953","20.000000000000000","37.500000000000000","21.100000000000001","47.399999999999999","17.633333333333301","40.326666666666704","-4.0000000000000000e+00","761.81666666666695"," 86.833333333333300"," 2.16666666666667007","25.3333333333333002","-5.9333333333333300e+00","41.1199575639329850674","41.1199575639329850674"
"2016-01-18 03:20:00","  50"," 0","20.789999999999999","40.590000000000003","19.199999999999999","40.363333333333301","20.260000000000002","40.090000000000003","20.199999999999999","38.289999999999999","18.699999999999999","61.289999999999999","-5.257222222222219798","87.1816666666667004","20.000000000000000","37.399999999999999","21.100000000000001","47.399999999999999","17.633333333333301","40.399999999999999","-4.0000000000000000e+00","761.73333333333301"," 86.666666666666700"," 2.33333333333332993","25.6666666666666998","-5.9666666666666703e+00","36.2122346414253115654","36.2122346414253115654"
"2016-01-18 03:30:00","  60"," 0","20.789999999999999","40.590000000000003","19.166666666666700","40.399999999999999","20.199999999999999","40.090000000000003","20.199999999999999","38.229999999999997","18.699999999999999","61.163333333333298","-5.338095238095239559","87.1123809523809030","20.000000000000000","37.399999999999999","21.000000000000000","47.399999999999999","17.600000000000001","40.433333333333302","-4.0000000000000000e+00","761.64999999999998"," 86.500000000000000"," 2.50000000000000000","26.0000000000000000","-6.0000000000000000e+00","14.4460068899206817150","14.4460068899206817150"
"2016-01-18 03:40:00","  40"," 0","20.760000000000002","40.530000000000001","19.100000000000001","40.399999999999999","20.245000000000001","40.244999999999997","20.100000000000001","38.090000000000003","18.633333333333301","60.963333333333303","-5.342857142857139863","86.9904761904762012","19.890000000000001","37.399999999999999","21.000000000000000","47.566666666666698","17.600000000000001","40.500000000000000","-4.0000000000000000e+00","761.56666666666695"," 86.333333333333300"," 2.66666666666667007","26.3333333333333002","-6.0333333333333297e+00","25.0974302296526730061","25.0974302296526730061"
"2016-01-18 03:50:00","  50"," 0","20.699999999999999","40.590000000000003","19.100000000000001","40.466666666666697","20.230000000000000","40.229999999999997","20.100000000000001","38.163333333333298","18.600000000000001","60.833333333333300","-5.416666666666669627","86.5750000000000028","19.890000000000001","37.475000000000001","21.000000000000000","47.759999999999998","17.600000000000001","40.626666666666701","-4.0000000000000000e+00","761.48333333333301"," 86.166666666666700"," 2.83333333333332993","26.6666666666666998","-6.0666666666666700e+00","21.4173500658944249153","21.4173500658944249153"
"2016-01-18 04:00:00","  40"," 0","20.699999999999999","40.590000000000003","19.000000000000000","40.399999999999999","20.230000000000000","40.229999999999997","20.066666666666698","38.060000000000002","18.600000000000001","60.700000000000003","-5.509999999999999787","85.9883333333333013","19.890000000000001","37.626666666666701","20.963333333333299","47.663333333333298","17.600000000000001","40.759999999999998","-4.0000000000000000e+00","761.39999999999998"," 86.000000000000000"," 3.00000000000000000","27.0000000000000000","-6.0999999999999996e+00","30.5008008028380572796","30.5008008028380572796"
"2016-01-18 04:10:00","  40"," 0","20.633333333333301","40.530000000000001","19.000000000000000","40.399999999999999","20.260000000000002","40.289999999999999","20.000000000000000","38.000000000000000","18.600000000000001","60.560000000000002","-5.509999999999999787","86.2099999999999937","19.890000000000001","37.626666666666701","20.890000000000001","47.590000000000003","17.600000000000001","40.933333333333302","-4.0000000000000000e+00","761.29999999999995"," 85.666666666666700"," 3.00000000000000000","27.0000000000000000","-6.1333333333333302e+00","46.3056587032042443752","46.3056587032042443752"
"2016-01-18 04:20:00","  50"," 0","20.600000000000001","40.530000000000001","18.963333333333299","40.399999999999999","20.260000000000002","40.363333333333301","19.890000000000001","38.000000000000000","18.533333333333299","60.433333333333302","-5.500000000000000000","86.4555555555556055","19.890000000000001","37.729999999999997","20.890000000000001","47.560000000000002","17.600000000000001","41.000000000000000","-4.0000000000000000e+00","761.20000000000005"," 85.333333333333300"," 3.00000000000000000","27.0000000000000000","-6.1666666666666696e+00","12.0061628869734704494","12.0061628869734704494"
"2016-01-18 04:30:00","  50"," 0","20.574999999999999","40.590000000000003","18.890000000000001","40.399999999999999","20.289999999999999","40.399999999999999","19.890000000000001","38.000000000000000","18.500000000000000","60.399999999999999","-5.483333333333329840","86.3644444444444019","19.890000000000001","37.789999999999999","20.890000000000001","47.500000000000000","17.600000000000001","41.126666666666701","-4.0000000000000000e+00","761.10000000000002"," 85.000000000000000"," 3.00000000000000000","27.0000000000000000","-6.2000000000000002e+00","13.5940916952677071095","13.5940916952677071095"
"2016-01-18 04:40:00","  40"," 0","20.500000000000000","40.590000000000003","18.890000000000001","40.399999999999999","20.289999999999999","40.466666666666697","19.890000000000001","38.000000000000000","18.500000000000000","60.259999999999998","-5.400000000000000355","86.7666666666666941","19.890000000000001","37.859999999999999","20.890000000000001","47.399999999999999","17.600000000000001","41.259999999999998","-4.0000000000000000e+00","761.00000000000000"," 84.666666666666700"," 3.00000000000000000","27.0000000000000000","-6.2333333333333298e+00","36.7501823231577873230","36.7501823231577873230"
"2016-01-18 04:50:00","  50"," 0","20.500000000000000","40.626666666666701","18.890000000000001","40.399999999999999","20.289999999999999","40.500000000000000","19.864999999999998","37.924999999999997","18.500000000000000","60.126666666666701","-5.444444444444440201","86.5055555555556026","19.823333333333299","38.000000000000000","20.890000000000001","47.326666666666704","17.600000000000001","41.399999999999999","-4.0000000000000000e+00","760.89999999999998"," 84.333333333333300"," 3.00000000000000000","27.0000000000000000","-6.2666666666666702e+00","37.5772936502471566200","37.5772936502471566200"
"2016-01-18 05:00:00","  40"," 0","20.426666666666701","40.566666666666698","18.789999999999999","40.289999999999999","20.289999999999999","40.500000000000000","19.789999999999999","37.899999999999999","18.390000000000001","59.899999999999999","-5.472222222222219656","86.3416666666666970","19.789999999999999","38.000000000000000","20.890000000000001","47.317500000000003","17.600000000000001","41.466666666666697","-4.0000000000000000e+00","760.79999999999995"," 84.000000000000000"," 3.00000000000000000","27.0000000000000000","-6.2999999999999998e+00","46.5295960428193211555","46.5295960428193211555"
"2016-01-18 05:10:00","  50"," 0","20.390000000000001","40.590000000000003","18.789999999999999","40.363333333333301","20.289999999999999","40.530000000000001","19.789999999999999","37.863333333333301","18.390000000000001","59.899999999999999","-5.530000000000000249","85.8394444444443963","19.789999999999999","37.950000000000003","20.890000000000001","47.399999999999999","17.600000000000001","41.590000000000003","-4.0833333333333304e+00","760.71666666666704"," 84.500000000000000"," 3.00000000000000000","26.1666666666666998","-6.3166666666666700e+00","23.1365137384273111820","23.1365137384273111820"
"2016-01-18 05:20:00","  30"," 0","20.390000000000001","40.663333333333298","18.699999999999999","40.326666666666704","20.289999999999999","40.590000000000003","19.789999999999999","37.789999999999999","18.390000000000001","59.789999999999999","-5.530000000000000249","86.2999999999999972","19.789999999999999","37.933333333333302","20.789999999999999","47.200000000000003","17.600000000000001","41.590000000000003","-4.1666666666666696e+00","760.63333333333298"," 85.000000000000000"," 3.00000000000000000","25.3333333333333002","-6.3333333333333304e+00","43.0345588363707065582","43.0345588363707065582"
"2016-01-18 05:30:00","  20"," 0","20.289999999999999","40.700000000000003","18.699999999999999","40.399999999999999","20.260000000000002","40.590000000000003","19.699999999999999","37.863333333333301","18.390000000000001","59.789999999999999","-5.500000000000000000","86.3555555555555969","19.789999999999999","38.000000000000000","20.789999999999999","47.200000000000003","17.600000000000001","41.590000000000003","-4.2500000000000000e+00","760.54999999999995"," 85.500000000000000"," 3.00000000000000000","24.5000000000000000","-6.3499999999999996e+00","15.6018209760077297688","15.6018209760077297688"
"2016-01-18 05:40:00","  30"," 0","20.289999999999999","40.700000000000003","18.699999999999999","40.399999999999999","20.260000000000002","40.590000000000003","19.699999999999999","37.863333333333301","18.356666666666701","59.700000000000003","-5.525000000000000355","86.2000000000000028","19.789999999999999","38.000000000000000","20.789999999999999","47.200000000000003","17.600000000000001","41.626666666666701","-4.3333333333333304e+00","760.46666666666704"," 86.000000000000000"," 3.00000000000000000","23.6666666666666998","-6.3666666666666698e+00","10.4019506718032062054","10.4019506718032062054"
"2016-01-18 05:50:00","  30"," 0","20.289999999999999","40.700000000000003","18.633333333333301","40.326666666666704","20.199999999999999","40.590000000000003","19.699999999999999","37.899999999999999","18.289999999999999","59.626666666666701","-5.535000000000000142","86.3827777777778039","19.789999999999999","38.000000000000000","20.730000000000000","47.200000000000003","17.600000000000001","41.700000000000003","-4.4166666666666696e+00","760.38333333333298"," 86.500000000000000"," 3.00000000000000000","22.8333333333333002","-6.3833333333333302e+00","46.0413733613677322865","46.0413733613677322865"
"2016-01-18 06:00:00","  50"," 0","20.230000000000000","40.700000000000003","18.600000000000001","40.289999999999999","20.199999999999999","40.590000000000003","19.633333333333301","37.899999999999999","18.289999999999999","59.590000000000003","-5.483333333333329840","86.7727777777778044","19.699999999999999","38.030000000000001","20.699999999999999","47.090000000000003","17.600000000000001","41.700000000000003","-4.5000000000000000e+00","760.29999999999995"," 87.000000000000000"," 3.00000000000000000","22.0000000000000000","-6.4000000000000004e+00"," 2.6368442107923328876"," 2.6368442107923328876"
"2016-01-18 06:10:00","  80"," 0","20.199999999999999","40.766666666666701","18.600000000000001","40.289999999999999","20.199999999999999","40.590000000000003","19.600000000000001","37.899999999999999","18.289999999999999","59.590000000000003","-5.427777777777779811","87.0550000000000068","19.722500000000000","38.045000000000002","20.699999999999999","47.090000000000003","17.600000000000001","41.759999999999998","-4.5499999999999998e+00","760.25000000000000"," 87.166666666666700"," 2.83333333333332993","22.0000000000000000","-6.4166666666666696e+00","20.5577715532854199409","20.5577715532854199409"
"2016-01-18 06:20:00","  40"," 0","20.199999999999999","41.026666666666699","18.566666666666698","40.433333333333302","20.199999999999999","40.663333333333298","19.600000000000001","37.899999999999999","18.289999999999999","59.500000000000000","-5.383333333333330195","86.8833333333332973","19.730000000000000","38.090000000000003","20.699999999999999","47.090000000000003","17.600000000000001","41.863333333333301","-4.5999999999999996e+00","760.20000000000005"," 87.333333333333300"," 2.66666666666667007","22.0000000000000000","-6.4333333333333300e+00","22.8170607588253915310","22.8170607588253915310"
"2016-01-18 06:30:00","  50","10","20.199999999999999","41.266666666666701","18.566666666666698","40.633333333333297","20.100000000000001","40.700000000000003","19.566666666666698","37.899999999999999","18.289999999999999","59.500000000000000","-5.400000000000000355","86.7755555555555986","19.699999999999999","38.090000000000003","20.699999999999999","47.090000000000003","17.600000000000001","41.789999999999999","-4.6500000000000004e+00","760.14999999999998"," 87.500000000000000"," 2.50000000000000000","22.0000000000000000","-6.4500000000000002e+00","20.7930123782716691494","20.7930123782716691494"
"2016-01-18 06:40:00","  40"," 0","20.199999999999999","41.399999999999999","18.500000000000000","40.859999999999999","20.100000000000001","40.759999999999998","19.500000000000000","37.826666666666704","18.199999999999999","59.372500000000002","-5.400000000000000355","86.7099999999999937","19.699999999999999","38.090000000000003","20.600000000000001","46.899999999999999","17.600000000000001","41.759999999999998","-4.7000000000000002e+00","760.10000000000002"," 87.666666666666700"," 2.33333333333332993","22.0000000000000000","-6.4666666666666703e+00","33.5176725871860980988","33.5176725871860980988"
"2016-01-18 06:50:00","  70","10","20.133333333333301","41.399999999999999","18.500000000000000","41.000000000000000","20.100000000000001","40.789999999999999","19.500000000000000","37.899999999999999","18.199999999999999","59.289999999999999","-5.372222222222220012","86.6644444444443991","19.666666666666700","38.090000000000003","20.600000000000001","46.844999999999999","17.600000000000001","41.700000000000003","-4.7500000000000000e+00","760.04999999999995"," 87.833333333333300"," 2.16666666666667007","22.0000000000000000","-6.4833333333333298e+00","37.8452040022239089012","37.8452040022239089012"
"2016-01-18 07:00:00"," 100"," 0","20.133333333333301","41.399999999999999","18.500000000000000","41.126666666666701","20.100000000000001","40.729999999999997","19.426666666666701","37.899999999999999","18.230000000000000","59.223333333333301","-5.333333333333330373","87.0366666666667044","19.666666666666700","38.423333333333296","20.600000000000001","46.899999999999999","17.566666666666698","41.663333333333298","-4.7999999999999998e+00","760.00000000000000"," 88.000000000000000"," 2.00000000000000000","22.0000000000000000","-6.5000000000000000e+00","45.5825657234527170658","45.5825657234527170658"
"2016-01-18 07:10:00","  60","20","20.100000000000001","41.359999999999999","18.390000000000001","41.126666666666701","20.100000000000001","40.789999999999999","19.463333333333299","38.266666666666701","18.289999999999999","58.880000000000003","-5.299999999999999822","86.9222222222222030","19.699999999999999","38.465555555555603","20.600000000000001","47.034999999999997","17.500000000000000","41.590000000000003","-4.7500000000000000e+00","759.96666666666704"," 87.833333333333300"," 2.00000000000000000","21.6666666666666998","-6.4833333333333298e+00","40.9976042923517525196","40.9976042923517525196"
"2016-01-18 07:20:00","  50"," 0","20.100000000000001","41.560000000000002","18.390000000000001","41.333333333333300","20.100000000000001","40.789999999999999","19.390000000000001","38.466666666666697","18.289999999999999","58.789999999999999","-5.333333333333330373","86.5338888888888960","19.699999999999999","38.266666666666701","20.600000000000001","47.030000000000001","17.566666666666698","41.430000000000000","-4.7000000000000002e+00","759.93333333333305"," 87.666666666666700"," 2.00000000000000000","21.3333333333333002","-6.4666666666666703e+00"," 4.6824926277622580528"," 4.6824926277622580528"
"2016-01-18 07:30:00","  40"," 0","20.100000000000001","41.590000000000003","18.356666666666701","41.463333333333303","20.100000000000001","40.729999999999997","19.390000000000001","38.466666666666697","18.199999999999999","58.729999999999997","-5.292777777777780024","86.7077777777778067","19.600000000000001","37.930000000000000","20.500000000000000","46.759999999999998","17.500000000000000","41.229999999999997","-4.6500000000000004e+00","759.89999999999998"," 87.500000000000000"," 2.00000000000000000","21.0000000000000000","-6.4500000000000002e+00"," 8.8953040656633675098"," 8.8953040656633675098"
"2016-01-18 07:40:00","  40"," 0","20.033333333333299","41.463333333333303","18.289999999999999","41.590000000000003","20.100000000000001","40.789999999999999","19.390000000000001","38.399999999999999","18.199999999999999","58.729999999999997","-5.167777777777780024","86.8183333333332996","19.600000000000001","37.744999999999997","20.500000000000000","46.566666666666698","17.500000000000000","41.026666666666699","-4.5999999999999996e+00","759.86666666666702"," 87.333333333333300"," 2.00000000000000000","20.6666666666666998","-6.4333333333333300e+00","32.1107290103100240231","32.1107290103100240231"
"2016-01-18 07:50:00","  40"," 0","20.050000000000001","41.450000000000003","18.356666666666701","41.590000000000003","20.100000000000001","40.789999999999999","19.390000000000001","38.399999999999999","18.149999999999999","58.744999999999997","-5.190000000000000391","86.5366666666667044","19.574999999999999","37.567500000000003","20.472500000000000","46.217500000000001","17.500000000000000","40.766666666666701","-4.5499999999999998e+00","759.83333333333303"," 87.166666666666700"," 2.00000000000000000","20.3333333333333002","-6.4166666666666696e+00","43.7141496920958161354","43.7141496920958161354"
"2016-01-18 08:00:00","  20"," 0","20.000000000000000","41.399999999999999","18.289999999999999","41.590000000000003","20.100000000000001","40.899999999999999","19.315000000000001","38.399999999999999","18.120000000000001","58.700000000000003","-5.226666666666670125","86.6716666666666953","19.500000000000000","37.450000000000003","20.390000000000001","45.895000000000003","17.500000000000000","40.526666666666699","-4.5000000000000000e+00","759.79999999999995"," 87.000000000000000"," 2.00000000000000000","20.0000000000000000","-6.4000000000000004e+00","29.6156675205565989017","29.6156675205565989017"
"2016-01-18 08:10:00","  20"," 0","20.000000000000000","41.399999999999999","18.289999999999999","41.590000000000003","20.033333333333299","40.826666666666704","19.289999999999999","38.326666666666704","18.133333333333301","58.700000000000003","-5.185555555555559692","86.9988888888888994","19.500000000000000","37.200000000000003","20.390000000000001","45.633333333333297","17.426666666666701","40.266666666666701","-4.4333333333333300e+00","759.76666666666699"," 86.833333333333300"," 2.00000000000000000","20.3333333333333002","-6.3499999999999996e+00","13.1216096109710633755","13.1216096109710633755"
"2016-01-18 08:20:00","  30"," 0","20.000000000000000","41.399999999999999","18.230000000000000","41.530000000000001","20.000000000000000","40.729999999999997","19.289999999999999","38.363333333333301","18.100000000000001","58.590000000000003","-5.075000000000000178","87.5300000000000011","19.426666666666701","37.066666666666698","20.390000000000001","45.433333333333302","17.390000000000001","39.966666666666697","-4.3666666666666698e+00","759.73333333333301"," 86.666666666666700"," 2.00000000000000000","20.6666666666666998","-6.2999999999999998e+00","44.1876132041215896606","44.1876132041215896606"
"2016-01-18 08:30:00","  50"," 0","19.926666666666701","41.399999999999999","18.260000000000002","41.560000000000002","20.000000000000000","40.789999999999999","19.289999999999999","38.289999999999999","18.100000000000001","58.530000000000001","-4.993333333333329627","88.0244444444443985","19.390000000000001","36.863333333333301","20.289999999999999","45.223333333333301","17.390000000000001","39.826666666666704","-4.2999999999999998e+00","759.70000000000005"," 86.500000000000000"," 2.00000000000000000","21.0000000000000000","-6.2500000000000000e+00"," 9.3844673130661249161"," 9.3844673130661249161"
"2016-01-18 08:40:00","  50"," 0","19.890000000000001","41.399999999999999","18.199999999999999","41.560000000000002","19.890000000000001","40.789999999999999","19.199999999999999","38.200000000000003","18.100000000000001","58.500000000000000","-4.900000000000000355","88.3377777777778022","19.390000000000001","36.729999999999997","20.289999999999999","45.030000000000001","17.390000000000001","39.645000000000003","-4.2333333333333298e+00","759.66666666666697"," 86.333333333333300"," 2.00000000000000000","21.3333333333333002","-6.2000000000000002e+00","24.4433491141535341740","24.4433491141535341740"
"2016-01-18 08:50:00","  40"," 0","19.890000000000001","41.399999999999999","18.199999999999999","41.590000000000003","19.890000000000001","40.789999999999999","19.199999999999999","38.200000000000003","18.050000000000001","58.395000000000003","-4.832777777777780059","88.3827777777778039","19.390000000000001","36.560000000000002","20.289999999999999","44.863333333333301","17.390000000000001","39.466666666666697","-4.1666666666666696e+00","759.63333333333298"," 86.166666666666700"," 2.00000000000000000","21.6666666666666998","-6.1500000000000004e+00"," 0.4910243558697402477"," 0.4910243558697402477"
"2016-01-18 09:00:00","  40"," 0","19.856666666666701","41.363333333333301","18.199999999999999","41.590000000000003","19.890000000000001","40.789999999999999","19.199999999999999","38.200000000000003","18.000000000000000","58.259999999999998","-4.726666666666670125","88.7738888888889051","19.390000000000001","36.500000000000000","20.289999999999999","44.789999999999999","17.390000000000001","39.399999999999999","-4.0999999999999996e+00","759.60000000000002"," 86.000000000000000"," 2.00000000000000000","22.0000000000000000","-6.0999999999999996e+00","18.0217021610587835312","18.0217021610587835312"
"2016-01-18 09:10:00","  40"," 0","19.789999999999999","41.229999999999997","18.199999999999999","41.700000000000003","19.890000000000001","40.789999999999999","19.199999999999999","38.200000000000003","18.000000000000000","58.200000000000003","-4.613888888888889817","88.9666666666666970","19.289999999999999","36.466666666666697","20.199999999999999","44.500000000000000","17.390000000000001","39.259999999999998","-4.0000000000000000e+00","759.54999999999995"," 86.166666666666700"," 1.83333333333332993","22.1666666666666998","-5.9833333333333298e+00","22.1080845454707741737","22.1080845454707741737"
"2016-01-18 09:20:00","  40"," 0","19.789999999999999","41.200000000000003","18.133333333333301","41.700000000000003","19.890000000000001","40.789999999999999","19.100000000000001","38.200000000000003","18.000000000000000","58.163333333333298","-4.450000000000000178","89.4472222222221944","19.289999999999999","36.399999999999999","20.199999999999999","44.359999999999999","17.323333333333299","39.126666666666701","-3.8999999999999999e+00","759.50000000000000"," 86.333333333333300"," 1.66666666666667007","22.3333333333333002","-5.8666666666666698e+00"," 6.2864610692486166954"," 6.2864610692486166954"
"2016-01-18 09:30:00","  50"," 0","19.789999999999999","41.200000000000003","18.100000000000001","41.729999999999997","19.890000000000001","40.789999999999999","19.100000000000001","38.126666666666701","18.000000000000000","58.090000000000003","-4.268333333333329982","89.9449999999999932","19.245000000000001","36.244999999999997","20.100000000000001","44.259999999999998","17.289999999999999","39.060000000000002","-3.7999999999999998e+00","759.45000000000005"," 86.500000000000000"," 1.50000000000000000","22.5000000000000000","-5.7500000000000000e+00","31.2182273832149803638","31.2182273832149803638"
"2016-01-18 09:40:00","  50"," 0","19.760000000000002","41.200000000000003","18.100000000000001","41.789999999999999","19.890000000000001","40.789999999999999","19.166666666666700","38.000000000000000","18.000000000000000","58.000000000000000","-4.039444444444439952","90.4027777777777999","19.230000000000000","36.126666666666701","20.100000000000001","44.126666666666701","17.289999999999999","39.000000000000000","-3.7000000000000002e+00","759.39999999999998"," 86.666666666666700"," 1.33333333333332993","22.6666666666666998","-5.6333333333333302e+00","15.1215665857307612896","15.1215665857307612896"
"2016-01-18 09:50:00","  50"," 0","19.699999999999999","41.200000000000003","18.100000000000001","41.789999999999999","19.823333333333299","40.729999999999997","19.100000000000001","38.000000000000000","17.926666666666701","57.933333333333302","-3.798333333333329787","90.8533333333332962","19.230000000000000","36.066666666666698","20.100000000000001","44.000000000000000","17.289999999999999","38.899999999999999","-3.6000000000000001e+00","759.35000000000002"," 86.833333333333300"," 1.16666666666667007","22.8333333333333002","-5.5166666666666702e+00","11.9818614097312092781","11.9818614097312092781"
"2016-01-18 10:00:00","  40"," 0","19.699999999999999","41.163333333333298","18.100000000000001","41.789999999999999","19.840000000000000","40.744999999999997","19.100000000000001","37.966666666666697","17.890000000000001","57.899999999999999","-3.601666666666670125","91.2894444444443991","19.199999999999999","36.000000000000000","20.033333333333299","43.933333333333302","17.289999999999999","38.826666666666704","-3.5000000000000000e+00","759.29999999999995"," 87.000000000000000"," 1.00000000000000000","23.0000000000000000","-5.4000000000000004e+00","17.9314881796017289162","17.9314881796017289162"
"2016-01-18 10:10:00","  40"," 0","19.699999999999999","41.163333333333298","18.100000000000001","41.789999999999999","19.890000000000001","40.789999999999999","19.100000000000001","37.966666666666697","17.890000000000001","57.826666666666704","-3.368888888888890154","91.7527777777777942","19.199999999999999","35.933333333333302","20.050000000000001","43.895000000000003","17.289999999999999","38.759999999999998","-3.2833333333333301e+00","759.23333333333301"," 85.833333333333300"," 1.33333333333332993","25.8333333333333002","-5.3833333333333302e+00","44.6455206256359815598","44.6455206256359815598"
"2016-01-18 10:20:00","  20"," 0","19.699999999999999","41.200000000000003","18.100000000000001","41.789999999999999","19.890000000000001","40.789999999999999","19.100000000000001","37.899999999999999","17.890000000000001","57.767499999999998","-3.140000000000000124","92.2016666666666964","19.199999999999999","35.863333333333301","20.000000000000000","43.663333333333298","17.289999999999999","38.626666666666701","-3.0666666666666700e+00","759.16666666666697"," 84.666666666666700"," 1.66666666666667007","28.6666666666666998","-5.3666666666666698e+00","49.5313632534816861153","49.5313632534816861153"
"2016-01-18 10:30:00","  20"," 0","19.699999999999999","41.200000000000003","18.100000000000001","41.789999999999999","19.789999999999999","40.663333333333298","19.100000000000001","37.899999999999999","17.890000000000001","57.700000000000003","-2.862777777777779864","92.6544444444444935","19.199999999999999","35.789999999999999","20.000000000000000","43.530000000000001","17.289999999999999","38.590000000000003","-2.8500000000000001e+00","759.10000000000002"," 83.500000000000000"," 2.00000000000000000","31.5000000000000000","-5.3499999999999996e+00","36.6210598731413483620","36.6210598731413483620"
"2016-01-18 10:40:00","  30"," 0","19.600000000000001","41.090000000000003","18.133333333333301","41.700000000000003","19.789999999999999","40.590000000000003","19.100000000000001","37.966666666666697","17.890000000000001","57.663333333333298","-2.601666666666670125","93.0150000000000006","19.100000000000001","35.700000000000003","20.000000000000000","43.500000000000000","17.289999999999999","38.530000000000001","-2.6333333333333302e+00","759.03333333333296"," 82.333333333333300"," 2.33333333333332993","34.3333333333333002","-5.3333333333333304e+00","49.6394044137559831142","49.6394044137559831142"
"2016-01-18 10:50:00","  40"," 0","19.600000000000001","41.030000000000001","18.133333333333301","41.700000000000003","19.760000000000002","40.590000000000003","19.100000000000001","37.966666666666697","17.890000000000001","57.590000000000003","-2.328333333333330035","93.4849999999999994","19.100000000000001","35.626666666666701","19.926666666666701","43.433333333333302","17.289999999999999","38.500000000000000","-2.4166666666666701e+00","758.96666666666704"," 81.166666666666700"," 2.66666666666667007","37.1666666666666998","-5.3166666666666700e+00","26.9894681056030094624","26.9894681056030094624"
"2016-01-18 11:00:00","  50"," 0","19.600000000000001","41.045000000000002","18.199999999999999","41.663333333333298","19.699999999999999","40.590000000000003","19.100000000000001","38.045000000000002","17.890000000000001","57.500000000000000","-2.040555555555560119","93.8544444444443968","19.100000000000001","35.590000000000003","19.890000000000001","43.289999999999999","17.289999999999999","38.433333333333302","-2.2000000000000002e+00","758.89999999999998"," 80.000000000000000"," 3.00000000000000000","40.0000000000000000","-5.2999999999999998e+00","21.6900880914181470871","21.6900880914181470871"
"2016-01-18 11:10:00","  50"," 0","19.600000000000001","41.126666666666701","18.199999999999999","41.590000000000003","19.699999999999999","40.700000000000003","19.100000000000001","38.090000000000003","17.856666666666701","57.363333333333301","-1.838888888888889905","94.1144444444444019","19.100000000000001","35.590000000000003","19.890000000000001","43.289999999999999","17.289999999999999","38.399999999999999","-2.0666666666666700e+00","758.81666666666695"," 79.000000000000000"," 3.00000000000000000","40.0000000000000000","-5.3333333333333304e+00","48.2336837099865078926","48.2336837099865078926"
"2016-01-18 11:20:00","  40"," 0","19.600000000000001","41.200000000000003","18.199999999999999","41.590000000000003","19.760000000000002","40.700000000000003","19.100000000000001","38.030000000000001","17.789999999999999","57.289999999999999","-1.643333333333329982","94.3972222222221973","19.100000000000001","35.500000000000000","19.890000000000001","43.200000000000003","17.289999999999999","38.326666666666704","-1.9333333333333300e+00","758.73333333333301"," 78.000000000000000"," 3.00000000000000000","40.0000000000000000","-5.3666666666666698e+00"," 7.4159821611829102039"," 7.4159821611829102039"
"2016-01-18 11:30:00","  40"," 0","19.600000000000001","41.200000000000003","18.260000000000002","41.590000000000003","19.789999999999999","40.700000000000003","19.100000000000001","38.000000000000000","17.789999999999999","57.200000000000003","-1.375555555555560083","94.6077777777777982","19.100000000000001","35.500000000000000","19.823333333333299","43.066666666666698","17.260000000000002","38.259999999999998","-1.8000000000000000e+00","758.64999999999998"," 77.000000000000000"," 3.00000000000000000","40.0000000000000000","-5.4000000000000004e+00"," 3.3246527891606092453"," 3.3246527891606092453"
"2016-01-18 11:40:00","  50"," 0","19.600000000000001","41.200000000000003","18.230000000000000","41.530000000000001","19.789999999999999","40.700000000000003","19.100000000000001","38.000000000000000","17.789999999999999","57.126666666666701","-1.159999999999999920","94.7450000000000045","19.033333333333299","35.326666666666704","19.856666666666701","43.060000000000002","17.199999999999999","38.200000000000003","-1.6666666666666701e+00","758.56666666666695"," 76.000000000000000"," 3.00000000000000000","40.0000000000000000","-5.4333333333333300e+00"," 1.2125744018703699112"," 1.2125744018703699112"
"2016-01-18 11:50:00","  40"," 0","19.600000000000001","41.229999999999997","18.289999999999999","41.590000000000003","19.789999999999999","40.700000000000003","19.066666666666698","37.966666666666697","17.789999999999999","57.067500000000003","-1.055555555555560021","94.7444444444443974","19.100000000000001","35.399999999999999","19.789999999999999","42.933333333333302","17.289999999999999","38.289999999999999","-1.5333333333333301e+00","758.48333333333301"," 75.000000000000000"," 3.00000000000000000","40.0000000000000000","-5.4666666666666703e+00","30.6211620918475091457","30.6211620918475091457"
"2016-01-18 12:00:00","  40"," 0","19.533333333333299","41.289999999999999","18.289999999999999","41.590000000000003","19.789999999999999","40.700000000000003","19.066666666666698","38.026666666666699","17.789999999999999","57.000000000000000","-0.844444444444443998","94.8544444444444963","19.000000000000000","35.259999999999998","19.789999999999999","42.899999999999999","17.230000000000000","38.229999999999997","-1.3999999999999999e+00","758.39999999999998"," 74.000000000000000"," 3.00000000000000000","40.0000000000000000","-5.5000000000000000e+00","34.8304374027065932751","34.8304374027065932751"
"2016-01-18 12:10:00","  50"," 0","19.500000000000000","41.289999999999999","18.289999999999999","41.530000000000001","19.789999999999999","40.700000000000003","19.033333333333299","38.066666666666698","17.760000000000002","56.966666666666697","-0.705555555555555047","94.8649999999999949","19.000000000000000","35.200000000000003","19.789999999999999","42.899999999999999","17.289999999999999","38.289999999999999","-1.3500000000000001e+00","758.29999999999995"," 73.666666666666700"," 3.00000000000000000","40.0000000000000000","-5.5166666666666702e+00","40.0570943602360785007","40.0570943602360785007"
"2016-01-18 12:20:00","  40"," 0","19.500000000000000","41.289999999999999","18.289999999999999","41.500000000000000","19.789999999999999","40.700000000000003","19.033333333333299","38.126666666666701","17.760000000000002","56.899999999999999","-0.633333333333332971","94.6677777777778005","19.100000000000001","35.259999999999998","19.789999999999999","42.863333333333301","17.199999999999999","38.200000000000003","-1.3000000000000000e+00","758.20000000000005"," 73.333333333333300"," 3.00000000000000000","40.0000000000000000","-5.5333333333333297e+00"," 6.8865141947753727436"," 6.8865141947753727436"
"2016-01-18 12:30:00","  50"," 0","19.500000000000000","41.289999999999999","18.289999999999999","41.500000000000000","19.730000000000000","40.700000000000003","19.000000000000000","38.090000000000003","17.789999999999999","56.789999999999999","-0.500000000000000000","94.7961111111111023","19.033333333333299","35.126666666666701","19.789999999999999","42.789999999999999","17.260000000000002","38.259999999999998","-1.2500000000000000e+00","758.10000000000002"," 73.000000000000000"," 3.00000000000000000","40.0000000000000000","-5.5499999999999998e+00"," 7.9892411362379789352"," 7.9892411362379789352"
"2016-01-18 12:40:00","  40"," 0","19.500000000000000","41.289999999999999","18.289999999999999","41.500000000000000","19.789999999999999","40.700000000000003","19.000000000000000","38.163333333333298","17.730000000000000","56.729999999999997","-0.361111111111110994","94.9000000000000057","19.000000000000000","35.045000000000002","19.789999999999999","42.729999999999997","17.289999999999999","38.289999999999999","-1.2000000000000000e+00","758.00000000000000"," 72.666666666666700"," 3.00000000000000000","40.0000000000000000","-5.5666666666666700e+00","49.4416796485893428326","49.4416796485893428326"
"2016-01-18 12:50:00","  20"," 0","19.500000000000000","41.289999999999999","18.289999999999999","41.500000000000000","19.789999999999999","40.700000000000003","19.000000000000000","38.200000000000003","17.760000000000002","56.663333333333298","-0.266666666666666996","95.0438888888889011","19.000000000000000","34.966666666666697","19.730000000000000","42.729999999999997","17.230000000000000","38.229999999999997","-1.1499999999999999e+00","757.89999999999998"," 72.333333333333300"," 3.00000000000000000","40.0000000000000000","-5.5833333333333304e+00","19.9322847765870392323","19.9322847765870392323"
"2016-01-18 13:00:00","  20"," 0","19.500000000000000","41.289999999999999","18.289999999999999","41.500000000000000","19.789999999999999","40.700000000000003","19.000000000000000","38.200000000000003","17.699999999999999","56.590000000000003","-0.105555555555555999","95.1788888888889062","19.000000000000000","34.899999999999999","19.789999999999999","42.663333333333298","17.230000000000000","38.200000000000003","-1.1000000000000001e+00","757.79999999999995"," 72.000000000000000"," 3.00000000000000000","40.0000000000000000","-5.5999999999999996e+00"," 9.3955908087082207203"," 9.3955908087082207203"
"2016-01-18 13:10:00","  30"," 0","19.500000000000000","41.399999999999999","18.245000000000001","41.450000000000003","19.745000000000001","40.700000000000003","19.000000000000000","38.200000000000003","17.699999999999999","56.500000000000000"," 0.038888888888888903","95.2572222222221967","19.000000000000000","34.826666666666704","19.745000000000001","42.645000000000003","17.230000000000000","38.126666666666701","-1.0166666666666699e+00","757.71666666666704"," 71.666666666666700"," 3.00000000000000000","40.0000000000000000","-5.5833333333333304e+00","23.8864120561629533768","23.8864120561629533768"
"2016-01-18 13:20:00","  40"," 0","19.500000000000000","41.399999999999999","18.289999999999999","41.500000000000000","19.699999999999999","40.700000000000003","19.000000000000000","38.200000000000003","17.699999999999999","56.500000000000000"," 0.149999999999999994","95.3277777777777970","19.000000000000000","34.826666666666704","19.699999999999999","42.590000000000003","17.289999999999999","38.090000000000003","-9.3333333333333302e-01","757.63333333333298"," 71.333333333333300"," 3.00000000000000000","40.0000000000000000","-5.5666666666666700e+00","27.2117011365480720997","27.2117011365480720997"
"2016-01-18 13:30:00","  50"," 0","19.390000000000001","41.289999999999999","18.230000000000000","41.433333333333302","19.699999999999999","40.700000000000003","19.000000000000000","38.229999999999997","17.699999999999999","56.399999999999999"," 0.299999999999999989","95.5033333333333019","19.000000000000000","34.789999999999999","19.699999999999999","42.590000000000003","17.289999999999999","38.090000000000003","-8.4999999999999998e-01","757.54999999999995"," 71.000000000000000"," 3.00000000000000000","40.0000000000000000","-5.5499999999999998e+00","16.4078990346752107143","16.4078990346752107143"
"2016-01-18 13:40:00","  50"," 0","19.390000000000001","41.289999999999999","18.289999999999999","41.500000000000000","19.699999999999999","40.700000000000003","18.926666666666701","38.289999999999999","17.699999999999999","56.326666666666704"," 0.377777777777777990","95.4722222222222001","19.000000000000000","34.729999999999997","19.699999999999999","42.530000000000001","17.199999999999999","38.000000000000000","-7.6666666666666705e-01","757.46666666666704"," 70.666666666666700"," 3.00000000000000000","40.0000000000000000","-5.5333333333333297e+00","49.9965296825394034386","49.9965296825394034386"
"2016-01-18 13:50:00","  50"," 0","19.463333333333299","41.363333333333301","18.199999999999999","41.399999999999999","19.699999999999999","40.700000000000003","18.890000000000001","38.289999999999999","17.699999999999999","56.289999999999999"," 0.466666666666667007","95.4222222222222030","19.000000000000000","34.626666666666701","19.699999999999999","42.500000000000000","17.260000000000002","38.000000000000000","-6.8333333333333302e-01","757.38333333333298"," 70.333333333333300"," 3.00000000000000000","40.0000000000000000","-5.5166666666666702e+00","26.3890917995013296604","26.3890917995013296604"
"2016-01-18 14:00:00","  40"," 0","19.390000000000001","41.289999999999999","18.260000000000002","41.466666666666697","19.699999999999999","40.700000000000003","18.890000000000001","38.289999999999999","17.633333333333301","56.156666666666702"," 0.566666666666666985","95.3722222222222058","19.000000000000000","34.645000000000003","19.699999999999999","42.433333333333302","17.289999999999999","38.000000000000000","-5.9999999999999998e-01","757.29999999999995"," 70.000000000000000"," 3.00000000000000000","40.0000000000000000","-5.5000000000000000e+00"," 6.6867254092358052731"," 6.6867254092358052731"
"2016-01-18 14:10:00","  40"," 0","19.390000000000001","41.289999999999999","18.289999999999999","41.500000000000000","19.699999999999999","40.700000000000003","18.890000000000001","38.289999999999999","17.660000000000000","56.090000000000003"," 0.661111111111110983","95.4222222222222030","19.000000000000000","34.560000000000002","19.699999999999999","42.399999999999999","17.289999999999999","38.000000000000000","-5.6666666666666698e-01","757.25000000000000"," 69.500000000000000"," 3.00000000000000000","38.1666666666666998","-5.5499999999999998e+00","21.9270033878274261951","21.9270033878274261951"
"2016-01-18 14:20:00","  40"," 0","19.390000000000001","41.344999999999999","18.289999999999999","41.500000000000000","19.699999999999999","40.700000000000003","18.890000000000001","38.289999999999999","17.625000000000000","55.997500000000002"," 0.699999999999999956","95.5250000000000057","19.000000000000000","34.567500000000003","19.699999999999999","42.399999999999999","17.199999999999999","37.899999999999999","-5.3333333333333299e-01","757.20000000000005"," 69.000000000000000"," 3.00000000000000000","36.3333333333333002","-5.5999999999999996e+00","31.0396969900466501713","31.0396969900466501713"
"2016-01-18 14:30:00","  40"," 0","19.390000000000001","41.363333333333301","18.289999999999999","41.500000000000000","19.699999999999999","40.700000000000003","18.890000000000001","38.289999999999999","17.666666666666700","55.966666666666697"," 0.783333333333332993","95.6566666666666947","19.000000000000000","34.700000000000003","19.625000000000000","42.317500000000003","17.199999999999999","37.899999999999999","-5.0000000000000000e-01","757.14999999999998"," 68.500000000000000"," 3.00000000000000000","34.5000000000000000","-5.6500000000000004e+00","10.1456206059083342552","10.1456206059083342552"
"2016-01-18 14:40:00","  40"," 0","19.390000000000001","41.363333333333301","18.289999999999999","41.500000000000000","19.699999999999999","40.700000000000003","18.890000000000001","38.289999999999999","17.600000000000001","55.899999999999999"," 0.788888888888888973","95.5900000000000034","19.000000000000000","34.759999999999998","19.675000000000001","42.372500000000002","17.199999999999999","37.899999999999999","-4.6666666666666701e-01","757.10000000000002"," 68.000000000000000"," 3.00000000000000000","32.6666666666666998","-5.7000000000000002e+00"," 6.7084886366501450539"," 6.7084886366501450539"
"2016-01-18 14:50:00","  50"," 0","19.390000000000001","41.363333333333301","18.260000000000002","41.500000000000000","19.699999999999999","40.700000000000003","18.890000000000001","38.363333333333301","17.600000000000001","55.844999999999999"," 0.805555555555556024","95.7083333333333002","19.000000000000000","34.700000000000003","19.600000000000001","42.200000000000003","17.199999999999999","37.899999999999999","-4.3333333333333302e-01","757.04999999999995"," 67.500000000000000"," 3.00000000000000000","30.8333333333333002","-5.7500000000000000e+00","38.8416999019682407379","38.8416999019682407379"
"2016-01-18 15:00:00","  50"," 0","19.289999999999999","41.399999999999999","18.199999999999999","41.500000000000000","19.699999999999999","40.700000000000003","18.890000000000001","38.289999999999999","17.600000000000001","55.767499999999998"," 0.866666666666667029","95.8777777777777942","19.000000000000000","34.700000000000003","19.649999999999999","42.172499999999999","17.199999999999999","37.789999999999999","-4.0000000000000002e-01","757.00000000000000"," 67.000000000000000"," 3.00000000000000000","29.0000000000000000","-5.7999999999999998e+00","31.7974924342706799507","31.7974924342706799507"
"2016-01-18 15:10:00","  30"," 0","19.356666666666701","41.399999999999999","18.199999999999999","41.399999999999999","19.699999999999999","40.700000000000003","18.890000000000001","38.289999999999999","17.600000000000001","55.700000000000003"," 0.888888888888888951","96.0133333333333070","19.000000000000000","34.700000000000003","19.600000000000001","42.090000000000003","17.199999999999999","37.789999999999999","-4.1666666666666702e-01","756.96666666666704"," 67.500000000000000"," 2.83333333333332993","30.8333333333333002","-5.7333333333333298e+00","14.1068148310296237469","14.1068148310296237469"
"2016-01-18 15:20:00","  20"," 0","19.289999999999999","41.399999999999999","18.199999999999999","41.399999999999999","19.699999999999999","40.663333333333298","18.856666666666701","38.363333333333301","17.600000000000001","55.672499999999999"," 0.900000000000000022","96.0100000000000051","19.000000000000000","34.700000000000003","19.600000000000001","42.000000000000000","17.199999999999999","37.789999999999999","-4.3333333333333302e-01","756.93333333333305"," 68.000000000000000"," 2.66666666666667007","32.6666666666666998","-5.6666666666666696e+00"," 9.5629728049971163273"," 9.5629728049971163273"
"2016-01-18 15:30:00","  30"," 0","19.289999999999999","41.399999999999999","18.199999999999999","41.399999999999999","19.699999999999999","40.663333333333298","18.789999999999999","38.289999999999999","17.600000000000001","55.590000000000003"," 0.894444444444444042","95.9777777777778027","19.000000000000000","34.700000000000003","19.600000000000001","41.933333333333302","17.199999999999999","37.789999999999999","-4.5000000000000001e-01","756.89999999999998"," 68.500000000000000"," 2.50000000000000000","34.5000000000000000","-5.5999999999999996e+00","13.2768359966576099396","13.2768359966576099396"
"2016-01-18 15:40:00","  30"," 0","19.323333333333299","41.399999999999999","18.199999999999999","41.399999999999999","19.600000000000001","40.590000000000003","18.789999999999999","38.289999999999999","17.574999999999999","55.567500000000003"," 0.783333333333332993","95.7561111111110961","19.000000000000000","34.663333333333298","19.600000000000001","41.863333333333301","17.199999999999999","37.789999999999999","-4.6666666666666701e-01","756.86666666666702"," 69.000000000000000"," 2.33333333333332993","36.3333333333333002","-5.5333333333333297e+00","26.5404396457597613335","26.5404396457597613335"
"2016-01-18 15:50:00","  40"," 0","19.323333333333299","41.399999999999999","18.199999999999999","41.399999999999999","19.600000000000001","40.590000000000003","18.789999999999999","38.229999999999997","17.500000000000000","55.466666666666697"," 0.633333333333332971","95.5442857142857065","19.000000000000000","34.590000000000003","19.600000000000001","41.789999999999999","17.199999999999999","37.700000000000003","-4.8333333333333300e-01","756.83333333333303"," 69.500000000000000"," 2.16666666666667007","38.1666666666666998","-5.4666666666666703e+00","34.2430452001281082630","34.2430452001281082630"
"2016-01-18 16:00:00","  50"," 0","19.289999999999999","41.399999999999999","18.199999999999999","41.399999999999999","19.566666666666698","40.590000000000003","18.789999999999999","38.200000000000003","17.500000000000000","55.384285714285703"," 0.495238095238094977","95.4661904761905049","18.963333333333299","34.484666666666698","19.600000000000001","41.789999999999999","17.199999999999999","37.700000000000003","-5.0000000000000000e-01","756.79999999999995"," 70.000000000000000"," 2.00000000000000000","40.0000000000000000","-5.4000000000000004e+00","19.1641696845181286335","19.1641696845181286335"
"2016-01-18 16:10:00","  50"," 0","19.289999999999999","41.399999999999999","18.199999999999999","41.399999999999999","19.550000000000001","40.672499999999999","18.789999999999999","38.200000000000003","17.500000000000000","55.326666666666704"," 0.388888888888889006","95.2022222222222041","18.902222222222200","34.332777777777800","19.600000000000001","41.789999999999999","17.199999999999999","37.590000000000003","-6.1666666666666703e-01","756.76666666666699"," 72.000000000000000"," 2.00000000000000000","38.1666666666666998","-5.1666666666666696e+00","47.7493999176658689976","47.7493999176658689976"
"2016-01-18 16:20:00","  50"," 0","19.289999999999999","41.289999999999999","18.175000000000001","41.475000000000001","19.566666666666698","40.700000000000003","18.699999999999999","38.163333333333298","17.500000000000000","55.234615384615402"," 0.227777777777777996","94.9899999999999949","18.908333333333299","34.289999999999999","19.600000000000001","41.824375000000003","17.199999999999999","37.590000000000003","-7.3333333333333295e-01","756.73333333333301"," 74.000000000000000"," 2.00000000000000000","36.3333333333333002","-4.9333333333333300e+00"," 5.9178290306590497494"," 5.9178290306590497494"
"2016-01-18 16:30:00","  40"," 0","19.289999999999999","41.289999999999999","18.100000000000001","41.500000000000000","19.600000000000001","40.590000000000003","18.699999999999999","38.090000000000003","17.500000000000000","55.200000000000003"," 0.000000000000000000","94.6272222222222013","18.890000000000001","34.289999999999999","19.563636363636402","41.859999999999999","17.100000000000001","37.500000000000000","-8.4999999999999998e-01","756.70000000000005"," 76.000000000000000"," 2.00000000000000000","34.5000000000000000","-4.7000000000000002e+00"," 1.9550027674995362759"," 1.9550027674995362759"
"2016-01-18 16:40:00","  40"," 0","19.289999999999999","41.289999999999999","18.100000000000001","41.560000000000002","19.600000000000001","40.590000000000003","18.699999999999999","38.000000000000000","17.500000000000000","55.175555555555597","-0.227777777777777996","94.1672222222221933","18.890000000000001","34.289999999999999","19.524999999999999","41.872500000000002","17.100000000000001","37.500000000000000","-9.6666666666666701e-01","756.66666666666697"," 78.000000000000000"," 2.00000000000000000","32.6666666666666998","-4.4666666666666703e+00","25.2252516453154385090","25.2252516453154385090"
"2016-01-18 16:50:00","  50"," 0","19.289999999999999","41.289999999999999","18.100000000000001","41.560000000000002","19.566666666666698","40.626666666666701","18.699999999999999","38.060000000000002","17.500000000000000","55.090000000000003","-0.472222222222221988","93.6905555555556049","18.890000000000001","34.289999999999999","19.500000000000000","41.899999999999999","17.100000000000001","37.399999999999999","-1.0833333333333299e+00","756.63333333333298"," 80.000000000000000"," 2.00000000000000000","30.8333333333333002","-4.2333333333333298e+00","28.9241277612745761871","28.9241277612745761871"
"2016-01-18 17:00:00","  40"," 0","19.199999999999999","41.200000000000003","18.066666666666698","41.560000000000002","19.500000000000000","40.700000000000003","18.699999999999999","38.090000000000003","17.390000000000001","55.000000000000000","-0.677777777777778034","93.2227777777777931","18.823333333333299","34.363333333333301","19.500000000000000","41.899999999999999","17.100000000000001","37.399999999999999","-1.2000000000000000e+00","756.60000000000002"," 82.000000000000000"," 2.00000000000000000","29.0000000000000000","-4.0000000000000000e+00","41.9651953969150781631","41.9651953969150781631"
"2016-01-18 17:10:00","  40"," 0","19.199999999999999","41.200000000000003","18.000000000000000","41.500000000000000","19.500000000000000","40.700000000000003","18.633333333333301","38.030000000000001","17.426666666666701","54.966666666666697","-1.026666666666669947","91.0538888888889062","18.789999999999999","34.337142857142901","19.445000000000000","41.844999999999999","17.100000000000001","37.289999999999999","-1.3333333333333299e+00","756.60000000000002"," 82.833333333333300"," 2.16666666666667007","28.1666666666666998","-3.9833333333333298e+00","32.7222487656399607658","32.7222487656399607658"
"2016-01-18 17:20:00","  40"," 0","19.199999999999999","41.200000000000003","18.000000000000000","41.500000000000000","19.500000000000000","40.700000000000003","18.600000000000001","38.045000000000002","17.390000000000001","54.789999999999999","-1.429999999999999938","89.2900000000000063","18.789999999999999","34.399999999999999","19.434000000000001","41.834000000000003","17.100000000000001","37.289999999999999","-1.4666666666666699e+00","756.60000000000002"," 83.666666666666700"," 2.33333333333332993","27.3333333333333002","-3.9666666666666699e+00","47.2264169948175549507","47.2264169948175549507"
"2016-01-18 17:30:00","  40"," 0","19.199999999999999","41.200000000000003","17.926666666666701","41.500000000000000","19.500000000000000","40.700000000000003","18.600000000000001","38.090000000000003","17.420000000000002","54.789999999999999","-1.697222222222219967","88.9388888888888971","18.789999999999999","34.399999999999999","19.390000000000001","41.750000000000000","17.066666666666698","37.259999999999998","-1.6000000000000001e+00","756.60000000000002"," 84.500000000000000"," 2.50000000000000000","26.5000000000000000","-3.9500000000000002e+00","25.5828814813867211342","25.5828814813867211342"
"2016-01-18 17:40:00","  20"," 0","19.133333333333301","41.126666666666701","17.890000000000001","41.530000000000001","19.500000000000000","40.700000000000003","18.600000000000001","38.090000000000003","17.390000000000001","54.700000000000003","-1.862777777777780086","88.8494444444444014","18.754000000000001","34.399999999999999","19.390000000000001","41.700000000000003","17.000000000000000","37.200000000000003","-1.7333333333333301e+00","756.60000000000002"," 85.333333333333300"," 2.66666666666667007","25.6666666666666998","-3.9333333333333300e+00"," 4.2460529599338769913"," 4.2460529599338769913"
"2016-01-18 17:50:00","  30"," 0","19.100000000000001","41.126666666666701","17.890000000000001","41.590000000000003","19.500000000000000","40.663333333333298","18.566666666666698","38.163333333333298","17.390000000000001","54.677999999999997","-1.998888888888890047","88.8133333333333042","18.699999999999999","34.399999999999999","19.390000000000001","41.700000000000003","17.066666666666698","37.200000000000003","-1.8666666666666700e+00","756.60000000000002"," 86.166666666666700"," 2.83333333333332993","24.8333333333333002","-3.9166666666666701e+00","49.7385254711844027042","49.7385254711844027042"
"2016-01-18 18:00:00","  30","10","19.100000000000001","41.126666666666701","17.890000000000001","41.590000000000003","19.426666666666701","40.530000000000001","18.500000000000000","38.090000000000003","17.390000000000001","54.590000000000003","-2.009999999999999787","89.5916666666666970","18.699999999999999","34.399999999999999","19.356666666666701","41.700000000000003","17.000000000000000","37.117500000000000","-2.0000000000000000e+00","756.60000000000002"," 87.000000000000000"," 3.00000000000000000","24.0000000000000000","-3.8999999999999999e+00","20.0722059933468699455","20.0722059933468699455"
"2016-01-18 18:10:00","  70","10","19.100000000000001","41.200000000000003","17.823333333333299","41.530000000000001","19.390000000000001","40.399999999999999","18.500000000000000","38.126666666666701","17.390000000000001","54.590000000000003","-2.000000000000000000","90.1433333333333024","18.699999999999999","34.500000000000000","19.289999999999999","41.700000000000003","17.000000000000000","37.090000000000003","-2.0833333333333299e+00","756.60000000000002"," 86.333333333333300"," 3.00000000000000000","24.0000000000000000","-4.0833333333333304e+00","44.7823148337192833424","44.7823148337192833424"
"2016-01-18 18:20:00"," 230","10","19.100000000000001","41.000000000000000","17.789999999999999","41.560000000000002","19.390000000000001","40.326666666666704","18.500000000000000","38.200000000000003","17.390000000000001","54.567500000000003","-2.035000000000000142","90.4466666666667010","18.699999999999999","34.500000000000000","19.315000000000001","42.022500000000001","17.000000000000000","37.126666666666701","-2.1666666666666701e+00","756.60000000000002"," 85.666666666666700"," 3.00000000000000000","24.0000000000000000","-4.2666666666666702e+00","43.8429206027649343014","43.8429206027649343014"
"2016-01-18 18:30:00"," 660","10","19.100000000000001","40.933333333333302","17.789999999999999","41.433333333333302","19.356666666666701","40.200000000000003","18.463333333333299","38.163333333333298","17.340000000000000","54.500000000000000","-2.154999999999999805","90.7383333333333013","18.600000000000001","34.590000000000003","19.411999999999999","42.195999999999998","17.000000000000000","37.200000000000003","-2.2500000000000000e+00","756.60000000000002"," 85.000000000000000"," 3.00000000000000000","24.0000000000000000","-4.4500000000000002e+00","14.8242398980073630810","14.8242398980073630810"
"2016-01-18 18:40:00"," 510"," 0","19.100000000000001","41.000000000000000","17.789999999999999","41.463333333333303","19.289999999999999","40.259999999999998","18.390000000000001","38.163333333333298","17.289999999999999","54.500000000000000","-2.291111111111109988","90.7111111111110944","18.600000000000001","34.590000000000003","19.566666666666698","42.466666666666697","17.000000000000000","37.289999999999999","-2.3333333333333299e+00","756.60000000000002"," 84.333333333333300"," 3.00000000000000000","24.0000000000000000","-4.6333333333333302e+00"," 6.6295954864472150803"," 6.6295954864472150803"
"2016-01-18 18:50:00"," 300","10","19.100000000000001","41.193333333333300","17.789999999999999","41.590000000000003","19.289999999999999","40.229999999999997","18.390000000000001","38.200000000000003","17.289999999999999","54.433333333333302","-2.398888888888889959","90.5811111111110989","18.600000000000001","34.700000000000003","19.730000000000000","42.826666666666704","17.000000000000000","37.289999999999999","-2.4166666666666701e+00","756.60000000000002"," 83.666666666666700"," 3.00000000000000000","24.0000000000000000","-4.8166666666666700e+00","13.2955453824251890182","13.2955453824251890182"
"2016-01-18 19:00:00"," 300","20","19.100000000000001","41.466666666666697","17.926666666666701","41.859999999999999","19.289999999999999","40.289999999999999","18.390000000000001","38.200000000000003","17.289999999999999","54.399999999999999","-2.529444444444440165","90.2661111111111012","18.533333333333299","34.700000000000003","19.864999999999998","43.042499999999997","16.963333333333299","37.289999999999999","-2.5000000000000000e+00","756.60000000000002"," 83.000000000000000"," 3.00000000000000000","24.0000000000000000","-5.0000000000000000e+00"," 0.2863771398551762104"," 0.2863771398551762104"
"2016-01-18 19:10:00"," 350","10","19.230000000000000","41.566666666666698","18.066666666666698","42.060000000000002","19.390000000000001","40.200000000000003","18.356666666666701","38.326666666666704","17.289999999999999","54.399999999999999","-2.669444444444439846","89.9861111111111001","18.600000000000001","34.789999999999999","19.926666666666701","43.266666666666701","16.890000000000001","37.289999999999999","-2.5000000000000000e+00","756.64999999999998"," 82.166666666666700"," 3.00000000000000000","24.5000000000000000","-5.1333333333333302e+00","40.9800910740159451962","40.9800910740159451962"
"2016-01-18 19:20:00","  90","10","19.356666666666701","41.960000000000001","18.133333333333301","41.933333333333302","19.390000000000001","40.049999999999997","18.289999999999999","38.399999999999999","17.289999999999999","54.329999999999998","-2.700000000000000178","90.1511111111111063","18.516666666666701","34.881666666666703","20.037500000000001","43.484999999999999","16.890000000000001","37.289999999999999","-2.5000000000000000e+00","756.70000000000005"," 81.333333333333300"," 3.00000000000000000","25.0000000000000000","-5.2666666666666702e+00"," 8.7330839480273425579"," 8.7330839480273425579"
"2016-01-18 19:30:00"," 100"," 0","19.696666666666701","42.723333333333301","18.292500000000000","42.270000000000003","19.530000000000001","40.133333333333297","18.289999999999999","38.433333333333302","17.289999999999999","54.289999999999999","-2.745000000000000107","90.0172222222222018","18.500000000000000","34.872500000000002","20.018181818181802","43.378181818181801","16.890000000000001","37.289999999999999","-2.5000000000000000e+00","756.75000000000000"," 80.500000000000000"," 3.00000000000000000","25.5000000000000000","-5.4000000000000004e+00","42.1540276031009852886","42.1540276031009852886"
"2016-01-18 19:40:00"," 130","10","19.963333333333299","42.530000000000001","18.463333333333299","42.633333333333297","19.633333333333301","40.329999999999998","18.289999999999999","38.500000000000000","17.372727272727300","56.900909090909103","-2.857222222222219887","89.8611111111111001","18.480000000000000","34.880000000000003","19.972500000000000","43.333125000000003","16.890000000000001","37.299999999999997","-2.5000000000000000e+00","756.79999999999995"," 79.666666666666700"," 3.00000000000000000","26.0000000000000000","-5.5333333333333297e+00"," 8.3356083370745182037"," 8.3356083370745182037"
"2016-01-18 19:50:00"," 200"," 0","20.100000000000001","42.100000000000001","18.699999999999999","42.466666666666697","19.699999999999999","40.590000000000003","18.289999999999999","38.500000000000000","17.950769230769200","72.871538461538506","-2.933333333333330017","89.8722222222222058","18.480000000000000","34.880000000000003","20.027272727272699","43.745454545454500","16.963333333333299","37.966666666666697","-2.5000000000000000e+00","756.85000000000002"," 78.833333333333300"," 3.00000000000000000","26.5000000000000000","-5.6666666666666696e+00","38.2009717519395053387","38.2009717519395053387"
"2016-01-18 20:00:00"," 480"," 0","20.100000000000001","41.826666666666704","18.760000000000002","42.526666666666699","19.699999999999999","40.590000000000003","18.289999999999999","38.500000000000000","18.000000000000000","70.197500000000005","-2.972222222222220100","89.7277777777778027","18.500000000000000","34.855555555555597","20.133333333333301","43.829999999999998","17.000000000000000","39.359999999999999","-2.5000000000000000e+00","756.89999999999998"," 78.000000000000000"," 3.00000000000000000","27.0000000000000000","-5.7999999999999998e+00","25.9469043696299195290","25.9469043696299195290"
"2016-01-18 20:10:00"," 430","10","20.133333333333301","41.899999999999999","18.926666666666701","42.796666666666702","19.760000000000002","40.996666666666698","18.260000000000002","38.430000000000000","18.300000000000001","72.745000000000005","-3.029999999999999805","89.6744444444444042","18.377142857142900","34.125714285714302","20.185714285714301","43.277142857142898","17.066666666666698","40.100000000000001","-2.5833333333333299e+00","756.88333333333298"," 78.833333333333300"," 2.83333333333332993","26.5000000000000000","-5.7500000000000000e+00","13.6342651676386594772","13.6342651676386594772"
"2016-01-18 20:20:00"," 630","10","20.199999999999999","41.693333333333300","19.066666666666698","42.530000000000001","20.066666666666698","42.733333333333299","18.199999999999999","38.222499999999997","19.623333333333299","84.966666666666697","-3.060000000000000053","89.9105555555556037","18.289999999999999","33.490000000000002","20.133333333333301","42.930000000000000","17.066666666666698","39.863333333333301","-2.6666666666666701e+00","756.86666666666702"," 79.666666666666700"," 2.66666666666667007","26.0000000000000000","-5.7000000000000002e+00","17.1601567883044481277","17.1601567883044481277"
"2016-01-18 20:30:00"," 600","10","20.289999999999999","41.363333333333301","19.199999999999999","41.923333333333296","20.326666666666700","43.799999999999997","18.399999999999999","38.733333333333299","19.023333333333301","86.566666666666706","-3.060000000000000053","90.0461111111111023","18.289999999999999","33.156666666666702","20.133333333333301","43.200000000000003","17.000000000000000","39.390000000000001","-2.7500000000000000e+00","756.85000000000002"," 80.500000000000000"," 2.50000000000000000","25.5000000000000000","-5.6500000000000004e+00","35.2537670056335628033","35.2537670056335628033"
"2016-01-18 20:40:00"," 470","20","20.364999999999998","40.892499999999998","19.260000000000002","41.390000000000001","20.566666666666698","44.390000000000001","19.023333333333301","38.966666666666697","18.574999999999999","86.875000000000000","-3.127777777777779988","89.4549999999999983","18.260000000000002","32.796666666666702","20.199999999999999","43.079999999999998","17.000000000000000","38.899999999999999","-2.8333333333333299e+00","756.83333333333303"," 81.333333333333300"," 2.33333333333332993","25.0000000000000000","-5.5999999999999996e+00","29.5767650590278208256","29.5767650590278208256"
"2016-01-18 20:50:00"," 740","10","20.463333333333299","40.766666666666701","19.390000000000001","41.060000000000002","20.760000000000002","46.056666666666700","19.496666666666702","38.693333333333300","18.426666666666701","86.464444444444496","-3.209999999999999964","89.2366666666666930","18.199999999999999","32.422857142857097","20.225714285714300","42.729285714285702","16.926666666666701","38.366666666666703","-2.9166666666666701e+00","756.81666666666695"," 82.166666666666700"," 2.16666666666667007","24.5000000000000000","-5.5499999999999998e+00","23.4689518809318542480","23.4689518809318542480"
"2016-01-18 21:00:00"," 600"," 0","20.500000000000000","40.700000000000003","19.463333333333299","40.933333333333302","20.789999999999999","46.833333333333300","20.129999999999999","38.100000000000001","18.309999999999999","85.453999999999994","-3.321666666666669876","88.7450000000000045","18.199999999999999","32.222857142857102","20.199999999999999","42.590000000000003","16.890000000000001","38.090000000000003","-3.0000000000000000e+00","756.79999999999995"," 83.000000000000000"," 2.00000000000000000","24.0000000000000000","-5.5000000000000000e+00","16.8188302777707576752","16.8188302777707576752"
"2016-01-18 21:10:00"," 560","10","20.566666666666698","40.626666666666701","19.500000000000000","40.633333333333297","20.930000000000000","46.626666666666701","20.596666666666700","37.693333333333300","18.289999999999999","84.266666666666694","-3.456666666666670107","87.9050000000000011","18.199999999999999","31.963333333333299","20.329999999999998","42.579999999999998","16.890000000000001","37.869999999999997","-3.1666666666666701e+00","756.76666666666699"," 83.500000000000000"," 2.00000000000000000","23.3333333333333002","-5.5999999999999996e+00","48.3918714337050914764","48.3918714337050914764"
"2016-01-18 21:20:00"," 440","20","20.600000000000001","40.399999999999999","19.566666666666698","40.433333333333302","21.133333333333301","46.123333333333299","21.096666666666700","37.363333333333301","18.230000000000000","83.326666666666696","-3.672222222222219834","86.8094444444443951","18.133333333333301","31.823333333333299","20.390000000000001","42.133333333333297","16.823333333333299","37.390000000000001","-3.3333333333333299e+00","756.73333333333301"," 84.000000000000000"," 2.00000000000000000","22.6666666666666998","-5.7000000000000002e+00","32.2920941864140331745","32.2920941864140331745"
"2016-01-18 21:30:00"," 280","10","20.666666666666700","40.266666666666701","19.600000000000001","40.026666666666699","21.260000000000002","45.396666666666697","21.496666666666702","37.096666666666700","18.166666666666700","82.290000000000006","-3.897222222222219923","85.8738888888888994","18.100000000000001","31.633333333333301","20.323333333333299","42.133333333333297","16.856666666666701","37.100000000000001","-3.5000000000000000e+00","756.70000000000005"," 84.500000000000000"," 2.00000000000000000","22.0000000000000000","-5.7999999999999998e+00"," 9.8150584613904356956"," 9.8150584613904356956"
"2016-01-18 21:40:00"," 110","20","20.730000000000000","39.633333333333297","19.672727272727300","39.638181818181799","21.133333333333301","44.130000000000003","21.789999999999999","37.090000000000003","18.054545454545501","80.153636363636394","-4.014999999999999680","86.0055555555556026","18.100000000000001","31.393333333333299","20.340000000000000","42.028333333333300","16.789999999999999","36.766666666666701","-3.6666666666666701e+00","756.66666666666697"," 85.000000000000000"," 2.00000000000000000","21.3333333333333002","-5.9000000000000004e+00","17.8590192575938999653","17.8590192575938999653"
"2016-01-18 21:50:00","  80","10","20.789999999999999","39.359999999999999","19.699999999999999","39.196666666666701","20.926666666666701","43.329999999999998","21.730000000000000","36.829999999999998","18.000000000000000","78.319166666666703","-4.070000000000000284","86.2572222222221967","18.011111111111099","31.165555555555599","20.289999999999999","41.826666666666704","16.823333333333299","37.133333333333297","-3.8333333333333299e+00","756.63333333333298"," 85.500000000000000"," 2.00000000000000000","20.6666666666666998","-6.0000000000000000e+00","25.6509041064418852329","25.6509041064418852329"
"2016-01-18 22:00:00","  70","20","20.760000000000002","38.796666666666702","19.699999999999999","38.633333333333297","20.789999999999999","42.563333333333297","21.430000000000000","36.633333333333297","17.890000000000001","75.433333333333294","-4.193888888888889888","85.6222222222222058","18.000000000000000","31.033333333333299","20.289999999999999","41.826666666666704","16.890000000000001","38.333333333333300","-4.0000000000000000e+00","756.60000000000002"," 86.000000000000000"," 2.00000000000000000","20.0000000000000000","-6.0999999999999996e+00","44.1498370259068906307","44.1498370259068906307"
"2016-01-18 22:10:00","  50","10","20.760000000000002","38.463333333333303","19.699999999999999","38.361666666666700","20.730000000000000","42.030000000000001","21.230000000000000","36.359999999999999","17.890000000000001","73.226666666666702","-4.400000000000000355","84.6122222222222007","18.000000000000000","30.890000000000001","20.289999999999999","41.899999999999999","17.000000000000000","39.096666666666700","-4.1500000000000004e+00","756.60000000000002"," 86.333333333333300"," 1.83333333333332993","27.3333333333333002","-6.1833333333333300e+00"," 7.6333782635629177094"," 7.6333782635629177094"
"2016-01-18 22:20:00","  50","10","20.760000000000002","38.289999999999999","19.699999999999999","38.229999999999997","20.600000000000001","41.700000000000003","21.066666666666698","36.626666666666701","17.850000000000001","71.174000000000007","-4.546666666666670409","84.2544444444444025","18.000000000000000","31.309999999999999","20.199999999999999","42.030000000000001","17.066666666666698","39.430000000000000","-4.2999999999999998e+00","756.60000000000002"," 86.666666666666700"," 1.66666666666667007","34.6666666666666998","-6.2666666666666702e+00","11.5230798721313476562","11.5230798721313476562"
"2016-01-18 22:30:00","  60","20","20.699999999999999","38.289999999999999","19.699999999999999","38.359999999999999","20.524999999999999","41.649999999999999","20.926666666666701","36.833333333333300","17.774999999999999","69.194999999999993","-4.879444444444439810","82.5377777777778050","18.000000000000000","31.930000000000000","20.199999999999999","42.240000000000002","17.000000000000000","39.399999999999999","-4.4500000000000002e+00","756.60000000000002"," 87.000000000000000"," 1.50000000000000000","42.0000000000000000","-6.3499999999999996e+00"," 8.1494289217516779900"," 8.1494289217516779900"
"2016-01-18 22:40:00","  60","10","20.699999999999999","38.326666666666704","19.699999999999999","38.560000000000002","20.500000000000000","41.500000000000000","20.856666666666701","37.090000000000003","17.730000000000000","68.500000000000000","-5.216111111111110255","81.6327777777778039","18.000000000000000","32.250000000000000","20.199999999999999","42.558000000000000","17.000000000000000","39.399999999999999","-4.5999999999999996e+00","756.60000000000002"," 87.333333333333300"," 1.33333333333332993","49.3333333333333002","-6.4333333333333300e+00","30.7173429522663354874","30.7173429522663354874"
"2016-01-18 22:50:00","  50","10","20.699999999999999","38.466666666666697","19.699999999999999","38.729999999999997","20.390000000000001","41.363333333333301","20.730000000000000","37.163333333333298","17.699999999999999","67.766666666666694","-5.250555555555560083","82.8511111111110949","18.000000000000000","32.526666666666699","20.199999999999999","42.930000000000000","17.000000000000000","39.399999999999999","-4.7500000000000000e+00","756.60000000000002"," 87.666666666666700"," 1.16666666666667007","56.6666666666666998","-6.5166666666666702e+00","25.0818221946246922016","25.0818221946246922016"
"2016-01-18 23:00:00","  60","20","20.666666666666700","38.590000000000003","19.625000000000000","38.817500000000003","20.323333333333299","41.229999999999997","20.666666666666700","37.433333333333302","17.699999999999999","67.366666666666703","-5.063888888888889994","84.4333333333332945","18.000000000000000","32.729999999999997","20.199999999999999","43.126666666666701","17.000000000000000","39.326666666666704","-4.9000000000000004e+00","756.60000000000002"," 88.000000000000000"," 1.00000000000000000","64.0000000000000000","-6.5999999999999996e+00"," 9.4059444032609462738"," 9.4059444032609462738"
"2016-01-18 23:10:00","  50","10","20.600000000000001","38.663333333333298","19.533333333333299","38.966666666666697","20.289999999999999","41.026666666666699","20.600000000000001","37.560000000000002","17.699999999999999","66.993333333333297","-5.348888888888890136","82.9338888888889016","18.000000000000000","32.863333333333301","20.199999999999999","43.333333333333300","17.000000000000000","39.259999999999998","-4.8333333333333304e+00","756.60000000000002"," 87.833333333333300"," 1.00000000000000000","64.1666666666666998","-6.5499999999999998e+00","20.3857426298782229424","20.3857426298782229424"
"2016-01-18 23:20:00","  50","10","20.600000000000001","38.789999999999999","19.463333333333299","39.030000000000001","20.230000000000000","40.826666666666704","20.566666666666698","37.729999999999997","17.633333333333301","66.599999999999994","-5.549444444444439739","82.4416666666667055","18.000000000000000","33.090000000000003","20.199999999999999","43.530000000000001","16.926666666666701","39.200000000000003","-4.7666666666666702e+00","756.60000000000002"," 87.666666666666700"," 1.00000000000000000","64.3333333333333002","-6.5000000000000000e+00","29.1194023448042571545","29.1194023448042571545"
"2016-01-18 23:30:00","  40","20","20.533333333333299","38.863333333333301","19.390000000000001","39.090000000000003","20.199999999999999","40.700000000000003","20.500000000000000","37.863333333333301","17.600000000000001","66.182857142857102","-5.674444444444450397","82.6655555555555992","18.000000000000000","33.205555555555598","20.149999999999999","43.590000000000003","16.890000000000001","39.090000000000003","-4.7000000000000002e+00","756.60000000000002"," 87.500000000000000"," 1.00000000000000000","64.5000000000000000","-6.4500000000000002e+00","15.4464532504789531231","15.4464532504789531231"
"2016-01-18 23:40:00","  30","10","20.500000000000000","38.933333333333302","19.356666666666701","39.156666666666702","20.133333333333301","40.626666666666701","20.390000000000001","38.000000000000000","17.600000000000001","65.813124999999999","-5.799444444444439739","82.7127777777778022","18.000000000000000","33.367647058823501","20.100000000000001","43.759999999999998","16.890000000000001","39.090000000000003","-4.6333333333333302e+00","756.60000000000002"," 87.333333333333300"," 1.00000000000000000","64.6666666666666998","-6.4000000000000004e+00","24.0482820081524550915","24.0482820081524550915"
"2016-01-18 23:50:00","  40","10","20.500000000000000","39.060000000000002","19.289999999999999","39.289999999999999","20.066666666666698","40.466666666666697","20.356666666666701","38.126666666666701","17.600000000000001","65.543571428571397","-5.872222222222220012","82.6550000000000011","18.000000000000000","33.399999999999999","20.100000000000001","43.863333333333301","16.890000000000001","39.090000000000003","-4.5666666666666700e+00","756.60000000000002"," 87.166666666666700"," 1.00000000000000000","64.8333333333333002","-6.3499999999999996e+00","46.9697396154515445232","46.9697396154515445232"
