.................................................................... [  1%]
........................................................................ [  3%]
........................................................................ [  4%]
........................................................................ [  6%]
....................F..............F...................................F [  7%]
........................................................................ [  9%]
........................................................................ [ 11%]
........................................................................ [ 12%]
.........................................................EEEEEEEEEEEEEEE [ 14%]
EEEEEEE.EEEEEEEEEEEEEEEEE.........................FFFFFFFFFFFFF [ 15%]
FFFFFFFFFFFFFFFFFF....FFF.FFFFF........F....................EEEE.....FF. [ 17%]
.....
==================================== ERRORS ====================================
_ ERROR at setup of test_prepare_preserves_audited_inputs_without_creating_a_ledger _

repo = PosixPath('/home/stev/.codex/worktrees/publish-main/SpecOrganon')
directory = PosixPath('/tmp/pytest-of-stev/pytest-295/test_prepare_preserves_audited0/trial')
claims_path = None, table_path = None

    def prepare(repo: Path, directory: Path, claims_path: Path | None = None,
                table_path: Path | None = None) -> dict:
        directory = directory.absolute()
        if directory.exists():
            raise RecipeError("recipe destination must be new")
        directory.mkdir(parents=True)
        case = directory / "case"
        case.mkdir()
        (directory / "public_keys.json").write_bytes(_render({"schema": 2, "cases": {}}))
        source = repo / "cases/bread_norway"
        files = {
            "source_claims.json": claims_path or repo / "cases/bread_development/source_claims.json",
            "survey_table1.json": table_path or source / "survey_table1.json",
            "source_lca.pdf": source / "source_lca.pdf", "source_survey.pdf": source / "source_survey.pdf",
            "audit_contract.json": auditor.CONTRACT,
        }
        for name, path in files.items():
            (case / name).write_bytes(_raw(path))
        try:
>           report = auditor.audit_bread_sources(case / "source_claims.json", case / "survey_table1.json", case)
                     ^^^^^^^^^^^^^^^^^^^^^^^^^^^^^^^^^^^^^^^^^^^^^^^^^^^^^^^^^^^^^^^^^^^^^^^^^^^^^^^^^^^^^^^^^^^

scripts/run_audited_bread_recipe.py:179: 
_ _ _ _ _ _ _ _ _ _ _ _ _ _ _ _ _ _ _ _ _ _ _ _ _ _ _ _ _ _ _ _ _ _ _ _ _ _ _ _ 
scripts/audit_bread_sources.py:143: in audit_bread_sources
    name: read_pdf_pages(pdf_root / identity["visible_file"],
src/specorganon/source_passages.py:147: in read_pdf_pages
    with _sealed_extractor(extractor) as (executable, fd), tempfile.TemporaryDirectory(
         ^^^^^^^^^^^^^^^^^^^^^^^^^^^^
/home/stev/.local/share/uv/python/cpython-3.13.14-linux-x86_64-gnu/lib/python3.13/contextlib.py:141: in __enter__
    return next(self.gen)
           ^^^^^^^^^^^^^^
_ _ _ _ _ _ _ _ _ _ _ _ _ _ _ _ _ _ _ _ _ _ _ _ _ _ _ _ _ _ _ _ _ _ _ _ _ _ _ _ 

spec = ExtractorSpec(path=PosixPath('/usr/bin/pdftotext'), sha256='0fb98ea179e19154a90202608c164f2a319b79f16576fa6534b2d601033565e7')

    @contextmanager
    def _sealed_extractor(spec: ExtractorSpec):
        """Execute the verified binary bytes, without a second path lookup."""
        if not all(hasattr(os, name) for name in ("memfd_create", "MFD_CLOEXEC", "MFD_ALLOW_SEALING")):
            raise SourceAuditError("runtime lacks sealed memfd extractor support")
        if (not spec.path.is_absolute()
                or re.fullmatch(r"[0-9a-f]{64}", spec.sha256) is None):
            raise SourceAuditError("extractor needs an absolute path and reviewed digest")
        sealed = None
        try:
            fd = os.open(spec.path, os.O_RDONLY | os.O_NOFOLLOW | os.O_NONBLOCK)
            with os.fdopen(fd, "rb") as stream:
                info = os.fstat(stream.fileno())
                if not stat.S_ISREG(info.st_mode) or not 0 < info.st_size <= 20_000_000:
                    raise SourceAuditError("extractor is not a bounded regular file")
                raw = stream.read(20_000_001)
            if hashlib.sha256(raw).hexdigest() != spec.sha256:
>               raise SourceAuditError("extractor bytes differ from reviewed digest")
E               specorganon.source_passages.SourceAuditError: extractor bytes differ from reviewed digest

src/specorganon/source_passages.py:110: SourceAuditError

The above exception was the direct cause of the following exception:

tmp_path = PosixPath('/tmp/pytest-of-stev/pytest-295/test_prepare_preserves_audited0')

    @pytest.fixture
    def prepared(tmp_path):
        directory = tmp_path / "trial"
>       result = recipe.prepare(ROOT, directory)
                 ^^^^^^^^^^^^^^^^^^^^^^^^^^^^^^^

tests/test_audited_bread_recipe.py:64: 
_ _ _ _ _ _ _ _ _ _ _ _ _ _ _ _ _ _ _ _ _ _ _ _ _ _ _ _ _ _ _ _ _ _ _ _ _ _ _ _ 

repo = PosixPath('/home/stev/.codex/worktrees/publish-main/SpecOrganon')
directory = PosixPath('/tmp/pytest-of-stev/pytest-295/test_prepare_preserves_audited0/trial')
claims_path = None, table_path = None

    def prepare(repo: Path, directory: Path, claims_path: Path | None = None,
                table_path: Path | None = None) -> dict:
        directory = directory.absolute()
        if directory.exists():
            raise RecipeError("recipe destination must be new")
        directory.mkdir(parents=True)
        case = directory / "case"
        case.mkdir()
        (directory / "public_keys.json").write_bytes(_render({"schema": 2, "cases": {}}))
        source = repo / "cases/bread_norway"
        files = {
            "source_claims.json": claims_path or repo / "cases/bread_development/source_claims.json",
            "survey_table1.json": table_path or source / "survey_table1.json",
            "source_lca.pdf": source / "source_lca.pdf", "source_survey.pdf": source / "source_survey.pdf",
            "audit_contract.json": auditor.CONTRACT,
        }
        for name, path in files.items():
            (case / name).write_bytes(_raw(path))
        try:
            report = auditor.audit_bread_sources(case / "source_claims.json", case / "survey_table1.json", case)
        except auditor.SourceAuditError as exc:
            (directory / "precondition_rejection.json").write_bytes(_render({"state": "rejected", "reason": str(exc), "ledger_created": False}))
>           raise RecipeError(f"source precondition rejected: {exc}") from exc
E           scripts.run_audited_bread_recipe.RecipeError: source precondition rejected: extractor bytes differ from reviewed digest

scripts/run_audited_bread_recipe.py:182: RecipeError
_ ERROR at setup of test_archived_input_tamper_is_rejected_before_execute[source_claims.json] _

repo = PosixPath('/home/stev/.codex/worktrees/publish-main/SpecOrganon')
directory = PosixPath('/tmp/pytest-of-stev/pytest-295/test_archived_input_tamper_is_0/trial')
claims_path = None, table_path = None

    def prepare(repo: Path, directory: Path, claims_path: Path | None = None,
                table_path: Path | None = None) -> dict:
        directory = directory.absolute()
        if directory.exists():
            raise RecipeError("recipe destination must be new")
        directory.mkdir(parents=True)
        case = directory / "case"
        case.mkdir()
        (directory / "public_keys.json").write_bytes(_render({"schema": 2, "cases": {}}))
        source = repo / "cases/bread_norway"
        files = {
            "source_claims.json": claims_path or repo / "cases/bread_development/source_claims.json",
            "survey_table1.json": table_path or source / "survey_table1.json",
            "source_lca.pdf": source / "source_lca.pdf", "source_survey.pdf": source / "source_survey.pdf",
            "audit_contract.json": auditor.CONTRACT,
        }
        for name, path in files.items():
            (case / name).write_bytes(_raw(path))
        try:
>           report = auditor.audit_bread_sources(case / "source_claims.json", case / "survey_table1.json", case)
                     ^^^^^^^^^^^^^^^^^^^^^^^^^^^^^^^^^^^^^^^^^^^^^^^^^^^^^^^^^^^^^^^^^^^^^^^^^^^^^^^^^^^^^^^^^^^

scripts/run_audited_bread_recipe.py:179: 
_ _ _ _ _ _ _ _ _ _ _ _ _ _ _ _ _ _ _ _ _ _ _ _ _ _ _ _ _ _ _ _ _ _ _ _ _ _ _ _ 
scripts/audit_bread_sources.py:143: in audit_bread_sources
    name: read_pdf_pages(pdf_root / identity["visible_file"],
src/specorganon/source_passages.py:147: in read_pdf_pages
    with _sealed_extractor(extractor) as (executable, fd), tempfile.TemporaryDirectory(
         ^^^^^^^^^^^^^^^^^^^^^^^^^^^^
/home/stev/.local/share/uv/python/cpython-3.13.14-linux-x86_64-gnu/lib/python3.13/contextlib.py:141: in __enter__
    return next(self.gen)
           ^^^^^^^^^^^^^^
_ _ _ _ _ _ _ _ _ _ _ _ _ _ _ _ _ _ _ _ _ _ _ _ _ _ _ _ _ _ _ _ _ _ _ _ _ _ _ _ 

spec = ExtractorSpec(path=PosixPath('/usr/bin/pdftotext'), sha256='0fb98ea179e19154a90202608c164f2a319b79f16576fa6534b2d601033565e7')

    @contextmanager
    def _sealed_extractor(spec: ExtractorSpec):
        """Execute the verified binary bytes, without a second path lookup."""
        if not all(hasattr(os, name) for name in ("memfd_create", "MFD_CLOEXEC", "MFD_ALLOW_SEALING")):
            raise SourceAuditError("runtime lacks sealed memfd extractor support")
        if (not spec.path.is_absolute()
                or re.fullmatch(r"[0-9a-f]{64}", spec.sha256) is None):
            raise SourceAuditError("extractor needs an absolute path and reviewed digest")
        sealed = None
        try:
            fd = os.open(spec.path, os.O_RDONLY | os.O_NOFOLLOW | os.O_NONBLOCK)
            with os.fdopen(fd, "rb") as stream:
                info = os.fstat(stream.fileno())
                if not stat.S_ISREG(info.st_mode) or not 0 < info.st_size <= 20_000_000:
                    raise SourceAuditError("extractor is not a bounded regular file")
                raw = stream.read(20_000_001)
            if hashlib.sha256(raw).hexdigest() != spec.sha256:
>               raise SourceAuditError("extractor bytes differ from reviewed digest")
E               specorganon.source_passages.SourceAuditError: extractor bytes differ from reviewed digest

src/specorganon/source_passages.py:110: SourceAuditError

The above exception was the direct cause of the following exception:

tmp_path = PosixPath('/tmp/pytest-of-stev/pytest-295/test_archived_input_tamper_is_0')

    @pytest.fixture
    def prepared(tmp_path):
        directory = tmp_path / "trial"
>       result = recipe.prepare(ROOT, directory)
                 ^^^^^^^^^^^^^^^^^^^^^^^^^^^^^^^

tests/test_audited_bread_recipe.py:64: 
_ _ _ _ _ _ _ _ _ _ _ _ _ _ _ _ _ _ _ _ _ _ _ _ _ _ _ _ _ _ _ _ _ _ _ _ _ _ _ _ 

repo = PosixPath('/home/stev/.codex/worktrees/publish-main/SpecOrganon')
directory = PosixPath('/tmp/pytest-of-stev/pytest-295/test_archived_input_tamper_is_0/trial')
claims_path = None, table_path = None

    def prepare(repo: Path, directory: Path, claims_path: Path | None = None,
                table_path: Path | None = None) -> dict:
        directory = directory.absolute()
        if directory.exists():
            raise RecipeError("recipe destination must be new")
        directory.mkdir(parents=True)
        case = directory / "case"
        case.mkdir()
        (directory / "public_keys.json").write_bytes(_render({"schema": 2, "cases": {}}))
        source = repo / "cases/bread_norway"
        files = {
            "source_claims.json": claims_path or repo / "cases/bread_development/source_claims.json",
            "survey_table1.json": table_path or source / "survey_table1.json",
            "source_lca.pdf": source / "source_lca.pdf", "source_survey.pdf": source / "source_survey.pdf",
            "audit_contract.json": auditor.CONTRACT,
        }
        for name, path in files.items():
            (case / name).write_bytes(_raw(path))
        try:
            report = auditor.audit_bread_sources(case / "source_claims.json", case / "survey_table1.json", case)
        except auditor.SourceAuditError as exc:
            (directory / "precondition_rejection.json").write_bytes(_render({"state": "rejected", "reason": str(exc), "ledger_created": False}))
>           raise RecipeError(f"source precondition rejected: {exc}") from exc
E           scripts.run_audited_bread_recipe.RecipeError: source precondition rejected: extractor bytes differ from reviewed digest

scripts/run_audited_bread_recipe.py:182: RecipeError
_ ERROR at setup of test_archived_input_tamper_is_rejected_before_execute[survey_table1.json] _

repo = PosixPath('/home/stev/.codex/worktrees/publish-main/SpecOrganon')
directory = PosixPath('/tmp/pytest-of-stev/pytest-295/test_archived_input_tamper_is_1/trial')
claims_path = None, table_path = None

    def prepare(repo: Path, directory: Path, claims_path: Path | None = None,
                table_path: Path | None = None) -> dict:
        directory = directory.absolute()
        if directory.exists():
            raise RecipeError("recipe destination must be new")
        directory.mkdir(parents=True)
        case = directory / "case"
        case.mkdir()
        (directory / "public_keys.json").write_bytes(_render({"schema": 2, "cases": {}}))
        source = repo / "cases/bread_norway"
        files = {
            "source_claims.json": claims_path or repo / "cases/bread_development/source_claims.json",
            "survey_table1.json": table_path or source / "survey_table1.json",
            "source_lca.pdf": source / "source_lca.pdf", "source_survey.pdf": source / "source_survey.pdf",
            "audit_contract.json": auditor.CONTRACT,
        }
        for name, path in files.items():
            (case / name).write_bytes(_raw(path))
        try:
>           report = auditor.audit_bread_sources(case / "source_claims.json", case / "survey_table1.json", case)
                     ^^^^^^^^^^^^^^^^^^^^^^^^^^^^^^^^^^^^^^^^^^^^^^^^^^^^^^^^^^^^^^^^^^^^^^^^^^^^^^^^^^^^^^^^^^^

scripts/run_audited_bread_recipe.py:179: 
_ _ _ _ _ _ _ _ _ _ _ _ _ _ _ _ _ _ _ _ _ _ _ _ _ _ _ _ _ _ _ _ _ _ _ _ _ _ _ _ 
scripts/audit_bread_sources.py:143: in audit_bread_sources
    name: read_pdf_pages(pdf_root / identity["visible_file"],
src/specorganon/source_passages.py:147: in read_pdf_pages
    with _sealed_extractor(extractor) as (executable, fd), tempfile.TemporaryDirectory(
         ^^^^^^^^^^^^^^^^^^^^^^^^^^^^
/home/stev/.local/share/uv/python/cpython-3.13.14-linux-x86_64-gnu/lib/python3.13/contextlib.py:141: in __enter__
    return next(self.gen)
           ^^^^^^^^^^^^^^
_ _ _ _ _ _ _ _ _ _ _ _ _ _ _ _ _ _ _ _ _ _ _ _ _ _ _ _ _ _ _ _ _ _ _ _ _ _ _ _ 

spec = ExtractorSpec(path=PosixPath('/usr/bin/pdftotext'), sha256='0fb98ea179e19154a90202608c164f2a319b79f16576fa6534b2d601033565e7')

    @contextmanager
    def _sealed_extractor(spec: ExtractorSpec):
        """Execute the verified binary bytes, without a second path lookup."""
        if not all(hasattr(os, name) for name in ("memfd_create", "MFD_CLOEXEC", "MFD_ALLOW_SEALING")):
            raise SourceAuditError("runtime lacks sealed memfd extractor support")
        if (not spec.path.is_absolute()
                or re.fullmatch(r"[0-9a-f]{64}", spec.sha256) is None):
            raise SourceAuditError("extractor needs an absolute path and reviewed digest")
        sealed = None
        try:
            fd = os.open(spec.path, os.O_RDONLY | os.O_NOFOLLOW | os.O_NONBLOCK)
            with os.fdopen(fd, "rb") as stream:
                info = os.fstat(stream.fileno())
                if not stat.S_ISREG(info.st_mode) or not 0 < info.st_size <= 20_000_000:
                    raise SourceAuditError("extractor is not a bounded regular file")
                raw = stream.read(20_000_001)
            if hashlib.sha256(raw).hexdigest() != spec.sha256:
>               raise SourceAuditError("extractor bytes differ from reviewed digest")
E               specorganon.source_passages.SourceAuditError: extractor bytes differ from reviewed digest

src/specorganon/source_passages.py:110: SourceAuditError

The above exception was the direct cause of the following exception:

tmp_path = PosixPath('/tmp/pytest-of-stev/pytest-295/test_archived_input_tamper_is_1')

    @pytest.fixture
    def prepared(tmp_path):
        directory = tmp_path / "trial"
>       result = recipe.prepare(ROOT, directory)
                 ^^^^^^^^^^^^^^^^^^^^^^^^^^^^^^^

tests/test_audited_bread_recipe.py:64: 
_ _ _ _ _ _ _ _ _ _ _ _ _ _ _ _ _ _ _ _ _ _ _ _ _ _ _ _ _ _ _ _ _ _ _ _ _ _ _ _ 

repo = PosixPath('/home/stev/.codex/worktrees/publish-main/SpecOrganon')
directory = PosixPath('/tmp/pytest-of-stev/pytest-295/test_archived_input_tamper_is_1/trial')
claims_path = None, table_path = None

    def prepare(repo: Path, directory: Path, claims_path: Path | None = None,
                table_path: Path | None = None) -> dict:
        directory = directory.absolute()
        if directory.exists():
            raise RecipeError("recipe destination must be new")
        directory.mkdir(parents=True)
        case = directory / "case"
        case.mkdir()
        (directory / "public_keys.json").write_bytes(_render({"schema": 2, "cases": {}}))
        source = repo / "cases/bread_norway"
        files = {
            "source_claims.json": claims_path or repo / "cases/bread_development/source_claims.json",
            "survey_table1.json": table_path or source / "survey_table1.json",
            "source_lca.pdf": source / "source_lca.pdf", "source_survey.pdf": source / "source_survey.pdf",
            "audit_contract.json": auditor.CONTRACT,
        }
        for name, path in files.items():
            (case / name).write_bytes(_raw(path))
        try:
            report = auditor.audit_bread_sources(case / "source_claims.json", case / "survey_table1.json", case)
        except auditor.SourceAuditError as exc:
            (directory / "precondition_rejection.json").write_bytes(_render({"state": "rejected", "reason": str(exc), "ledger_created": False}))
>           raise RecipeError(f"source precondition rejected: {exc}") from exc
E           scripts.run_audited_bread_recipe.RecipeError: source precondition rejected: extractor bytes differ from reviewed digest

scripts/run_audited_bread_recipe.py:182: RecipeError
_ ERROR at setup of test_archived_input_tamper_is_rejected_before_execute[source_lca.pdf] _

repo = PosixPath('/home/stev/.codex/worktrees/publish-main/SpecOrganon')
directory = PosixPath('/tmp/pytest-of-stev/pytest-295/test_archived_input_tamper_is_2/trial')
claims_path = None, table_path = None

    def prepare(repo: Path, directory: Path, claims_path: Path | None = None,
                table_path: Path | None = None) -> dict:
        directory = directory.absolute()
        if directory.exists():
            raise RecipeError("recipe destination must be new")
        directory.mkdir(parents=True)
        case = directory / "case"
        case.mkdir()
        (directory / "public_keys.json").write_bytes(_render({"schema": 2, "cases": {}}))
        source = repo / "cases/bread_norway"
        files = {
            "source_claims.json": claims_path or repo / "cases/bread_development/source_claims.json",
            "survey_table1.json": table_path or source / "survey_table1.json",
            "source_lca.pdf": source / "source_lca.pdf", "source_survey.pdf": source / "source_survey.pdf",
            "audit_contract.json": auditor.CONTRACT,
        }
        for name, path in files.items():
            (case / name).write_bytes(_raw(path))
        try:
>           report = auditor.audit_bread_sources(case / "source_claims.json", case / "survey_table1.json", case)
                     ^^^^^^^^^^^^^^^^^^^^^^^^^^^^^^^^^^^^^^^^^^^^^^^^^^^^^^^^^^^^^^^^^^^^^^^^^^^^^^^^^^^^^^^^^^^

scripts/run_audited_bread_recipe.py:179: 
_ _ _ _ _ _ _ _ _ _ _ _ _ _ _ _ _ _ _ _ _ _ _ _ _ _ _ _ _ _ _ _ _ _ _ _ _ _ _ _ 
scripts/audit_bread_sources.py:143: in audit_bread_sources
    name: read_pdf_pages(pdf_root / identity["visible_file"],
src/specorganon/source_passages.py:147: in read_pdf_pages
    with _sealed_extractor(extractor) as (executable, fd), tempfile.TemporaryDirectory(
         ^^^^^^^^^^^^^^^^^^^^^^^^^^^^
/home/stev/.local/share/uv/python/cpython-3.13.14-linux-x86_64-gnu/lib/python3.13/contextlib.py:141: in __enter__
    return next(self.gen)
           ^^^^^^^^^^^^^^
_ _ _ _ _ _ _ _ _ _ _ _ _ _ _ _ _ _ _ _ _ _ _ _ _ _ _ _ _ _ _ _ _ _ _ _ _ _ _ _ 

spec = ExtractorSpec(path=PosixPath('/usr/bin/pdftotext'), sha256='0fb98ea179e19154a90202608c164f2a319b79f16576fa6534b2d601033565e7')

    @contextmanager
    def _sealed_extractor(spec: ExtractorSpec):
        """Execute the verified binary bytes, without a second path lookup."""
        if not all(hasattr(os, name) for name in ("memfd_create", "MFD_CLOEXEC", "MFD_ALLOW_SEALING")):
            raise SourceAuditError("runtime lacks sealed memfd extractor support")
        if (not spec.path.is_absolute()
                or re.fullmatch(r"[0-9a-f]{64}", spec.sha256) is None):
            raise SourceAuditError("extractor needs an absolute path and reviewed digest")
        sealed = None
        try:
            fd = os.open(spec.path, os.O_RDONLY | os.O_NOFOLLOW | os.O_NONBLOCK)
            with os.fdopen(fd, "rb") as stream:
                info = os.fstat(stream.fileno())
                if not stat.S_ISREG(info.st_mode) or not 0 < info.st_size <= 20_000_000:
                    raise SourceAuditError("extractor is not a bounded regular file")
                raw = stream.read(20_000_001)
            if hashlib.sha256(raw).hexdigest() != spec.sha256:
>               raise SourceAuditError("extractor bytes differ from reviewed digest")
E               specorganon.source_passages.SourceAuditError: extractor bytes differ from reviewed digest

src/specorganon/source_passages.py:110: SourceAuditError

The above exception was the direct cause of the following exception:

tmp_path = PosixPath('/tmp/pytest-of-stev/pytest-295/test_archived_input_tamper_is_2')

    @pytest.fixture
    def prepared(tmp_path):
        directory = tmp_path / "trial"
>       result = recipe.prepare(ROOT, directory)
                 ^^^^^^^^^^^^^^^^^^^^^^^^^^^^^^^

tests/test_audited_bread_recipe.py:64: 
_ _ _ _ _ _ _ _ _ _ _ _ _ _ _ _ _ _ _ _ _ _ _ _ _ _ _ _ _ _ _ _ _ _ _ _ _ _ _ _ 

repo = PosixPath('/home/stev/.codex/worktrees/publish-main/SpecOrganon')
directory = PosixPath('/tmp/pytest-of-stev/pytest-295/test_archived_input_tamper_is_2/trial')
claims_path = None, table_path = None

    def prepare(repo: Path, directory: Path, claims_path: Path | None = None,
                table_path: Path | None = None) -> dict:
        directory = directory.absolute()
        if directory.exists():
            raise RecipeError("recipe destination must be new")
        directory.mkdir(parents=True)
        case = directory / "case"
        case.mkdir()
        (directory / "public_keys.json").write_bytes(_render({"schema": 2, "cases": {}}))
        source = repo / "cases/bread_norway"
        files = {
            "source_claims.json": claims_path or repo / "cases/bread_development/source_claims.json",
            "survey_table1.json": table_path or source / "survey_table1.json",
            "source_lca.pdf": source / "source_lca.pdf", "source_survey.pdf": source / "source_survey.pdf",
            "audit_contract.json": auditor.CONTRACT,
        }
        for name, path in files.items():
            (case / name).write_bytes(_raw(path))
        try:
            report = auditor.audit_bread_sources(case / "source_claims.json", case / "survey_table1.json", case)
        except auditor.SourceAuditError as exc:
            (directory / "precondition_rejection.json").write_bytes(_render({"state": "rejected", "reason": str(exc), "ledger_created": False}))
>           raise RecipeError(f"source precondition rejected: {exc}") from exc
E           scripts.run_audited_bread_recipe.RecipeError: source precondition rejected: extractor bytes differ from reviewed digest

scripts/run_audited_bread_recipe.py:182: RecipeError
_ ERROR at setup of test_archived_input_tamper_is_rejected_before_execute[source_survey.pdf] _

repo = PosixPath('/home/stev/.codex/worktrees/publish-main/SpecOrganon')
directory = PosixPath('/tmp/pytest-of-stev/pytest-295/test_archived_input_tamper_is_3/trial')
claims_path = None, table_path = None

    def prepare(repo: Path, directory: Path, claims_path: Path | None = None,
                table_path: Path | None = None) -> dict:
        directory = directory.absolute()
        if directory.exists():
            raise RecipeError("recipe destination must be new")
        directory.mkdir(parents=True)
        case = directory / "case"
        case.mkdir()
        (directory / "public_keys.json").write_bytes(_render({"schema": 2, "cases": {}}))
        source = repo / "cases/bread_norway"
        files = {
            "source_claims.json": claims_path or repo / "cases/bread_development/source_claims.json",
            "survey_table1.json": table_path or source / "survey_table1.json",
            "source_lca.pdf": source / "source_lca.pdf", "source_survey.pdf": source / "source_survey.pdf",
            "audit_contract.json": auditor.CONTRACT,
        }
        for name, path in files.items():
            (case / name).write_bytes(_raw(path))
        try:
>           report = auditor.audit_bread_sources(case / "source_claims.json", case / "survey_table1.json", case)
                     ^^^^^^^^^^^^^^^^^^^^^^^^^^^^^^^^^^^^^^^^^^^^^^^^^^^^^^^^^^^^^^^^^^^^^^^^^^^^^^^^^^^^^^^^^^^

scripts/run_audited_bread_recipe.py:179: 
_ _ _ _ _ _ _ _ _ _ _ _ _ _ _ _ _ _ _ _ _ _ _ _ _ _ _ _ _ _ _ _ _ _ _ _ _ _ _ _ 
scripts/audit_bread_sources.py:143: in audit_bread_sources
    name: read_pdf_pages(pdf_root / identity["visible_file"],
src/specorganon/source_passages.py:147: in read_pdf_pages
    with _sealed_extractor(extractor) as (executable, fd), tempfile.TemporaryDirectory(
         ^^^^^^^^^^^^^^^^^^^^^^^^^^^^
/home/stev/.local/share/uv/python/cpython-3.13.14-linux-x86_64-gnu/lib/python3.13/contextlib.py:141: in __enter__
    return next(self.gen)
           ^^^^^^^^^^^^^^
_ _ _ _ _ _ _ _ _ _ _ _ _ _ _ _ _ _ _ _ _ _ _ _ _ _ _ _ _ _ _ _ _ _ _ _ _ _ _ _ 

spec = ExtractorSpec(path=PosixPath('/usr/bin/pdftotext'), sha256='0fb98ea179e19154a90202608c164f2a319b79f16576fa6534b2d601033565e7')

    @contextmanager
    def _sealed_extractor(spec: ExtractorSpec):
        """Execute the verified binary bytes, without a second path lookup."""
        if not all(hasattr(os, name) for name in ("memfd_create", "MFD_CLOEXEC", "MFD_ALLOW_SEALING")):
            raise SourceAuditError("runtime lacks sealed memfd extractor support")
        if (not spec.path.is_absolute()
                or re.fullmatch(r"[0-9a-f]{64}", spec.sha256) is None):
            raise SourceAuditError("extractor needs an absolute path and reviewed digest")
        sealed = None
        try:
            fd = os.open(spec.path, os.O_RDONLY | os.O_NOFOLLOW | os.O_NONBLOCK)
            with os.fdopen(fd, "rb") as stream:
                info = os.fstat(stream.fileno())
                if not stat.S_ISREG(info.st_mode) or not 0 < info.st_size <= 20_000_000:
                    raise SourceAuditError("extractor is not a bounded regular file")
                raw = stream.read(20_000_001)
            if hashlib.sha256(raw).hexdigest() != spec.sha256:
>               raise SourceAuditError("extractor bytes differ from reviewed digest")
E               specorganon.source_passages.SourceAuditError: extractor bytes differ from reviewed digest

src/specorganon/source_passages.py:110: SourceAuditError

The above exception was the direct cause of the following exception:

tmp_path = PosixPath('/tmp/pytest-of-stev/pytest-295/test_archived_input_tamper_is_3')

    @pytest.fixture
    def prepared(tmp_path):
        directory = tmp_path / "trial"
>       result = recipe.prepare(ROOT, directory)
                 ^^^^^^^^^^^^^^^^^^^^^^^^^^^^^^^

tests/test_audited_bread_recipe.py:64: 
_ _ _ _ _ _ _ _ _ _ _ _ _ _ _ _ _ _ _ _ _ _ _ _ _ _ _ _ _ _ _ _ _ _ _ _ _ _ _ _ 

repo = PosixPath('/home/stev/.codex/worktrees/publish-main/SpecOrganon')
directory = PosixPath('/tmp/pytest-of-stev/pytest-295/test_archived_input_tamper_is_3/trial')
claims_path = None, table_path = None

    def prepare(repo: Path, directory: Path, claims_path: Path | None = None,
                table_path: Path | None = None) -> dict:
        directory = directory.absolute()
        if directory.exists():
            raise RecipeError("recipe destination must be new")
        directory.mkdir(parents=True)
        case = directory / "case"
        case.mkdir()
        (directory / "public_keys.json").write_bytes(_render({"schema": 2, "cases": {}}))
        source = repo / "cases/bread_norway"
        files = {
            "source_claims.json": claims_path or repo / "cases/bread_development/source_claims.json",
            "survey_table1.json": table_path or source / "survey_table1.json",
            "source_lca.pdf": source / "source_lca.pdf", "source_survey.pdf": source / "source_survey.pdf",
            "audit_contract.json": auditor.CONTRACT,
        }
        for name, path in files.items():
            (case / name).write_bytes(_raw(path))
        try:
            report = auditor.audit_bread_sources(case / "source_claims.json", case / "survey_table1.json", case)
        except auditor.SourceAuditError as exc:
            (directory / "precondition_rejection.json").write_bytes(_render({"state": "rejected", "reason": str(exc), "ledger_created": False}))
>           raise RecipeError(f"source precondition rejected: {exc}") from exc
E           scripts.run_audited_bread_recipe.RecipeError: source precondition rejected: extractor bytes differ from reviewed digest

scripts/run_audited_bread_recipe.py:182: RecipeError
_ ERROR at setup of test_archived_input_tamper_is_rejected_before_execute[audit_contract.json] _

repo = PosixPath('/home/stev/.codex/worktrees/publish-main/SpecOrganon')
directory = PosixPath('/tmp/pytest-of-stev/pytest-295/test_archived_input_tamper_is_4/trial')
claims_path = None, table_path = None

    def prepare(repo: Path, directory: Path, claims_path: Path | None = None,
                table_path: Path | None = None) -> dict:
        directory = directory.absolute()
        if directory.exists():
            raise RecipeError("recipe destination must be new")
        directory.mkdir(parents=True)
        case = directory / "case"
        case.mkdir()
        (directory / "public_keys.json").write_bytes(_render({"schema": 2, "cases": {}}))
        source = repo / "cases/bread_norway"
        files = {
            "source_claims.json": claims_path or repo / "cases/bread_development/source_claims.json",
            "survey_table1.json": table_path or source / "survey_table1.json",
            "source_lca.pdf": source / "source_lca.pdf", "source_survey.pdf": source / "source_survey.pdf",
            "audit_contract.json": auditor.CONTRACT,
        }
        for name, path in files.items():
            (case / name).write_bytes(_raw(path))
        try:
>           report = auditor.audit_bread_sources(case / "source_claims.json", case / "survey_table1.json", case)
                     ^^^^^^^^^^^^^^^^^^^^^^^^^^^^^^^^^^^^^^^^^^^^^^^^^^^^^^^^^^^^^^^^^^^^^^^^^^^^^^^^^^^^^^^^^^^

scripts/run_audited_bread_recipe.py:179: 
_ _ _ _ _ _ _ _ _ _ _ _ _ _ _ _ _ _ _ _ _ _ _ _ _ _ _ _ _ _ _ _ _ _ _ _ _ _ _ _ 
scripts/audit_bread_sources.py:143: in audit_bread_sources
    name: read_pdf_pages(pdf_root / identity["visible_file"],
src/specorganon/source_passages.py:147: in read_pdf_pages
    with _sealed_extractor(extractor) as (executable, fd), tempfile.TemporaryDirectory(
         ^^^^^^^^^^^^^^^^^^^^^^^^^^^^
/home/stev/.local/share/uv/python/cpython-3.13.14-linux-x86_64-gnu/lib/python3.13/contextlib.py:141: in __enter__
    return next(self.gen)
           ^^^^^^^^^^^^^^
_ _ _ _ _ _ _ _ _ _ _ _ _ _ _ _ _ _ _ _ _ _ _ _ _ _ _ _ _ _ _ _ _ _ _ _ _ _ _ _ 

spec = ExtractorSpec(path=PosixPath('/usr/bin/pdftotext'), sha256='0fb98ea179e19154a90202608c164f2a319b79f16576fa6534b2d601033565e7')

    @contextmanager
    def _sealed_extractor(spec: ExtractorSpec):
        """Execute the verified binary bytes, without a second path lookup."""
        if not all(hasattr(os, name) for name in ("memfd_create", "MFD_CLOEXEC", "MFD_ALLOW_SEALING")):
            raise SourceAuditError("runtime lacks sealed memfd extractor support")
        if (not spec.path.is_absolute()
                or re.fullmatch(r"[0-9a-f]{64}", spec.sha256) is None):
            raise SourceAuditError("extractor needs an absolute path and reviewed digest")
        sealed = None
        try:
            fd = os.open(spec.path, os.O_RDONLY | os.O_NOFOLLOW | os.O_NONBLOCK)
            with os.fdopen(fd, "rb") as stream:
                info = os.fstat(stream.fileno())
                if not stat.S_ISREG(info.st_mode) or not 0 < info.st_size <= 20_000_000:
                    raise SourceAuditError("extractor is not a bounded regular file")
                raw = stream.read(20_000_001)
            if hashlib.sha256(raw).hexdigest() != spec.sha256:
>               raise SourceAuditError("extractor bytes differ from reviewed digest")
E               specorganon.source_passages.SourceAuditError: extractor bytes differ from reviewed digest

src/specorganon/source_passages.py:110: SourceAuditError

The above exception was the direct cause of the following exception:

tmp_path = PosixPath('/tmp/pytest-of-stev/pytest-295/test_archived_input_tamper_is_4')

    @pytest.fixture
    def prepared(tmp_path):
        directory = tmp_path / "trial"
>       result = recipe.prepare(ROOT, directory)
                 ^^^^^^^^^^^^^^^^^^^^^^^^^^^^^^^

tests/test_audited_bread_recipe.py:64: 
_ _ _ _ _ _ _ _ _ _ _ _ _ _ _ _ _ _ _ _ _ _ _ _ _ _ _ _ _ _ _ _ _ _ _ _ _ _ _ _ 

repo = PosixPath('/home/stev/.codex/worktrees/publish-main/SpecOrganon')
directory = PosixPath('/tmp/pytest-of-stev/pytest-295/test_archived_input_tamper_is_4/trial')
claims_path = None, table_path = None

    def prepare(repo: Path, directory: Path, claims_path: Path | None = None,
                table_path: Path | None = None) -> dict:
        directory = directory.absolute()
        if directory.exists():
            raise RecipeError("recipe destination must be new")
        directory.mkdir(parents=True)
        case = directory / "case"
        case.mkdir()
        (directory / "public_keys.json").write_bytes(_render({"schema": 2, "cases": {}}))
        source = repo / "cases/bread_norway"
        files = {
            "source_claims.json": claims_path or repo / "cases/bread_development/source_claims.json",
            "survey_table1.json": table_path or source / "survey_table1.json",
            "source_lca.pdf": source / "source_lca.pdf", "source_survey.pdf": source / "source_survey.pdf",
            "audit_contract.json": auditor.CONTRACT,
        }
        for name, path in files.items():
            (case / name).write_bytes(_raw(path))
        try:
            report = auditor.audit_bread_sources(case / "source_claims.json", case / "survey_table1.json", case)
        except auditor.SourceAuditError as exc:
            (directory / "precondition_rejection.json").write_bytes(_render({"state": "rejected", "reason": str(exc), "ledger_created": False}))
>           raise RecipeError(f"source precondition rejected: {exc}") from exc
E           scripts.run_audited_bread_recipe.RecipeError: source precondition rejected: extractor bytes differ from reviewed digest

scripts/run_audited_bread_recipe.py:182: RecipeError
_ ERROR at setup of test_archived_input_tamper_is_rejected_before_execute[audit_report.json] _

repo = PosixPath('/home/stev/.codex/worktrees/publish-main/SpecOrganon')
directory = PosixPath('/tmp/pytest-of-stev/pytest-295/test_archived_input_tamper_is_5/trial')
claims_path = None, table_path = None

    def prepare(repo: Path, directory: Path, claims_path: Path | None = None,
                table_path: Path | None = None) -> dict:
        directory = directory.absolute()
        if directory.exists():
            raise RecipeError("recipe destination must be new")
        directory.mkdir(parents=True)
        case = directory / "case"
        case.mkdir()
        (directory / "public_keys.json").write_bytes(_render({"schema": 2, "cases": {}}))
        source = repo / "cases/bread_norway"
        files = {
            "source_claims.json": claims_path or repo / "cases/bread_development/source_claims.json",
            "survey_table1.json": table_path or source / "survey_table1.json",
            "source_lca.pdf": source / "source_lca.pdf", "source_survey.pdf": source / "source_survey.pdf",
            "audit_contract.json": auditor.CONTRACT,
        }
        for name, path in files.items():
            (case / name).write_bytes(_raw(path))
        try:
>           report = auditor.audit_bread_sources(case / "source_claims.json", case / "survey_table1.json", case)
                     ^^^^^^^^^^^^^^^^^^^^^^^^^^^^^^^^^^^^^^^^^^^^^^^^^^^^^^^^^^^^^^^^^^^^^^^^^^^^^^^^^^^^^^^^^^^

scripts/run_audited_bread_recipe.py:179: 
_ _ _ _ _ _ _ _ _ _ _ _ _ _ _ _ _ _ _ _ _ _ _ _ _ _ _ _ _ _ _ _ _ _ _ _ _ _ _ _ 
scripts/audit_bread_sources.py:143: in audit_bread_sources
    name: read_pdf_pages(pdf_root / identity["visible_file"],
src/specorganon/source_passages.py:147: in read_pdf_pages
    with _sealed_extractor(extractor) as (executable, fd), tempfile.TemporaryDirectory(
         ^^^^^^^^^^^^^^^^^^^^^^^^^^^^
/home/stev/.local/share/uv/python/cpython-3.13.14-linux-x86_64-gnu/lib/python3.13/contextlib.py:141: in __enter__
    return next(self.gen)
           ^^^^^^^^^^^^^^
_ _ _ _ _ _ _ _ _ _ _ _ _ _ _ _ _ _ _ _ _ _ _ _ _ _ _ _ _ _ _ _ _ _ _ _ _ _ _ _ 

spec = ExtractorSpec(path=PosixPath('/usr/bin/pdftotext'), sha256='0fb98ea179e19154a90202608c164f2a319b79f16576fa6534b2d601033565e7')

    @contextmanager
    def _sealed_extractor(spec: ExtractorSpec):
        """Execute the verified binary bytes, without a second path lookup."""
        if not all(hasattr(os, name) for name in ("memfd_create", "MFD_CLOEXEC", "MFD_ALLOW_SEALING")):
            raise SourceAuditError("runtime lacks sealed memfd extractor support")
        if (not spec.path.is_absolute()
                or re.fullmatch(r"[0-9a-f]{64}", spec.sha256) is None):
            raise SourceAuditError("extractor needs an absolute path and reviewed digest")
        sealed = None
        try:
            fd = os.open(spec.path, os.O_RDONLY | os.O_NOFOLLOW | os.O_NONBLOCK)
            with os.fdopen(fd, "rb") as stream:
                info = os.fstat(stream.fileno())
                if not stat.S_ISREG(info.st_mode) or not 0 < info.st_size <= 20_000_000:
                    raise SourceAuditError("extractor is not a bounded regular file")
                raw = stream.read(20_000_001)
            if hashlib.sha256(raw).hexdigest() != spec.sha256:
>               raise SourceAuditError("extractor bytes differ from reviewed digest")
E               specorganon.source_passages.SourceAuditError: extractor bytes differ from reviewed digest

src/specorganon/source_passages.py:110: SourceAuditError

The above exception was the direct cause of the following exception:

tmp_path = PosixPath('/tmp/pytest-of-stev/pytest-295/test_archived_input_tamper_is_5')

    @pytest.fixture
    def prepared(tmp_path):
        directory = tmp_path / "trial"
>       result = recipe.prepare(ROOT, directory)
                 ^^^^^^^^^^^^^^^^^^^^^^^^^^^^^^^

tests/test_audited_bread_recipe.py:64: 
_ _ _ _ _ _ _ _ _ _ _ _ _ _ _ _ _ _ _ _ _ _ _ _ _ _ _ _ _ _ _ _ _ _ _ _ _ _ _ _ 

repo = PosixPath('/home/stev/.codex/worktrees/publish-main/SpecOrganon')
directory = PosixPath('/tmp/pytest-of-stev/pytest-295/test_archived_input_tamper_is_5/trial')
claims_path = None, table_path = None

    def prepare(repo: Path, directory: Path, claims_path: Path | None = None,
                table_path: Path | None = None) -> dict:
        directory = directory.absolute()
        if directory.exists():
            raise RecipeError("recipe destination must be new")
        directory.mkdir(parents=True)
        case = directory / "case"
        case.mkdir()
        (directory / "public_keys.json").write_bytes(_render({"schema": 2, "cases": {}}))
        source = repo / "cases/bread_norway"
        files = {
            "source_claims.json": claims_path or repo / "cases/bread_development/source_claims.json",
            "survey_table1.json": table_path or source / "survey_table1.json",
            "source_lca.pdf": source / "source_lca.pdf", "source_survey.pdf": source / "source_survey.pdf",
            "audit_contract.json": auditor.CONTRACT,
        }
        for name, path in files.items():
            (case / name).write_bytes(_raw(path))
        try:
            report = auditor.audit_bread_sources(case / "source_claims.json", case / "survey_table1.json", case)
        except auditor.SourceAuditError as exc:
            (directory / "precondition_rejection.json").write_bytes(_render({"state": "rejected", "reason": str(exc), "ledger_created": False}))
>           raise RecipeError(f"source precondition rejected: {exc}") from exc
E           scripts.run_audited_bread_recipe.RecipeError: source precondition rejected: extractor bytes differ from reviewed digest

scripts/run_audited_bread_recipe.py:182: RecipeError
_ ERROR at setup of test_forged_passed_report_and_coherent_hashes_cannot_bypass_fresh_audit[value-737] _

repo = PosixPath('/home/stev/.codex/worktrees/publish-main/SpecOrganon')
directory = PosixPath('/tmp/pytest-of-stev/pytest-295/test_forged_passed_report_and_0/trial')
claims_path = None, table_path = None

    def prepare(repo: Path, directory: Path, claims_path: Path | None = None,
                table_path: Path | None = None) -> dict:
        directory = directory.absolute()
        if directory.exists():
            raise RecipeError("recipe destination must be new")
        directory.mkdir(parents=True)
        case = directory / "case"
        case.mkdir()
        (directory / "public_keys.json").write_bytes(_render({"schema": 2, "cases": {}}))
        source = repo / "cases/bread_norway"
        files = {
            "source_claims.json": claims_path or repo / "cases/bread_development/source_claims.json",
            "survey_table1.json": table_path or source / "survey_table1.json",
            "source_lca.pdf": source / "source_lca.pdf", "source_survey.pdf": source / "source_survey.pdf",
            "audit_contract.json": auditor.CONTRACT,
        }
        for name, path in files.items():
            (case / name).write_bytes(_raw(path))
        try:
>           report = auditor.audit_bread_sources(case / "source_claims.json", case / "survey_table1.json", case)
                     ^^^^^^^^^^^^^^^^^^^^^^^^^^^^^^^^^^^^^^^^^^^^^^^^^^^^^^^^^^^^^^^^^^^^^^^^^^^^^^^^^^^^^^^^^^^

scripts/run_audited_bread_recipe.py:179: 
_ _ _ _ _ _ _ _ _ _ _ _ _ _ _ _ _ _ _ _ _ _ _ _ _ _ _ _ _ _ _ _ _ _ _ _ _ _ _ _ 
scripts/audit_bread_sources.py:143: in audit_bread_sources
    name: read_pdf_pages(pdf_root / identity["visible_file"],
src/specorganon/source_passages.py:147: in read_pdf_pages
    with _sealed_extractor(extractor) as (executable, fd), tempfile.TemporaryDirectory(
         ^^^^^^^^^^^^^^^^^^^^^^^^^^^^
/home/stev/.local/share/uv/python/cpython-3.13.14-linux-x86_64-gnu/lib/python3.13/contextlib.py:141: in __enter__
    return next(self.gen)
           ^^^^^^^^^^^^^^
_ _ _ _ _ _ _ _ _ _ _ _ _ _ _ _ _ _ _ _ _ _ _ _ _ _ _ _ _ _ _ _ _ _ _ _ _ _ _ _ 

spec = ExtractorSpec(path=PosixPath('/usr/bin/pdftotext'), sha256='0fb98ea179e19154a90202608c164f2a319b79f16576fa6534b2d601033565e7')

    @contextmanager
    def _sealed_extractor(spec: ExtractorSpec):
        """Execute the verified binary bytes, without a second path lookup."""
        if not all(hasattr(os, name) for name in ("memfd_create", "MFD_CLOEXEC", "MFD_ALLOW_SEALING")):
            raise SourceAuditError("runtime lacks sealed memfd extractor support")
        if (not spec.path.is_absolute()
                or re.fullmatch(r"[0-9a-f]{64}", spec.sha256) is None):
            raise SourceAuditError("extractor needs an absolute path and reviewed digest")
        sealed = None
        try:
            fd = os.open(spec.path, os.O_RDONLY | os.O_NOFOLLOW | os.O_NONBLOCK)
            with os.fdopen(fd, "rb") as stream:
                info = os.fstat(stream.fileno())
                if not stat.S_ISREG(info.st_mode) or not 0 < info.st_size <= 20_000_000:
                    raise SourceAuditError("extractor is not a bounded regular file")
                raw = stream.read(20_000_001)
            if hashlib.sha256(raw).hexdigest() != spec.sha256:
>               raise SourceAuditError("extractor bytes differ from reviewed digest")
E               specorganon.source_passages.SourceAuditError: extractor bytes differ from reviewed digest

src/specorganon/source_passages.py:110: SourceAuditError

The above exception was the direct cause of the following exception:

tmp_path = PosixPath('/tmp/pytest-of-stev/pytest-295/test_forged_passed_report_and_0')

    @pytest.fixture
    def prepared(tmp_path):
        directory = tmp_path / "trial"
>       result = recipe.prepare(ROOT, directory)
                 ^^^^^^^^^^^^^^^^^^^^^^^^^^^^^^^

tests/test_audited_bread_recipe.py:64: 
_ _ _ _ _ _ _ _ _ _ _ _ _ _ _ _ _ _ _ _ _ _ _ _ _ _ _ _ _ _ _ _ _ _ _ _ _ _ _ _ 

repo = PosixPath('/home/stev/.codex/worktrees/publish-main/SpecOrganon')
directory = PosixPath('/tmp/pytest-of-stev/pytest-295/test_forged_passed_report_and_0/trial')
claims_path = None, table_path = None

    def prepare(repo: Path, directory: Path, claims_path: Path | None = None,
                table_path: Path | None = None) -> dict:
        directory = directory.absolute()
        if directory.exists():
            raise RecipeError("recipe destination must be new")
        directory.mkdir(parents=True)
        case = directory / "case"
        case.mkdir()
        (directory / "public_keys.json").write_bytes(_render({"schema": 2, "cases": {}}))
        source = repo / "cases/bread_norway"
        files = {
            "source_claims.json": claims_path or repo / "cases/bread_development/source_claims.json",
            "survey_table1.json": table_path or source / "survey_table1.json",
            "source_lca.pdf": source / "source_lca.pdf", "source_survey.pdf": source / "source_survey.pdf",
            "audit_contract.json": auditor.CONTRACT,
        }
        for name, path in files.items():
            (case / name).write_bytes(_raw(path))
        try:
            report = auditor.audit_bread_sources(case / "source_claims.json", case / "survey_table1.json", case)
        except auditor.SourceAuditError as exc:
            (directory / "precondition_rejection.json").write_bytes(_render({"state": "rejected", "reason": str(exc), "ledger_created": False}))
>           raise RecipeError(f"source precondition rejected: {exc}") from exc
E           scripts.run_audited_bread_recipe.RecipeError: source precondition rejected: extractor bytes differ from reviewed digest

scripts/run_audited_bread_recipe.py:182: RecipeError
_ ERROR at setup of test_forged_passed_report_and_coherent_hashes_cannot_bypass_fresh_audit[unit-kg/piece] _

repo = PosixPath('/home/stev/.codex/worktrees/publish-main/SpecOrganon')
directory = PosixPath('/tmp/pytest-of-stev/pytest-295/test_forged_passed_report_and_1/trial')
claims_path = None, table_path = None

    def prepare(repo: Path, directory: Path, claims_path: Path | None = None,
                table_path: Path | None = None) -> dict:
        directory = directory.absolute()
        if directory.exists():
            raise RecipeError("recipe destination must be new")
        directory.mkdir(parents=True)
        case = directory / "case"
        case.mkdir()
        (directory / "public_keys.json").write_bytes(_render({"schema": 2, "cases": {}}))
        source = repo / "cases/bread_norway"
        files = {
            "source_claims.json": claims_path or repo / "cases/bread_development/source_claims.json",
            "survey_table1.json": table_path or source / "survey_table1.json",
            "source_lca.pdf": source / "source_lca.pdf", "source_survey.pdf": source / "source_survey.pdf",
            "audit_contract.json": auditor.CONTRACT,
        }
        for name, path in files.items():
            (case / name).write_bytes(_raw(path))
        try:
>           report = auditor.audit_bread_sources(case / "source_claims.json", case / "survey_table1.json", case)
                     ^^^^^^^^^^^^^^^^^^^^^^^^^^^^^^^^^^^^^^^^^^^^^^^^^^^^^^^^^^^^^^^^^^^^^^^^^^^^^^^^^^^^^^^^^^^

scripts/run_audited_bread_recipe.py:179: 
_ _ _ _ _ _ _ _ _ _ _ _ _ _ _ _ _ _ _ _ _ _ _ _ _ _ _ _ _ _ _ _ _ _ _ _ _ _ _ _ 
scripts/audit_bread_sources.py:143: in audit_bread_sources
    name: read_pdf_pages(pdf_root / identity["visible_file"],
src/specorganon/source_passages.py:147: in read_pdf_pages
    with _sealed_extractor(extractor) as (executable, fd), tempfile.TemporaryDirectory(
         ^^^^^^^^^^^^^^^^^^^^^^^^^^^^
/home/stev/.local/share/uv/python/cpython-3.13.14-linux-x86_64-gnu/lib/python3.13/contextlib.py:141: in __enter__
    return next(self.gen)
           ^^^^^^^^^^^^^^
_ _ _ _ _ _ _ _ _ _ _ _ _ _ _ _ _ _ _ _ _ _ _ _ _ _ _ _ _ _ _ _ _ _ _ _ _ _ _ _ 

spec = ExtractorSpec(path=PosixPath('/usr/bin/pdftotext'), sha256='0fb98ea179e19154a90202608c164f2a319b79f16576fa6534b2d601033565e7')

    @contextmanager
    def _sealed_extractor(spec: ExtractorSpec):
        """Execute the verified binary bytes, without a second path lookup."""
        if not all(hasattr(os, name) for name in ("memfd_create", "MFD_CLOEXEC", "MFD_ALLOW_SEALING")):
            raise SourceAuditError("runtime lacks sealed memfd extractor support")
        if (not spec.path.is_absolute()
                or re.fullmatch(r"[0-9a-f]{64}", spec.sha256) is None):
            raise SourceAuditError("extractor needs an absolute path and reviewed digest")
        sealed = None
        try:
            fd = os.open(spec.path, os.O_RDONLY | os.O_NOFOLLOW | os.O_NONBLOCK)
            with os.fdopen(fd, "rb") as stream:
                info = os.fstat(stream.fileno())
                if not stat.S_ISREG(info.st_mode) or not 0 < info.st_size <= 20_000_000:
                    raise SourceAuditError("extractor is not a bounded regular file")
                raw = stream.read(20_000_001)
            if hashlib.sha256(raw).hexdigest() != spec.sha256:
>               raise SourceAuditError("extractor bytes differ from reviewed digest")
E               specorganon.source_passages.SourceAuditError: extractor bytes differ from reviewed digest

src/specorganon/source_passages.py:110: SourceAuditError

The above exception was the direct cause of the following exception:

tmp_path = PosixPath('/tmp/pytest-of-stev/pytest-295/test_forged_passed_report_and_1')

    @pytest.fixture
    def prepared(tmp_path):
        directory = tmp_path / "trial"
>       result = recipe.prepare(ROOT, directory)
                 ^^^^^^^^^^^^^^^^^^^^^^^^^^^^^^^

tests/test_audited_bread_recipe.py:64: 
_ _ _ _ _ _ _ _ _ _ _ _ _ _ _ _ _ _ _ _ _ _ _ _ _ _ _ _ _ _ _ _ _ _ _ _ _ _ _ _ 

repo = PosixPath('/home/stev/.codex/worktrees/publish-main/SpecOrganon')
directory = PosixPath('/tmp/pytest-of-stev/pytest-295/test_forged_passed_report_and_1/trial')
claims_path = None, table_path = None

    def prepare(repo: Path, directory: Path, claims_path: Path | None = None,
                table_path: Path | None = None) -> dict:
        directory = directory.absolute()
        if directory.exists():
            raise RecipeError("recipe destination must be new")
        directory.mkdir(parents=True)
        case = directory / "case"
        case.mkdir()
        (directory / "public_keys.json").write_bytes(_render({"schema": 2, "cases": {}}))
        source = repo / "cases/bread_norway"
        files = {
            "source_claims.json": claims_path or repo / "cases/bread_development/source_claims.json",
            "survey_table1.json": table_path or source / "survey_table1.json",
            "source_lca.pdf": source / "source_lca.pdf", "source_survey.pdf": source / "source_survey.pdf",
            "audit_contract.json": auditor.CONTRACT,
        }
        for name, path in files.items():
            (case / name).write_bytes(_raw(path))
        try:
            report = auditor.audit_bread_sources(case / "source_claims.json", case / "survey_table1.json", case)
        except auditor.SourceAuditError as exc:
            (directory / "precondition_rejection.json").write_bytes(_render({"state": "rejected", "reason": str(exc), "ledger_created": False}))
>           raise RecipeError(f"source precondition rejected: {exc}") from exc
E           scripts.run_audited_bread_recipe.RecipeError: source precondition rejected: extractor bytes differ from reviewed digest

scripts/run_audited_bread_recipe.py:182: RecipeError
_ ERROR at setup of test_forged_passed_report_and_coherent_hashes_cannot_bypass_fresh_audit[base-Per household per day] _

repo = PosixPath('/home/stev/.codex/worktrees/publish-main/SpecOrganon')
directory = PosixPath('/tmp/pytest-of-stev/pytest-295/test_forged_passed_report_and_2/trial')
claims_path = None, table_path = None

    def prepare(repo: Path, directory: Path, claims_path: Path | None = None,
                table_path: Path | None = None) -> dict:
        directory = directory.absolute()
        if directory.exists():
            raise RecipeError("recipe destination must be new")
        directory.mkdir(parents=True)
        case = directory / "case"
        case.mkdir()
        (directory / "public_keys.json").write_bytes(_render({"schema": 2, "cases": {}}))
        source = repo / "cases/bread_norway"
        files = {
            "source_claims.json": claims_path or repo / "cases/bread_development/source_claims.json",
            "survey_table1.json": table_path or source / "survey_table1.json",
            "source_lca.pdf": source / "source_lca.pdf", "source_survey.pdf": source / "source_survey.pdf",
            "audit_contract.json": auditor.CONTRACT,
        }
        for name, path in files.items():
            (case / name).write_bytes(_raw(path))
        try:
>           report = auditor.audit_bread_sources(case / "source_claims.json", case / "survey_table1.json", case)
                     ^^^^^^^^^^^^^^^^^^^^^^^^^^^^^^^^^^^^^^^^^^^^^^^^^^^^^^^^^^^^^^^^^^^^^^^^^^^^^^^^^^^^^^^^^^^

scripts/run_audited_bread_recipe.py:179: 
_ _ _ _ _ _ _ _ _ _ _ _ _ _ _ _ _ _ _ _ _ _ _ _ _ _ _ _ _ _ _ _ _ _ _ _ _ _ _ _ 
scripts/audit_bread_sources.py:143: in audit_bread_sources
    name: read_pdf_pages(pdf_root / identity["visible_file"],
src/specorganon/source_passages.py:147: in read_pdf_pages
    with _sealed_extractor(extractor) as (executable, fd), tempfile.TemporaryDirectory(
         ^^^^^^^^^^^^^^^^^^^^^^^^^^^^
/home/stev/.local/share/uv/python/cpython-3.13.14-linux-x86_64-gnu/lib/python3.13/contextlib.py:141: in __enter__
    return next(self.gen)
           ^^^^^^^^^^^^^^
_ _ _ _ _ _ _ _ _ _ _ _ _ _ _ _ _ _ _ _ _ _ _ _ _ _ _ _ _ _ _ _ _ _ _ _ _ _ _ _ 

spec = ExtractorSpec(path=PosixPath('/usr/bin/pdftotext'), sha256='0fb98ea179e19154a90202608c164f2a319b79f16576fa6534b2d601033565e7')

    @contextmanager
    def _sealed_extractor(spec: ExtractorSpec):
        """Execute the verified binary bytes, without a second path lookup."""
        if not all(hasattr(os, name) for name in ("memfd_create", "MFD_CLOEXEC", "MFD_ALLOW_SEALING")):
            raise SourceAuditError("runtime lacks sealed memfd extractor support")
        if (not spec.path.is_absolute()
                or re.fullmatch(r"[0-9a-f]{64}", spec.sha256) is None):
            raise SourceAuditError("extractor needs an absolute path and reviewed digest")
        sealed = None
        try:
            fd = os.open(spec.path, os.O_RDONLY | os.O_NOFOLLOW | os.O_NONBLOCK)
            with os.fdopen(fd, "rb") as stream:
                info = os.fstat(stream.fileno())
                if not stat.S_ISREG(info.st_mode) or not 0 < info.st_size <= 20_000_000:
                    raise SourceAuditError("extractor is not a bounded regular file")
                raw = stream.read(20_000_001)
            if hashlib.sha256(raw).hexdigest() != spec.sha256:
>               raise SourceAuditError("extractor bytes differ from reviewed digest")
E               specorganon.source_passages.SourceAuditError: extractor bytes differ from reviewed digest

src/specorganon/source_passages.py:110: SourceAuditError

The above exception was the direct cause of the following exception:

tmp_path = PosixPath('/tmp/pytest-of-stev/pytest-295/test_forged_passed_report_and_2')

    @pytest.fixture
    def prepared(tmp_path):
        directory = tmp_path / "trial"
>       result = recipe.prepare(ROOT, directory)
                 ^^^^^^^^^^^^^^^^^^^^^^^^^^^^^^^

tests/test_audited_bread_recipe.py:64: 
_ _ _ _ _ _ _ _ _ _ _ _ _ _ _ _ _ _ _ _ _ _ _ _ _ _ _ _ _ _ _ _ _ _ _ _ _ _ _ _ 

repo = PosixPath('/home/stev/.codex/worktrees/publish-main/SpecOrganon')
directory = PosixPath('/tmp/pytest-of-stev/pytest-295/test_forged_passed_report_and_2/trial')
claims_path = None, table_path = None

    def prepare(repo: Path, directory: Path, claims_path: Path | None = None,
                table_path: Path | None = None) -> dict:
        directory = directory.absolute()
        if directory.exists():
            raise RecipeError("recipe destination must be new")
        directory.mkdir(parents=True)
        case = directory / "case"
        case.mkdir()
        (directory / "public_keys.json").write_bytes(_render({"schema": 2, "cases": {}}))
        source = repo / "cases/bread_norway"
        files = {
            "source_claims.json": claims_path or repo / "cases/bread_development/source_claims.json",
            "survey_table1.json": table_path or source / "survey_table1.json",
            "source_lca.pdf": source / "source_lca.pdf", "source_survey.pdf": source / "source_survey.pdf",
            "audit_contract.json": auditor.CONTRACT,
        }
        for name, path in files.items():
            (case / name).write_bytes(_raw(path))
        try:
            report = auditor.audit_bread_sources(case / "source_claims.json", case / "survey_table1.json", case)
        except auditor.SourceAuditError as exc:
            (directory / "precondition_rejection.json").write_bytes(_render({"state": "rejected", "reason": str(exc), "ledger_created": False}))
>           raise RecipeError(f"source precondition rejected: {exc}") from exc
E           scripts.run_audited_bread_recipe.RecipeError: source precondition rejected: extractor bytes differ from reviewed digest

scripts/run_audited_bread_recipe.py:182: RecipeError
_ ERROR at setup of test_forged_passed_report_and_coherent_hashes_cannot_bypass_fresh_audit[provenance-field_observation] _

repo = PosixPath('/home/stev/.codex/worktrees/publish-main/SpecOrganon')
directory = PosixPath('/tmp/pytest-of-stev/pytest-295/test_forged_passed_report_and_3/trial')
claims_path = None, table_path = None

    def prepare(repo: Path, directory: Path, claims_path: Path | None = None,
                table_path: Path | None = None) -> dict:
        directory = directory.absolute()
        if directory.exists():
            raise RecipeError("recipe destination must be new")
        directory.mkdir(parents=True)
        case = directory / "case"
        case.mkdir()
        (directory / "public_keys.json").write_bytes(_render({"schema": 2, "cases": {}}))
        source = repo / "cases/bread_norway"
        files = {
            "source_claims.json": claims_path or repo / "cases/bread_development/source_claims.json",
            "survey_table1.json": table_path or source / "survey_table1.json",
            "source_lca.pdf": source / "source_lca.pdf", "source_survey.pdf": source / "source_survey.pdf",
            "audit_contract.json": auditor.CONTRACT,
        }
        for name, path in files.items():
            (case / name).write_bytes(_raw(path))
        try:
>           report = auditor.audit_bread_sources(case / "source_claims.json", case / "survey_table1.json", case)
                     ^^^^^^^^^^^^^^^^^^^^^^^^^^^^^^^^^^^^^^^^^^^^^^^^^^^^^^^^^^^^^^^^^^^^^^^^^^^^^^^^^^^^^^^^^^^

scripts/run_audited_bread_recipe.py:179: 
_ _ _ _ _ _ _ _ _ _ _ _ _ _ _ _ _ _ _ _ _ _ _ _ _ _ _ _ _ _ _ _ _ _ _ _ _ _ _ _ 
scripts/audit_bread_sources.py:143: in audit_bread_sources
    name: read_pdf_pages(pdf_root / identity["visible_file"],
src/specorganon/source_passages.py:147: in read_pdf_pages
    with _sealed_extractor(extractor) as (executable, fd), tempfile.TemporaryDirectory(
         ^^^^^^^^^^^^^^^^^^^^^^^^^^^^
/home/stev/.local/share/uv/python/cpython-3.13.14-linux-x86_64-gnu/lib/python3.13/contextlib.py:141: in __enter__
    return next(self.gen)
           ^^^^^^^^^^^^^^
_ _ _ _ _ _ _ _ _ _ _ _ _ _ _ _ _ _ _ _ _ _ _ _ _ _ _ _ _ _ _ _ _ _ _ _ _ _ _ _ 

spec = ExtractorSpec(path=PosixPath('/usr/bin/pdftotext'), sha256='0fb98ea179e19154a90202608c164f2a319b79f16576fa6534b2d601033565e7')

    @contextmanager
    def _sealed_extractor(spec: ExtractorSpec):
        """Execute the verified binary bytes, without a second path lookup."""
        if not all(hasattr(os, name) for name in ("memfd_create", "MFD_CLOEXEC", "MFD_ALLOW_SEALING")):
            raise SourceAuditError("runtime lacks sealed memfd extractor support")
        if (not spec.path.is_absolute()
                or re.fullmatch(r"[0-9a-f]{64}", spec.sha256) is None):
            raise SourceAuditError("extractor needs an absolute path and reviewed digest")
        sealed = None
        try:
            fd = os.open(spec.path, os.O_RDONLY | os.O_NOFOLLOW | os.O_NONBLOCK)
            with os.fdopen(fd, "rb") as stream:
                info = os.fstat(stream.fileno())
                if not stat.S_ISREG(info.st_mode) or not 0 < info.st_size <= 20_000_000:
                    raise SourceAuditError("extractor is not a bounded regular file")
                raw = stream.read(20_000_001)
            if hashlib.sha256(raw).hexdigest() != spec.sha256:
>               raise SourceAuditError("extractor bytes differ from reviewed digest")
E               specorganon.source_passages.SourceAuditError: extractor bytes differ from reviewed digest

src/specorganon/source_passages.py:110: SourceAuditError

The above exception was the direct cause of the following exception:

tmp_path = PosixPath('/tmp/pytest-of-stev/pytest-295/test_forged_passed_report_and_3')

    @pytest.fixture
    def prepared(tmp_path):
        directory = tmp_path / "trial"
>       result = recipe.prepare(ROOT, directory)
                 ^^^^^^^^^^^^^^^^^^^^^^^^^^^^^^^

tests/test_audited_bread_recipe.py:64: 
_ _ _ _ _ _ _ _ _ _ _ _ _ _ _ _ _ _ _ _ _ _ _ _ _ _ _ _ _ _ _ _ _ _ _ _ _ _ _ _ 

repo = PosixPath('/home/stev/.codex/worktrees/publish-main/SpecOrganon')
directory = PosixPath('/tmp/pytest-of-stev/pytest-295/test_forged_passed_report_and_3/trial')
claims_path = None, table_path = None

    def prepare(repo: Path, directory: Path, claims_path: Path | None = None,
                table_path: Path | None = None) -> dict:
        directory = directory.absolute()
        if directory.exists():
            raise RecipeError("recipe destination must be new")
        directory.mkdir(parents=True)
        case = directory / "case"
        case.mkdir()
        (directory / "public_keys.json").write_bytes(_render({"schema": 2, "cases": {}}))
        source = repo / "cases/bread_norway"
        files = {
            "source_claims.json": claims_path or repo / "cases/bread_development/source_claims.json",
            "survey_table1.json": table_path or source / "survey_table1.json",
            "source_lca.pdf": source / "source_lca.pdf", "source_survey.pdf": source / "source_survey.pdf",
            "audit_contract.json": auditor.CONTRACT,
        }
        for name, path in files.items():
            (case / name).write_bytes(_raw(path))
        try:
            report = auditor.audit_bread_sources(case / "source_claims.json", case / "survey_table1.json", case)
        except auditor.SourceAuditError as exc:
            (directory / "precondition_rejection.json").write_bytes(_render({"state": "rejected", "reason": str(exc), "ledger_created": False}))
>           raise RecipeError(f"source precondition rejected: {exc}") from exc
E           scripts.run_audited_bread_recipe.RecipeError: source precondition rejected: extractor bytes differ from reviewed digest

scripts/run_audited_bread_recipe.py:182: RecipeError
_ ERROR at setup of test_forged_audit_receipt_with_coherent_manifest_is_compared_to_new_extraction _

repo = PosixPath('/home/stev/.codex/worktrees/publish-main/SpecOrganon')
directory = PosixPath('/tmp/pytest-of-stev/pytest-295/test_forged_audit_receipt_with0/trial')
claims_path = None, table_path = None

    def prepare(repo: Path, directory: Path, claims_path: Path | None = None,
                table_path: Path | None = None) -> dict:
        directory = directory.absolute()
        if directory.exists():
            raise RecipeError("recipe destination must be new")
        directory.mkdir(parents=True)
        case = directory / "case"
        case.mkdir()
        (directory / "public_keys.json").write_bytes(_render({"schema": 2, "cases": {}}))
        source = repo / "cases/bread_norway"
        files = {
            "source_claims.json": claims_path or repo / "cases/bread_development/source_claims.json",
            "survey_table1.json": table_path or source / "survey_table1.json",
            "source_lca.pdf": source / "source_lca.pdf", "source_survey.pdf": source / "source_survey.pdf",
            "audit_contract.json": auditor.CONTRACT,
        }
        for name, path in files.items():
            (case / name).write_bytes(_raw(path))
        try:
>           report = auditor.audit_bread_sources(case / "source_claims.json", case / "survey_table1.json", case)
                     ^^^^^^^^^^^^^^^^^^^^^^^^^^^^^^^^^^^^^^^^^^^^^^^^^^^^^^^^^^^^^^^^^^^^^^^^^^^^^^^^^^^^^^^^^^^

scripts/run_audited_bread_recipe.py:179: 
_ _ _ _ _ _ _ _ _ _ _ _ _ _ _ _ _ _ _ _ _ _ _ _ _ _ _ _ _ _ _ _ _ _ _ _ _ _ _ _ 
scripts/audit_bread_sources.py:143: in audit_bread_sources
    name: read_pdf_pages(pdf_root / identity["visible_file"],
src/specorganon/source_passages.py:147: in read_pdf_pages
    with _sealed_extractor(extractor) as (executable, fd), tempfile.TemporaryDirectory(
         ^^^^^^^^^^^^^^^^^^^^^^^^^^^^
/home/stev/.local/share/uv/python/cpython-3.13.14-linux-x86_64-gnu/lib/python3.13/contextlib.py:141: in __enter__
    return next(self.gen)
           ^^^^^^^^^^^^^^
_ _ _ _ _ _ _ _ _ _ _ _ _ _ _ _ _ _ _ _ _ _ _ _ _ _ _ _ _ _ _ _ _ _ _ _ _ _ _ _ 

spec = ExtractorSpec(path=PosixPath('/usr/bin/pdftotext'), sha256='0fb98ea179e19154a90202608c164f2a319b79f16576fa6534b2d601033565e7')

    @contextmanager
    def _sealed_extractor(spec: ExtractorSpec):
        """Execute the verified binary bytes, without a second path lookup."""
        if not all(hasattr(os, name) for name in ("memfd_create", "MFD_CLOEXEC", "MFD_ALLOW_SEALING")):
            raise SourceAuditError("runtime lacks sealed memfd extractor support")
        if (not spec.path.is_absolute()
                or re.fullmatch(r"[0-9a-f]{64}", spec.sha256) is None):
            raise SourceAuditError("extractor needs an absolute path and reviewed digest")
        sealed = None
        try:
            fd = os.open(spec.path, os.O_RDONLY | os.O_NOFOLLOW | os.O_NONBLOCK)
            with os.fdopen(fd, "rb") as stream:
                info = os.fstat(stream.fileno())
                if not stat.S_ISREG(info.st_mode) or not 0 < info.st_size <= 20_000_000:
                    raise SourceAuditError("extractor is not a bounded regular file")
                raw = stream.read(20_000_001)
            if hashlib.sha256(raw).hexdigest() != spec.sha256:
>               raise SourceAuditError("extractor bytes differ from reviewed digest")
E               specorganon.source_passages.SourceAuditError: extractor bytes differ from reviewed digest

src/specorganon/source_passages.py:110: SourceAuditError

The above exception was the direct cause of the following exception:

tmp_path = PosixPath('/tmp/pytest-of-stev/pytest-295/test_forged_audit_receipt_with0')

    @pytest.fixture
    def prepared(tmp_path):
        directory = tmp_path / "trial"
>       result = recipe.prepare(ROOT, directory)
                 ^^^^^^^^^^^^^^^^^^^^^^^^^^^^^^^

tests/test_audited_bread_recipe.py:64: 
_ _ _ _ _ _ _ _ _ _ _ _ _ _ _ _ _ _ _ _ _ _ _ _ _ _ _ _ _ _ _ _ _ _ _ _ _ _ _ _ 

repo = PosixPath('/home/stev/.codex/worktrees/publish-main/SpecOrganon')
directory = PosixPath('/tmp/pytest-of-stev/pytest-295/test_forged_audit_receipt_with0/trial')
claims_path = None, table_path = None

    def prepare(repo: Path, directory: Path, claims_path: Path | None = None,
                table_path: Path | None = None) -> dict:
        directory = directory.absolute()
        if directory.exists():
            raise RecipeError("recipe destination must be new")
        directory.mkdir(parents=True)
        case = directory / "case"
        case.mkdir()
        (directory / "public_keys.json").write_bytes(_render({"schema": 2, "cases": {}}))
        source = repo / "cases/bread_norway"
        files = {
            "source_claims.json": claims_path or repo / "cases/bread_development/source_claims.json",
            "survey_table1.json": table_path or source / "survey_table1.json",
            "source_lca.pdf": source / "source_lca.pdf", "source_survey.pdf": source / "source_survey.pdf",
            "audit_contract.json": auditor.CONTRACT,
        }
        for name, path in files.items():
            (case / name).write_bytes(_raw(path))
        try:
            report = auditor.audit_bread_sources(case / "source_claims.json", case / "survey_table1.json", case)
        except auditor.SourceAuditError as exc:
            (directory / "precondition_rejection.json").write_bytes(_render({"state": "rejected", "reason": str(exc), "ledger_created": False}))
>           raise RecipeError(f"source precondition rejected: {exc}") from exc
E           scripts.run_audited_bread_recipe.RecipeError: source precondition rejected: extractor bytes differ from reviewed digest

scripts/run_audited_bread_recipe.py:182: RecipeError
_ ERROR at setup of test_coherent_forged_survey_rows_are_reextracted_before_publication _

repo = PosixPath('/home/stev/.codex/worktrees/publish-main/SpecOrganon')
directory = PosixPath('/tmp/pytest-of-stev/pytest-295/test_coherent_forged_survey_ro0/trial')
claims_path = None, table_path = None

    def prepare(repo: Path, directory: Path, claims_path: Path | None = None,
                table_path: Path | None = None) -> dict:
        directory = directory.absolute()
        if directory.exists():
            raise RecipeError("recipe destination must be new")
        directory.mkdir(parents=True)
        case = directory / "case"
        case.mkdir()
        (directory / "public_keys.json").write_bytes(_render({"schema": 2, "cases": {}}))
        source = repo / "cases/bread_norway"
        files = {
            "source_claims.json": claims_path or repo / "cases/bread_development/source_claims.json",
            "survey_table1.json": table_path or source / "survey_table1.json",
            "source_lca.pdf": source / "source_lca.pdf", "source_survey.pdf": source / "source_survey.pdf",
            "audit_contract.json": auditor.CONTRACT,
        }
        for name, path in files.items():
            (case / name).write_bytes(_raw(path))
        try:
>           report = auditor.audit_bread_sources(case / "source_claims.json", case / "survey_table1.json", case)
                     ^^^^^^^^^^^^^^^^^^^^^^^^^^^^^^^^^^^^^^^^^^^^^^^^^^^^^^^^^^^^^^^^^^^^^^^^^^^^^^^^^^^^^^^^^^^

scripts/run_audited_bread_recipe.py:179: 
_ _ _ _ _ _ _ _ _ _ _ _ _ _ _ _ _ _ _ _ _ _ _ _ _ _ _ _ _ _ _ _ _ _ _ _ _ _ _ _ 
scripts/audit_bread_sources.py:143: in audit_bread_sources
    name: read_pdf_pages(pdf_root / identity["visible_file"],
src/specorganon/source_passages.py:147: in read_pdf_pages
    with _sealed_extractor(extractor) as (executable, fd), tempfile.TemporaryDirectory(
         ^^^^^^^^^^^^^^^^^^^^^^^^^^^^
/home/stev/.local/share/uv/python/cpython-3.13.14-linux-x86_64-gnu/lib/python3.13/contextlib.py:141: in __enter__
    return next(self.gen)
           ^^^^^^^^^^^^^^
_ _ _ _ _ _ _ _ _ _ _ _ _ _ _ _ _ _ _ _ _ _ _ _ _ _ _ _ _ _ _ _ _ _ _ _ _ _ _ _ 

spec = ExtractorSpec(path=PosixPath('/usr/bin/pdftotext'), sha256='0fb98ea179e19154a90202608c164f2a319b79f16576fa6534b2d601033565e7')

    @contextmanager
    def _sealed_extractor(spec: ExtractorSpec):
        """Execute the verified binary bytes, without a second path lookup."""
        if not all(hasattr(os, name) for name in ("memfd_create", "MFD_CLOEXEC", "MFD_ALLOW_SEALING")):
            raise SourceAuditError("runtime lacks sealed memfd extractor support")
        if (not spec.path.is_absolute()
                or re.fullmatch(r"[0-9a-f]{64}", spec.sha256) is None):
            raise SourceAuditError("extractor needs an absolute path and reviewed digest")
        sealed = None
        try:
            fd = os.open(spec.path, os.O_RDONLY | os.O_NOFOLLOW | os.O_NONBLOCK)
            with os.fdopen(fd, "rb") as stream:
                info = os.fstat(stream.fileno())
                if not stat.S_ISREG(info.st_mode) or not 0 < info.st_size <= 20_000_000:
                    raise SourceAuditError("extractor is not a bounded regular file")
                raw = stream.read(20_000_001)
            if hashlib.sha256(raw).hexdigest() != spec.sha256:
>               raise SourceAuditError("extractor bytes differ from reviewed digest")
E               specorganon.source_passages.SourceAuditError: extractor bytes differ from reviewed digest

src/specorganon/source_passages.py:110: SourceAuditError

The above exception was the direct cause of the following exception:

tmp_path = PosixPath('/tmp/pytest-of-stev/pytest-295/test_coherent_forged_survey_ro0')

    @pytest.fixture
    def prepared(tmp_path):
        directory = tmp_path / "trial"
>       result = recipe.prepare(ROOT, directory)
                 ^^^^^^^^^^^^^^^^^^^^^^^^^^^^^^^

tests/test_audited_bread_recipe.py:64: 
_ _ _ _ _ _ _ _ _ _ _ _ _ _ _ _ _ _ _ _ _ _ _ _ _ _ _ _ _ _ _ _ _ _ _ _ _ _ _ _ 

repo = PosixPath('/home/stev/.codex/worktrees/publish-main/SpecOrganon')
directory = PosixPath('/tmp/pytest-of-stev/pytest-295/test_coherent_forged_survey_ro0/trial')
claims_path = None, table_path = None

    def prepare(repo: Path, directory: Path, claims_path: Path | None = None,
                table_path: Path | None = None) -> dict:
        directory = directory.absolute()
        if directory.exists():
            raise RecipeError("recipe destination must be new")
        directory.mkdir(parents=True)
        case = directory / "case"
        case.mkdir()
        (directory / "public_keys.json").write_bytes(_render({"schema": 2, "cases": {}}))
        source = repo / "cases/bread_norway"
        files = {
            "source_claims.json": claims_path or repo / "cases/bread_development/source_claims.json",
            "survey_table1.json": table_path or source / "survey_table1.json",
            "source_lca.pdf": source / "source_lca.pdf", "source_survey.pdf": source / "source_survey.pdf",
            "audit_contract.json": auditor.CONTRACT,
        }
        for name, path in files.items():
            (case / name).write_bytes(_raw(path))
        try:
            report = auditor.audit_bread_sources(case / "source_claims.json", case / "survey_table1.json", case)
        except auditor.SourceAuditError as exc:
            (directory / "precondition_rejection.json").write_bytes(_render({"state": "rejected", "reason": str(exc), "ledger_created": False}))
>           raise RecipeError(f"source precondition rejected: {exc}") from exc
E           scripts.run_audited_bread_recipe.RecipeError: source precondition rejected: extractor bytes differ from reviewed digest

scripts/run_audited_bread_recipe.py:182: RecipeError
_ ERROR at setup of test_binding_cannot_overstate_coverage_or_change_pending_signed_contract[coverage-value0] _

repo = PosixPath('/home/stev/.codex/worktrees/publish-main/SpecOrganon')
directory = PosixPath('/tmp/pytest-of-stev/pytest-295/test_binding_cannot_overstate_0/trial')
claims_path = None, table_path = None

    def prepare(repo: Path, directory: Path, claims_path: Path | None = None,
                table_path: Path | None = None) -> dict:
        directory = directory.absolute()
        if directory.exists():
            raise RecipeError("recipe destination must be new")
        directory.mkdir(parents=True)
        case = directory / "case"
        case.mkdir()
        (directory / "public_keys.json").write_bytes(_render({"schema": 2, "cases": {}}))
        source = repo / "cases/bread_norway"
        files = {
            "source_claims.json": claims_path or repo / "cases/bread_development/source_claims.json",
            "survey_table1.json": table_path or source / "survey_table1.json",
            "source_lca.pdf": source / "source_lca.pdf", "source_survey.pdf": source / "source_survey.pdf",
            "audit_contract.json": auditor.CONTRACT,
        }
        for name, path in files.items():
            (case / name).write_bytes(_raw(path))
        try:
>           report = auditor.audit_bread_sources(case / "source_claims.json", case / "survey_table1.json", case)
                     ^^^^^^^^^^^^^^^^^^^^^^^^^^^^^^^^^^^^^^^^^^^^^^^^^^^^^^^^^^^^^^^^^^^^^^^^^^^^^^^^^^^^^^^^^^^

scripts/run_audited_bread_recipe.py:179: 
_ _ _ _ _ _ _ _ _ _ _ _ _ _ _ _ _ _ _ _ _ _ _ _ _ _ _ _ _ _ _ _ _ _ _ _ _ _ _ _ 
scripts/audit_bread_sources.py:143: in audit_bread_sources
    name: read_pdf_pages(pdf_root / identity["visible_file"],
src/specorganon/source_passages.py:147: in read_pdf_pages
    with _sealed_extractor(extractor) as (executable, fd), tempfile.TemporaryDirectory(
         ^^^^^^^^^^^^^^^^^^^^^^^^^^^^
/home/stev/.local/share/uv/python/cpython-3.13.14-linux-x86_64-gnu/lib/python3.13/contextlib.py:141: in __enter__
    return next(self.gen)
           ^^^^^^^^^^^^^^
_ _ _ _ _ _ _ _ _ _ _ _ _ _ _ _ _ _ _ _ _ _ _ _ _ _ _ _ _ _ _ _ _ _ _ _ _ _ _ _ 

spec = ExtractorSpec(path=PosixPath('/usr/bin/pdftotext'), sha256='0fb98ea179e19154a90202608c164f2a319b79f16576fa6534b2d601033565e7')

    @contextmanager
    def _sealed_extractor(spec: ExtractorSpec):
        """Execute the verified binary bytes, without a second path lookup."""
        if not all(hasattr(os, name) for name in ("memfd_create", "MFD_CLOEXEC", "MFD_ALLOW_SEALING")):
            raise SourceAuditError("runtime lacks sealed memfd extractor support")
        if (not spec.path.is_absolute()
                or re.fullmatch(r"[0-9a-f]{64}", spec.sha256) is None):
            raise SourceAuditError("extractor needs an absolute path and reviewed digest")
        sealed = None
        try:
            fd = os.open(spec.path, os.O_RDONLY | os.O_NOFOLLOW | os.O_NONBLOCK)
            with os.fdopen(fd, "rb") as stream:
                info = os.fstat(stream.fileno())
                if not stat.S_ISREG(info.st_mode) or not 0 < info.st_size <= 20_000_000:
                    raise SourceAuditError("extractor is not a bounded regular file")
                raw = stream.read(20_000_001)
            if hashlib.sha256(raw).hexdigest() != spec.sha256:
>               raise SourceAuditError("extractor bytes differ from reviewed digest")
E               specorganon.source_passages.SourceAuditError: extractor bytes differ from reviewed digest

src/specorganon/source_passages.py:110: SourceAuditError

The above exception was the direct cause of the following exception:

tmp_path = PosixPath('/tmp/pytest-of-stev/pytest-295/test_binding_cannot_overstate_0')

    @pytest.fixture
    def prepared(tmp_path):
        directory = tmp_path / "trial"
>       result = recipe.prepare(ROOT, directory)
                 ^^^^^^^^^^^^^^^^^^^^^^^^^^^^^^^

tests/test_audited_bread_recipe.py:64: 
_ _ _ _ _ _ _ _ _ _ _ _ _ _ _ _ _ _ _ _ _ _ _ _ _ _ _ _ _ _ _ _ _ _ _ _ _ _ _ _ 

repo = PosixPath('/home/stev/.codex/worktrees/publish-main/SpecOrganon')
directory = PosixPath('/tmp/pytest-of-stev/pytest-295/test_binding_cannot_overstate_0/trial')
claims_path = None, table_path = None

    def prepare(repo: Path, directory: Path, claims_path: Path | None = None,
                table_path: Path | None = None) -> dict:
        directory = directory.absolute()
        if directory.exists():
            raise RecipeError("recipe destination must be new")
        directory.mkdir(parents=True)
        case = directory / "case"
        case.mkdir()
        (directory / "public_keys.json").write_bytes(_render({"schema": 2, "cases": {}}))
        source = repo / "cases/bread_norway"
        files = {
            "source_claims.json": claims_path or repo / "cases/bread_development/source_claims.json",
            "survey_table1.json": table_path or source / "survey_table1.json",
            "source_lca.pdf": source / "source_lca.pdf", "source_survey.pdf": source / "source_survey.pdf",
            "audit_contract.json": auditor.CONTRACT,
        }
        for name, path in files.items():
            (case / name).write_bytes(_raw(path))
        try:
            report = auditor.audit_bread_sources(case / "source_claims.json", case / "survey_table1.json", case)
        except auditor.SourceAuditError as exc:
            (directory / "precondition_rejection.json").write_bytes(_render({"state": "rejected", "reason": str(exc), "ledger_created": False}))
>           raise RecipeError(f"source precondition rejected: {exc}") from exc
E           scripts.run_audited_bread_recipe.RecipeError: source precondition rejected: extractor bytes differ from reviewed digest

scripts/run_audited_bread_recipe.py:182: RecipeError
_ ERROR at setup of test_binding_cannot_overstate_coverage_or_change_pending_signed_contract[approval_policy-fixture] _

repo = PosixPath('/home/stev/.codex/worktrees/publish-main/SpecOrganon')
directory = PosixPath('/tmp/pytest-of-stev/pytest-295/test_binding_cannot_overstate_1/trial')
claims_path = None, table_path = None

    def prepare(repo: Path, directory: Path, claims_path: Path | None = None,
                table_path: Path | None = None) -> dict:
        directory = directory.absolute()
        if directory.exists():
            raise RecipeError("recipe destination must be new")
        directory.mkdir(parents=True)
        case = directory / "case"
        case.mkdir()
        (directory / "public_keys.json").write_bytes(_render({"schema": 2, "cases": {}}))
        source = repo / "cases/bread_norway"
        files = {
            "source_claims.json": claims_path or repo / "cases/bread_development/source_claims.json",
            "survey_table1.json": table_path or source / "survey_table1.json",
            "source_lca.pdf": source / "source_lca.pdf", "source_survey.pdf": source / "source_survey.pdf",
            "audit_contract.json": auditor.CONTRACT,
        }
        for name, path in files.items():
            (case / name).write_bytes(_raw(path))
        try:
>           report = auditor.audit_bread_sources(case / "source_claims.json", case / "survey_table1.json", case)
                     ^^^^^^^^^^^^^^^^^^^^^^^^^^^^^^^^^^^^^^^^^^^^^^^^^^^^^^^^^^^^^^^^^^^^^^^^^^^^^^^^^^^^^^^^^^^

scripts/run_audited_bread_recipe.py:179: 
_ _ _ _ _ _ _ _ _ _ _ _ _ _ _ _ _ _ _ _ _ _ _ _ _ _ _ _ _ _ _ _ _ _ _ _ _ _ _ _ 
scripts/audit_bread_sources.py:143: in audit_bread_sources
    name: read_pdf_pages(pdf_root / identity["visible_file"],
src/specorganon/source_passages.py:147: in read_pdf_pages
    with _sealed_extractor(extractor) as (executable, fd), tempfile.TemporaryDirectory(
         ^^^^^^^^^^^^^^^^^^^^^^^^^^^^
/home/stev/.local/share/uv/python/cpython-3.13.14-linux-x86_64-gnu/lib/python3.13/contextlib.py:141: in __enter__
    return next(self.gen)
           ^^^^^^^^^^^^^^
_ _ _ _ _ _ _ _ _ _ _ _ _ _ _ _ _ _ _ _ _ _ _ _ _ _ _ _ _ _ _ _ _ _ _ _ _ _ _ _ 

spec = ExtractorSpec(path=PosixPath('/usr/bin/pdftotext'), sha256='0fb98ea179e19154a90202608c164f2a319b79f16576fa6534b2d601033565e7')

    @contextmanager
    def _sealed_extractor(spec: ExtractorSpec):
        """Execute the verified binary bytes, without a second path lookup."""
        if not all(hasattr(os, name) for name in ("memfd_create", "MFD_CLOEXEC", "MFD_ALLOW_SEALING")):
            raise SourceAuditError("runtime lacks sealed memfd extractor support")
        if (not spec.path.is_absolute()
                or re.fullmatch(r"[0-9a-f]{64}", spec.sha256) is None):
            raise SourceAuditError("extractor needs an absolute path and reviewed digest")
        sealed = None
        try:
            fd = os.open(spec.path, os.O_RDONLY | os.O_NOFOLLOW | os.O_NONBLOCK)
            with os.fdopen(fd, "rb") as stream:
                info = os.fstat(stream.fileno())
                if not stat.S_ISREG(info.st_mode) or not 0 < info.st_size <= 20_000_000:
                    raise SourceAuditError("extractor is not a bounded regular file")
                raw = stream.read(20_000_001)
            if hashlib.sha256(raw).hexdigest() != spec.sha256:
>               raise SourceAuditError("extractor bytes differ from reviewed digest")
E               specorganon.source_passages.SourceAuditError: extractor bytes differ from reviewed digest

src/specorganon/source_passages.py:110: SourceAuditError

The above exception was the direct cause of the following exception:

tmp_path = PosixPath('/tmp/pytest-of-stev/pytest-295/test_binding_cannot_overstate_1')

    @pytest.fixture
    def prepared(tmp_path):
        directory = tmp_path / "trial"
>       result = recipe.prepare(ROOT, directory)
                 ^^^^^^^^^^^^^^^^^^^^^^^^^^^^^^^

tests/test_audited_bread_recipe.py:64: 
_ _ _ _ _ _ _ _ _ _ _ _ _ _ _ _ _ _ _ _ _ _ _ _ _ _ _ _ _ _ _ _ _ _ _ _ _ _ _ _ 

repo = PosixPath('/home/stev/.codex/worktrees/publish-main/SpecOrganon')
directory = PosixPath('/tmp/pytest-of-stev/pytest-295/test_binding_cannot_overstate_1/trial')
claims_path = None, table_path = None

    def prepare(repo: Path, directory: Path, claims_path: Path | None = None,
                table_path: Path | None = None) -> dict:
        directory = directory.absolute()
        if directory.exists():
            raise RecipeError("recipe destination must be new")
        directory.mkdir(parents=True)
        case = directory / "case"
        case.mkdir()
        (directory / "public_keys.json").write_bytes(_render({"schema": 2, "cases": {}}))
        source = repo / "cases/bread_norway"
        files = {
            "source_claims.json": claims_path or repo / "cases/bread_development/source_claims.json",
            "survey_table1.json": table_path or source / "survey_table1.json",
            "source_lca.pdf": source / "source_lca.pdf", "source_survey.pdf": source / "source_survey.pdf",
            "audit_contract.json": auditor.CONTRACT,
        }
        for name, path in files.items():
            (case / name).write_bytes(_raw(path))
        try:
            report = auditor.audit_bread_sources(case / "source_claims.json", case / "survey_table1.json", case)
        except auditor.SourceAuditError as exc:
            (directory / "precondition_rejection.json").write_bytes(_render({"state": "rejected", "reason": str(exc), "ledger_created": False}))
>           raise RecipeError(f"source precondition rejected: {exc}") from exc
E           scripts.run_audited_bread_recipe.RecipeError: source precondition rejected: extractor bytes differ from reviewed digest

scripts/run_audited_bread_recipe.py:182: RecipeError
_ ERROR at setup of test_binding_cannot_overstate_coverage_or_change_pending_signed_contract[phase_advances-1] _

repo = PosixPath('/home/stev/.codex/worktrees/publish-main/SpecOrganon')
directory = PosixPath('/tmp/pytest-of-stev/pytest-295/test_binding_cannot_overstate_2/trial')
claims_path = None, table_path = None

    def prepare(repo: Path, directory: Path, claims_path: Path | None = None,
                table_path: Path | None = None) -> dict:
        directory = directory.absolute()
        if directory.exists():
            raise RecipeError("recipe destination must be new")
        directory.mkdir(parents=True)
        case = directory / "case"
        case.mkdir()
        (directory / "public_keys.json").write_bytes(_render({"schema": 2, "cases": {}}))
        source = repo / "cases/bread_norway"
        files = {
            "source_claims.json": claims_path or repo / "cases/bread_development/source_claims.json",
            "survey_table1.json": table_path or source / "survey_table1.json",
            "source_lca.pdf": source / "source_lca.pdf", "source_survey.pdf": source / "source_survey.pdf",
            "audit_contract.json": auditor.CONTRACT,
        }
        for name, path in files.items():
            (case / name).write_bytes(_raw(path))
        try:
>           report = auditor.audit_bread_sources(case / "source_claims.json", case / "survey_table1.json", case)
                     ^^^^^^^^^^^^^^^^^^^^^^^^^^^^^^^^^^^^^^^^^^^^^^^^^^^^^^^^^^^^^^^^^^^^^^^^^^^^^^^^^^^^^^^^^^^

scripts/run_audited_bread_recipe.py:179: 
_ _ _ _ _ _ _ _ _ _ _ _ _ _ _ _ _ _ _ _ _ _ _ _ _ _ _ _ _ _ _ _ _ _ _ _ _ _ _ _ 
scripts/audit_bread_sources.py:143: in audit_bread_sources
    name: read_pdf_pages(pdf_root / identity["visible_file"],
src/specorganon/source_passages.py:147: in read_pdf_pages
    with _sealed_extractor(extractor) as (executable, fd), tempfile.TemporaryDirectory(
         ^^^^^^^^^^^^^^^^^^^^^^^^^^^^
/home/stev/.local/share/uv/python/cpython-3.13.14-linux-x86_64-gnu/lib/python3.13/contextlib.py:141: in __enter__
    return next(self.gen)
           ^^^^^^^^^^^^^^
_ _ _ _ _ _ _ _ _ _ _ _ _ _ _ _ _ _ _ _ _ _ _ _ _ _ _ _ _ _ _ _ _ _ _ _ _ _ _ _ 

spec = ExtractorSpec(path=PosixPath('/usr/bin/pdftotext'), sha256='0fb98ea179e19154a90202608c164f2a319b79f16576fa6534b2d601033565e7')

    @contextmanager
    def _sealed_extractor(spec: ExtractorSpec):
        """Execute the verified binary bytes, without a second path lookup."""
        if not all(hasattr(os, name) for name in ("memfd_create", "MFD_CLOEXEC", "MFD_ALLOW_SEALING")):
            raise SourceAuditError("runtime lacks sealed memfd extractor support")
        if (not spec.path.is_absolute()
                or re.fullmatch(r"[0-9a-f]{64}", spec.sha256) is None):
            raise SourceAuditError("extractor needs an absolute path and reviewed digest")
        sealed = None
        try:
            fd = os.open(spec.path, os.O_RDONLY | os.O_NOFOLLOW | os.O_NONBLOCK)
            with os.fdopen(fd, "rb") as stream:
                info = os.fstat(stream.fileno())
                if not stat.S_ISREG(info.st_mode) or not 0 < info.st_size <= 20_000_000:
                    raise SourceAuditError("extractor is not a bounded regular file")
                raw = stream.read(20_000_001)
            if hashlib.sha256(raw).hexdigest() != spec.sha256:
>               raise SourceAuditError("extractor bytes differ from reviewed digest")
E               specorganon.source_passages.SourceAuditError: extractor bytes differ from reviewed digest

src/specorganon/source_passages.py:110: SourceAuditError

The above exception was the direct cause of the following exception:

tmp_path = PosixPath('/tmp/pytest-of-stev/pytest-295/test_binding_cannot_overstate_2')

    @pytest.fixture
    def prepared(tmp_path):
        directory = tmp_path / "trial"
>       result = recipe.prepare(ROOT, directory)
                 ^^^^^^^^^^^^^^^^^^^^^^^^^^^^^^^

tests/test_audited_bread_recipe.py:64: 
_ _ _ _ _ _ _ _ _ _ _ _ _ _ _ _ _ _ _ _ _ _ _ _ _ _ _ _ _ _ _ _ _ _ _ _ _ _ _ _ 

repo = PosixPath('/home/stev/.codex/worktrees/publish-main/SpecOrganon')
directory = PosixPath('/tmp/pytest-of-stev/pytest-295/test_binding_cannot_overstate_2/trial')
claims_path = None, table_path = None

    def prepare(repo: Path, directory: Path, claims_path: Path | None = None,
                table_path: Path | None = None) -> dict:
        directory = directory.absolute()
        if directory.exists():
            raise RecipeError("recipe destination must be new")
        directory.mkdir(parents=True)
        case = directory / "case"
        case.mkdir()
        (directory / "public_keys.json").write_bytes(_render({"schema": 2, "cases": {}}))
        source = repo / "cases/bread_norway"
        files = {
            "source_claims.json": claims_path or repo / "cases/bread_development/source_claims.json",
            "survey_table1.json": table_path or source / "survey_table1.json",
            "source_lca.pdf": source / "source_lca.pdf", "source_survey.pdf": source / "source_survey.pdf",
            "audit_contract.json": auditor.CONTRACT,
        }
        for name, path in files.items():
            (case / name).write_bytes(_raw(path))
        try:
            report = auditor.audit_bread_sources(case / "source_claims.json", case / "survey_table1.json", case)
        except auditor.SourceAuditError as exc:
            (directory / "precondition_rejection.json").write_bytes(_render({"state": "rejected", "reason": str(exc), "ledger_created": False}))
>           raise RecipeError(f"source precondition rejected: {exc}") from exc
E           scripts.run_audited_bread_recipe.RecipeError: source precondition rejected: extractor bytes differ from reviewed digest

scripts/run_audited_bread_recipe.py:182: RecipeError
_ ERROR at setup of test_binding_cannot_overstate_coverage_or_change_pending_signed_contract[human_approvals-1] _

repo = PosixPath('/home/stev/.codex/worktrees/publish-main/SpecOrganon')
directory = PosixPath('/tmp/pytest-of-stev/pytest-295/test_binding_cannot_overstate_3/trial')
claims_path = None, table_path = None

    def prepare(repo: Path, directory: Path, claims_path: Path | None = None,
                table_path: Path | None = None) -> dict:
        directory = directory.absolute()
        if directory.exists():
            raise RecipeError("recipe destination must be new")
        directory.mkdir(parents=True)
        case = directory / "case"
        case.mkdir()
        (directory / "public_keys.json").write_bytes(_render({"schema": 2, "cases": {}}))
        source = repo / "cases/bread_norway"
        files = {
            "source_claims.json": claims_path or repo / "cases/bread_development/source_claims.json",
            "survey_table1.json": table_path or source / "survey_table1.json",
            "source_lca.pdf": source / "source_lca.pdf", "source_survey.pdf": source / "source_survey.pdf",
            "audit_contract.json": auditor.CONTRACT,
        }
        for name, path in files.items():
            (case / name).write_bytes(_raw(path))
        try:
>           report = auditor.audit_bread_sources(case / "source_claims.json", case / "survey_table1.json", case)
                     ^^^^^^^^^^^^^^^^^^^^^^^^^^^^^^^^^^^^^^^^^^^^^^^^^^^^^^^^^^^^^^^^^^^^^^^^^^^^^^^^^^^^^^^^^^^

scripts/run_audited_bread_recipe.py:179: 
_ _ _ _ _ _ _ _ _ _ _ _ _ _ _ _ _ _ _ _ _ _ _ _ _ _ _ _ _ _ _ _ _ _ _ _ _ _ _ _ 
scripts/audit_bread_sources.py:143: in audit_bread_sources
    name: read_pdf_pages(pdf_root / identity["visible_file"],
src/specorganon/source_passages.py:147: in read_pdf_pages
    with _sealed_extractor(extractor) as (executable, fd), tempfile.TemporaryDirectory(
         ^^^^^^^^^^^^^^^^^^^^^^^^^^^^
/home/stev/.local/share/uv/python/cpython-3.13.14-linux-x86_64-gnu/lib/python3.13/contextlib.py:141: in __enter__
    return next(self.gen)
           ^^^^^^^^^^^^^^
_ _ _ _ _ _ _ _ _ _ _ _ _ _ _ _ _ _ _ _ _ _ _ _ _ _ _ _ _ _ _ _ _ _ _ _ _ _ _ _ 

spec = ExtractorSpec(path=PosixPath('/usr/bin/pdftotext'), sha256='0fb98ea179e19154a90202608c164f2a319b79f16576fa6534b2d601033565e7')

    @contextmanager
    def _sealed_extractor(spec: ExtractorSpec):
        """Execute the verified binary bytes, without a second path lookup."""
        if not all(hasattr(os, name) for name in ("memfd_create", "MFD_CLOEXEC", "MFD_ALLOW_SEALING")):
            raise SourceAuditError("runtime lacks sealed memfd extractor support")
        if (not spec.path.is_absolute()
                or re.fullmatch(r"[0-9a-f]{64}", spec.sha256) is None):
            raise SourceAuditError("extractor needs an absolute path and reviewed digest")
        sealed = None
        try:
            fd = os.open(spec.path, os.O_RDONLY | os.O_NOFOLLOW | os.O_NONBLOCK)
            with os.fdopen(fd, "rb") as stream:
                info = os.fstat(stream.fileno())
                if not stat.S_ISREG(info.st_mode) or not 0 < info.st_size <= 20_000_000:
                    raise SourceAuditError("extractor is not a bounded regular file")
                raw = stream.read(20_000_001)
            if hashlib.sha256(raw).hexdigest() != spec.sha256:
>               raise SourceAuditError("extractor bytes differ from reviewed digest")
E               specorganon.source_passages.SourceAuditError: extractor bytes differ from reviewed digest

src/specorganon/source_passages.py:110: SourceAuditError

The above exception was the direct cause of the following exception:

tmp_path = PosixPath('/tmp/pytest-of-stev/pytest-295/test_binding_cannot_overstate_3')

    @pytest.fixture
    def prepared(tmp_path):
        directory = tmp_path / "trial"
>       result = recipe.prepare(ROOT, directory)
                 ^^^^^^^^^^^^^^^^^^^^^^^^^^^^^^^

tests/test_audited_bread_recipe.py:64: 
_ _ _ _ _ _ _ _ _ _ _ _ _ _ _ _ _ _ _ _ _ _ _ _ _ _ _ _ _ _ _ _ _ _ _ _ _ _ _ _ 

repo = PosixPath('/home/stev/.codex/worktrees/publish-main/SpecOrganon')
directory = PosixPath('/tmp/pytest-of-stev/pytest-295/test_binding_cannot_overstate_3/trial')
claims_path = None, table_path = None

    def prepare(repo: Path, directory: Path, claims_path: Path | None = None,
                table_path: Path | None = None) -> dict:
        directory = directory.absolute()
        if directory.exists():
            raise RecipeError("recipe destination must be new")
        directory.mkdir(parents=True)
        case = directory / "case"
        case.mkdir()
        (directory / "public_keys.json").write_bytes(_render({"schema": 2, "cases": {}}))
        source = repo / "cases/bread_norway"
        files = {
            "source_claims.json": claims_path or repo / "cases/bread_development/source_claims.json",
            "survey_table1.json": table_path or source / "survey_table1.json",
            "source_lca.pdf": source / "source_lca.pdf", "source_survey.pdf": source / "source_survey.pdf",
            "audit_contract.json": auditor.CONTRACT,
        }
        for name, path in files.items():
            (case / name).write_bytes(_raw(path))
        try:
            report = auditor.audit_bread_sources(case / "source_claims.json", case / "survey_table1.json", case)
        except auditor.SourceAuditError as exc:
            (directory / "precondition_rejection.json").write_bytes(_render({"state": "rejected", "reason": str(exc), "ledger_created": False}))
>           raise RecipeError(f"source precondition rejected: {exc}") from exc
E           scripts.run_audited_bread_recipe.RecipeError: source precondition rejected: extractor bytes differ from reviewed digest

scripts/run_audited_bread_recipe.py:182: RecipeError
_ ERROR at setup of test_equal_bytes_through_symlink_are_rejected[case/source_lca.pdf] _

repo = PosixPath('/home/stev/.codex/worktrees/publish-main/SpecOrganon')
directory = PosixPath('/tmp/pytest-of-stev/pytest-295/test_equal_bytes_through_symli0/trial')
claims_path = None, table_path = None

    def prepare(repo: Path, directory: Path, claims_path: Path | None = None,
                table_path: Path | None = None) -> dict:
        directory = directory.absolute()
        if directory.exists():
            raise RecipeError("recipe destination must be new")
        directory.mkdir(parents=True)
        case = directory / "case"
        case.mkdir()
        (directory / "public_keys.json").write_bytes(_render({"schema": 2, "cases": {}}))
        source = repo / "cases/bread_norway"
        files = {
            "source_claims.json": claims_path or repo / "cases/bread_development/source_claims.json",
            "survey_table1.json": table_path or source / "survey_table1.json",
            "source_lca.pdf": source / "source_lca.pdf", "source_survey.pdf": source / "source_survey.pdf",
            "audit_contract.json": auditor.CONTRACT,
        }
        for name, path in files.items():
            (case / name).write_bytes(_raw(path))
        try:
>           report = auditor.audit_bread_sources(case / "source_claims.json", case / "survey_table1.json", case)
                     ^^^^^^^^^^^^^^^^^^^^^^^^^^^^^^^^^^^^^^^^^^^^^^^^^^^^^^^^^^^^^^^^^^^^^^^^^^^^^^^^^^^^^^^^^^^

scripts/run_audited_bread_recipe.py:179: 
_ _ _ _ _ _ _ _ _ _ _ _ _ _ _ _ _ _ _ _ _ _ _ _ _ _ _ _ _ _ _ _ _ _ _ _ _ _ _ _ 
scripts/audit_bread_sources.py:143: in audit_bread_sources
    name: read_pdf_pages(pdf_root / identity["visible_file"],
src/specorganon/source_passages.py:147: in read_pdf_pages
    with _sealed_extractor(extractor) as (executable, fd), tempfile.TemporaryDirectory(
         ^^^^^^^^^^^^^^^^^^^^^^^^^^^^
/home/stev/.local/share/uv/python/cpython-3.13.14-linux-x86_64-gnu/lib/python3.13/contextlib.py:141: in __enter__
    return next(self.gen)
           ^^^^^^^^^^^^^^
_ _ _ _ _ _ _ _ _ _ _ _ _ _ _ _ _ _ _ _ _ _ _ _ _ _ _ _ _ _ _ _ _ _ _ _ _ _ _ _ 

spec = ExtractorSpec(path=PosixPath('/usr/bin/pdftotext'), sha256='0fb98ea179e19154a90202608c164f2a319b79f16576fa6534b2d601033565e7')

    @contextmanager
    def _sealed_extractor(spec: ExtractorSpec):
        """Execute the verified binary bytes, without a second path lookup."""
        if not all(hasattr(os, name) for name in ("memfd_create", "MFD_CLOEXEC", "MFD_ALLOW_SEALING")):
            raise SourceAuditError("runtime lacks sealed memfd extractor support")
        if (not spec.path.is_absolute()
                or re.fullmatch(r"[0-9a-f]{64}", spec.sha256) is None):
            raise SourceAuditError("extractor needs an absolute path and reviewed digest")
        sealed = None
        try:
            fd = os.open(spec.path, os.O_RDONLY | os.O_NOFOLLOW | os.O_NONBLOCK)
            with os.fdopen(fd, "rb") as stream:
                info = os.fstat(stream.fileno())
                if not stat.S_ISREG(info.st_mode) or not 0 < info.st_size <= 20_000_000:
                    raise SourceAuditError("extractor is not a bounded regular file")
                raw = stream.read(20_000_001)
            if hashlib.sha256(raw).hexdigest() != spec.sha256:
>               raise SourceAuditError("extractor bytes differ from reviewed digest")
E               specorganon.source_passages.SourceAuditError: extractor bytes differ from reviewed digest

src/specorganon/source_passages.py:110: SourceAuditError

The above exception was the direct cause of the following exception:

tmp_path = PosixPath('/tmp/pytest-of-stev/pytest-295/test_equal_bytes_through_symli0')

    @pytest.fixture
    def prepared(tmp_path):
        directory = tmp_path / "trial"
>       result = recipe.prepare(ROOT, directory)
                 ^^^^^^^^^^^^^^^^^^^^^^^^^^^^^^^

tests/test_audited_bread_recipe.py:64: 
_ _ _ _ _ _ _ _ _ _ _ _ _ _ _ _ _ _ _ _ _ _ _ _ _ _ _ _ _ _ _ _ _ _ _ _ _ _ _ _ 

repo = PosixPath('/home/stev/.codex/worktrees/publish-main/SpecOrganon')
directory = PosixPath('/tmp/pytest-of-stev/pytest-295/test_equal_bytes_through_symli0/trial')
claims_path = None, table_path = None

    def prepare(repo: Path, directory: Path, claims_path: Path | None = None,
                table_path: Path | None = None) -> dict:
        directory = directory.absolute()
        if directory.exists():
            raise RecipeError("recipe destination must be new")
        directory.mkdir(parents=True)
        case = directory / "case"
        case.mkdir()
        (directory / "public_keys.json").write_bytes(_render({"schema": 2, "cases": {}}))
        source = repo / "cases/bread_norway"
        files = {
            "source_claims.json": claims_path or repo / "cases/bread_development/source_claims.json",
            "survey_table1.json": table_path or source / "survey_table1.json",
            "source_lca.pdf": source / "source_lca.pdf", "source_survey.pdf": source / "source_survey.pdf",
            "audit_contract.json": auditor.CONTRACT,
        }
        for name, path in files.items():
            (case / name).write_bytes(_raw(path))
        try:
            report = auditor.audit_bread_sources(case / "source_claims.json", case / "survey_table1.json", case)
        except auditor.SourceAuditError as exc:
            (directory / "precondition_rejection.json").write_bytes(_render({"state": "rejected", "reason": str(exc), "ledger_created": False}))
>           raise RecipeError(f"source precondition rejected: {exc}") from exc
E           scripts.run_audited_bread_recipe.RecipeError: source precondition rejected: extractor bytes differ from reviewed digest

scripts/run_audited_bread_recipe.py:182: RecipeError
_ ERROR at setup of test_equal_bytes_through_symlink_are_rejected[case/source_claims.json] _

repo = PosixPath('/home/stev/.codex/worktrees/publish-main/SpecOrganon')
directory = PosixPath('/tmp/pytest-of-stev/pytest-295/test_equal_bytes_through_symli1/trial')
claims_path = None, table_path = None

    def prepare(repo: Path, directory: Path, claims_path: Path | None = None,
                table_path: Path | None = None) -> dict:
        directory = directory.absolute()
        if directory.exists():
            raise RecipeError("recipe destination must be new")
        directory.mkdir(parents=True)
        case = directory / "case"
        case.mkdir()
        (directory / "public_keys.json").write_bytes(_render({"schema": 2, "cases": {}}))
        source = repo / "cases/bread_norway"
        files = {
            "source_claims.json": claims_path or repo / "cases/bread_development/source_claims.json",
            "survey_table1.json": table_path or source / "survey_table1.json",
            "source_lca.pdf": source / "source_lca.pdf", "source_survey.pdf": source / "source_survey.pdf",
            "audit_contract.json": auditor.CONTRACT,
        }
        for name, path in files.items():
            (case / name).write_bytes(_raw(path))
        try:
>           report = auditor.audit_bread_sources(case / "source_claims.json", case / "survey_table1.json", case)
                     ^^^^^^^^^^^^^^^^^^^^^^^^^^^^^^^^^^^^^^^^^^^^^^^^^^^^^^^^^^^^^^^^^^^^^^^^^^^^^^^^^^^^^^^^^^^

scripts/run_audited_bread_recipe.py:179: 
_ _ _ _ _ _ _ _ _ _ _ _ _ _ _ _ _ _ _ _ _ _ _ _ _ _ _ _ _ _ _ _ _ _ _ _ _ _ _ _ 
scripts/audit_bread_sources.py:143: in audit_bread_sources
    name: read_pdf_pages(pdf_root / identity["visible_file"],
src/specorganon/source_passages.py:147: in read_pdf_pages
    with _sealed_extractor(extractor) as (executable, fd), tempfile.TemporaryDirectory(
         ^^^^^^^^^^^^^^^^^^^^^^^^^^^^
/home/stev/.local/share/uv/python/cpython-3.13.14-linux-x86_64-gnu/lib/python3.13/contextlib.py:141: in __enter__
    return next(self.gen)
           ^^^^^^^^^^^^^^
_ _ _ _ _ _ _ _ _ _ _ _ _ _ _ _ _ _ _ _ _ _ _ _ _ _ _ _ _ _ _ _ _ _ _ _ _ _ _ _ 

spec = ExtractorSpec(path=PosixPath('/usr/bin/pdftotext'), sha256='0fb98ea179e19154a90202608c164f2a319b79f16576fa6534b2d601033565e7')

    @contextmanager
    def _sealed_extractor(spec: ExtractorSpec):
        """Execute the verified binary bytes, without a second path lookup."""
        if not all(hasattr(os, name) for name in ("memfd_create", "MFD_CLOEXEC", "MFD_ALLOW_SEALING")):
            raise SourceAuditError("runtime lacks sealed memfd extractor support")
        if (not spec.path.is_absolute()
                or re.fullmatch(r"[0-9a-f]{64}", spec.sha256) is None):
            raise SourceAuditError("extractor needs an absolute path and reviewed digest")
        sealed = None
        try:
            fd = os.open(spec.path, os.O_RDONLY | os.O_NOFOLLOW | os.O_NONBLOCK)
            with os.fdopen(fd, "rb") as stream:
                info = os.fstat(stream.fileno())
                if not stat.S_ISREG(info.st_mode) or not 0 < info.st_size <= 20_000_000:
                    raise SourceAuditError("extractor is not a bounded regular file")
                raw = stream.read(20_000_001)
            if hashlib.sha256(raw).hexdigest() != spec.sha256:
>               raise SourceAuditError("extractor bytes differ from reviewed digest")
E               specorganon.source_passages.SourceAuditError: extractor bytes differ from reviewed digest

src/specorganon/source_passages.py:110: SourceAuditError

The above exception was the direct cause of the following exception:

tmp_path = PosixPath('/tmp/pytest-of-stev/pytest-295/test_equal_bytes_through_symli1')

    @pytest.fixture
    def prepared(tmp_path):
        directory = tmp_path / "trial"
>       result = recipe.prepare(ROOT, directory)
                 ^^^^^^^^^^^^^^^^^^^^^^^^^^^^^^^

tests/test_audited_bread_recipe.py:64: 
_ _ _ _ _ _ _ _ _ _ _ _ _ _ _ _ _ _ _ _ _ _ _ _ _ _ _ _ _ _ _ _ _ _ _ _ _ _ _ _ 

repo = PosixPath('/home/stev/.codex/worktrees/publish-main/SpecOrganon')
directory = PosixPath('/tmp/pytest-of-stev/pytest-295/test_equal_bytes_through_symli1/trial')
claims_path = None, table_path = None

    def prepare(repo: Path, directory: Path, claims_path: Path | None = None,
                table_path: Path | None = None) -> dict:
        directory = directory.absolute()
        if directory.exists():
            raise RecipeError("recipe destination must be new")
        directory.mkdir(parents=True)
        case = directory / "case"
        case.mkdir()
        (directory / "public_keys.json").write_bytes(_render({"schema": 2, "cases": {}}))
        source = repo / "cases/bread_norway"
        files = {
            "source_claims.json": claims_path or repo / "cases/bread_development/source_claims.json",
            "survey_table1.json": table_path or source / "survey_table1.json",
            "source_lca.pdf": source / "source_lca.pdf", "source_survey.pdf": source / "source_survey.pdf",
            "audit_contract.json": auditor.CONTRACT,
        }
        for name, path in files.items():
            (case / name).write_bytes(_raw(path))
        try:
            report = auditor.audit_bread_sources(case / "source_claims.json", case / "survey_table1.json", case)
        except auditor.SourceAuditError as exc:
            (directory / "precondition_rejection.json").write_bytes(_render({"state": "rejected", "reason": str(exc), "ledger_created": False}))
>           raise RecipeError(f"source precondition rejected: {exc}") from exc
E           scripts.run_audited_bread_recipe.RecipeError: source precondition rejected: extractor bytes differ from reviewed digest

scripts/run_audited_bread_recipe.py:182: RecipeError
_ ERROR at setup of test_equal_bytes_through_symlink_are_rejected[case/audit_report.json] _

repo = PosixPath('/home/stev/.codex/worktrees/publish-main/SpecOrganon')
directory = PosixPath('/tmp/pytest-of-stev/pytest-295/test_equal_bytes_through_symli2/trial')
claims_path = None, table_path = None

    def prepare(repo: Path, directory: Path, claims_path: Path | None = None,
                table_path: Path | None = None) -> dict:
        directory = directory.absolute()
        if directory.exists():
            raise RecipeError("recipe destination must be new")
        directory.mkdir(parents=True)
        case = directory / "case"
        case.mkdir()
        (directory / "public_keys.json").write_bytes(_render({"schema": 2, "cases": {}}))
        source = repo / "cases/bread_norway"
        files = {
            "source_claims.json": claims_path or repo / "cases/bread_development/source_claims.json",
            "survey_table1.json": table_path or source / "survey_table1.json",
            "source_lca.pdf": source / "source_lca.pdf", "source_survey.pdf": source / "source_survey.pdf",
            "audit_contract.json": auditor.CONTRACT,
        }
        for name, path in files.items():
            (case / name).write_bytes(_raw(path))
        try:
>           report = auditor.audit_bread_sources(case / "source_claims.json", case / "survey_table1.json", case)
                     ^^^^^^^^^^^^^^^^^^^^^^^^^^^^^^^^^^^^^^^^^^^^^^^^^^^^^^^^^^^^^^^^^^^^^^^^^^^^^^^^^^^^^^^^^^^

scripts/run_audited_bread_recipe.py:179: 
_ _ _ _ _ _ _ _ _ _ _ _ _ _ _ _ _ _ _ _ _ _ _ _ _ _ _ _ _ _ _ _ _ _ _ _ _ _ _ _ 
scripts/audit_bread_sources.py:143: in audit_bread_sources
    name: read_pdf_pages(pdf_root / identity["visible_file"],
src/specorganon/source_passages.py:147: in read_pdf_pages
    with _sealed_extractor(extractor) as (executable, fd), tempfile.TemporaryDirectory(
         ^^^^^^^^^^^^^^^^^^^^^^^^^^^^
/home/stev/.local/share/uv/python/cpython-3.13.14-linux-x86_64-gnu/lib/python3.13/contextlib.py:141: in __enter__
    return next(self.gen)
           ^^^^^^^^^^^^^^
_ _ _ _ _ _ _ _ _ _ _ _ _ _ _ _ _ _ _ _ _ _ _ _ _ _ _ _ _ _ _ _ _ _ _ _ _ _ _ _ 

spec = ExtractorSpec(path=PosixPath('/usr/bin/pdftotext'), sha256='0fb98ea179e19154a90202608c164f2a319b79f16576fa6534b2d601033565e7')

    @contextmanager
    def _sealed_extractor(spec: ExtractorSpec):
        """Execute the verified binary bytes, without a second path lookup."""
        if not all(hasattr(os, name) for name in ("memfd_create", "MFD_CLOEXEC", "MFD_ALLOW_SEALING")):
            raise SourceAuditError("runtime lacks sealed memfd extractor support")
        if (not spec.path.is_absolute()
                or re.fullmatch(r"[0-9a-f]{64}", spec.sha256) is None):
            raise SourceAuditError("extractor needs an absolute path and reviewed digest")
        sealed = None
        try:
            fd = os.open(spec.path, os.O_RDONLY | os.O_NOFOLLOW | os.O_NONBLOCK)
            with os.fdopen(fd, "rb") as stream:
                info = os.fstat(stream.fileno())
                if not stat.S_ISREG(info.st_mode) or not 0 < info.st_size <= 20_000_000:
                    raise SourceAuditError("extractor is not a bounded regular file")
                raw = stream.read(20_000_001)
            if hashlib.sha256(raw).hexdigest() != spec.sha256:
>               raise SourceAuditError("extractor bytes differ from reviewed digest")
E               specorganon.source_passages.SourceAuditError: extractor bytes differ from reviewed digest

src/specorganon/source_passages.py:110: SourceAuditError

The above exception was the direct cause of the following exception:

tmp_path = PosixPath('/tmp/pytest-of-stev/pytest-295/test_equal_bytes_through_symli2')

    @pytest.fixture
    def prepared(tmp_path):
        directory = tmp_path / "trial"
>       result = recipe.prepare(ROOT, directory)
                 ^^^^^^^^^^^^^^^^^^^^^^^^^^^^^^^

tests/test_audited_bread_recipe.py:64: 
_ _ _ _ _ _ _ _ _ _ _ _ _ _ _ _ _ _ _ _ _ _ _ _ _ _ _ _ _ _ _ _ _ _ _ _ _ _ _ _ 

repo = PosixPath('/home/stev/.codex/worktrees/publish-main/SpecOrganon')
directory = PosixPath('/tmp/pytest-of-stev/pytest-295/test_equal_bytes_through_symli2/trial')
claims_path = None, table_path = None

    def prepare(repo: Path, directory: Path, claims_path: Path | None = None,
                table_path: Path | None = None) -> dict:
        directory = directory.absolute()
        if directory.exists():
            raise RecipeError("recipe destination must be new")
        directory.mkdir(parents=True)
        case = directory / "case"
        case.mkdir()
        (directory / "public_keys.json").write_bytes(_render({"schema": 2, "cases": {}}))
        source = repo / "cases/bread_norway"
        files = {
            "source_claims.json": claims_path or repo / "cases/bread_development/source_claims.json",
            "survey_table1.json": table_path or source / "survey_table1.json",
            "source_lca.pdf": source / "source_lca.pdf", "source_survey.pdf": source / "source_survey.pdf",
            "audit_contract.json": auditor.CONTRACT,
        }
        for name, path in files.items():
            (case / name).write_bytes(_raw(path))
        try:
            report = auditor.audit_bread_sources(case / "source_claims.json", case / "survey_table1.json", case)
        except auditor.SourceAuditError as exc:
            (directory / "precondition_rejection.json").write_bytes(_render({"state": "rejected", "reason": str(exc), "ledger_created": False}))
>           raise RecipeError(f"source precondition rejected: {exc}") from exc
E           scripts.run_audited_bread_recipe.RecipeError: source precondition rejected: extractor bytes differ from reviewed digest

scripts/run_audited_bread_recipe.py:182: RecipeError
_ ERROR at setup of test_equal_bytes_through_symlink_are_rejected[manifest.json] _

repo = PosixPath('/home/stev/.codex/worktrees/publish-main/SpecOrganon')
directory = PosixPath('/tmp/pytest-of-stev/pytest-295/test_equal_bytes_through_symli3/trial')
claims_path = None, table_path = None

    def prepare(repo: Path, directory: Path, claims_path: Path | None = None,
                table_path: Path | None = None) -> dict:
        directory = directory.absolute()
        if directory.exists():
            raise RecipeError("recipe destination must be new")
        directory.mkdir(parents=True)
        case = directory / "case"
        case.mkdir()
        (directory / "public_keys.json").write_bytes(_render({"schema": 2, "cases": {}}))
        source = repo / "cases/bread_norway"
        files = {
            "source_claims.json": claims_path or repo / "cases/bread_development/source_claims.json",
            "survey_table1.json": table_path or source / "survey_table1.json",
            "source_lca.pdf": source / "source_lca.pdf", "source_survey.pdf": source / "source_survey.pdf",
            "audit_contract.json": auditor.CONTRACT,
        }
        for name, path in files.items():
            (case / name).write_bytes(_raw(path))
        try:
>           report = auditor.audit_bread_sources(case / "source_claims.json", case / "survey_table1.json", case)
                     ^^^^^^^^^^^^^^^^^^^^^^^^^^^^^^^^^^^^^^^^^^^^^^^^^^^^^^^^^^^^^^^^^^^^^^^^^^^^^^^^^^^^^^^^^^^

scripts/run_audited_bread_recipe.py:179: 
_ _ _ _ _ _ _ _ _ _ _ _ _ _ _ _ _ _ _ _ _ _ _ _ _ _ _ _ _ _ _ _ _ _ _ _ _ _ _ _ 
scripts/audit_bread_sources.py:143: in audit_bread_sources
    name: read_pdf_pages(pdf_root / identity["visible_file"],
src/specorganon/source_passages.py:147: in read_pdf_pages
    with _sealed_extractor(extractor) as (executable, fd), tempfile.TemporaryDirectory(
         ^^^^^^^^^^^^^^^^^^^^^^^^^^^^
/home/stev/.local/share/uv/python/cpython-3.13.14-linux-x86_64-gnu/lib/python3.13/contextlib.py:141: in __enter__
    return next(self.gen)
           ^^^^^^^^^^^^^^
_ _ _ _ _ _ _ _ _ _ _ _ _ _ _ _ _ _ _ _ _ _ _ _ _ _ _ _ _ _ _ _ _ _ _ _ _ _ _ _ 

spec = ExtractorSpec(path=PosixPath('/usr/bin/pdftotext'), sha256='0fb98ea179e19154a90202608c164f2a319b79f16576fa6534b2d601033565e7')

    @contextmanager
    def _sealed_extractor(spec: ExtractorSpec):
        """Execute the verified binary bytes, without a second path lookup."""
        if not all(hasattr(os, name) for name in ("memfd_create", "MFD_CLOEXEC", "MFD_ALLOW_SEALING")):
            raise SourceAuditError("runtime lacks sealed memfd extractor support")
        if (not spec.path.is_absolute()
                or re.fullmatch(r"[0-9a-f]{64}", spec.sha256) is None):
            raise SourceAuditError("extractor needs an absolute path and reviewed digest")
        sealed = None
        try:
            fd = os.open(spec.path, os.O_RDONLY | os.O_NOFOLLOW | os.O_NONBLOCK)
            with os.fdopen(fd, "rb") as stream:
                info = os.fstat(stream.fileno())
                if not stat.S_ISREG(info.st_mode) or not 0 < info.st_size <= 20_000_000:
                    raise SourceAuditError("extractor is not a bounded regular file")
                raw = stream.read(20_000_001)
            if hashlib.sha256(raw).hexdigest() != spec.sha256:
>               raise SourceAuditError("extractor bytes differ from reviewed digest")
E               specorganon.source_passages.SourceAuditError: extractor bytes differ from reviewed digest

src/specorganon/source_passages.py:110: SourceAuditError

The above exception was the direct cause of the following exception:

tmp_path = PosixPath('/tmp/pytest-of-stev/pytest-295/test_equal_bytes_through_symli3')

    @pytest.fixture
    def prepared(tmp_path):
        directory = tmp_path / "trial"
>       result = recipe.prepare(ROOT, directory)
                 ^^^^^^^^^^^^^^^^^^^^^^^^^^^^^^^

tests/test_audited_bread_recipe.py:64: 
_ _ _ _ _ _ _ _ _ _ _ _ _ _ _ _ _ _ _ _ _ _ _ _ _ _ _ _ _ _ _ _ _ _ _ _ _ _ _ _ 

repo = PosixPath('/home/stev/.codex/worktrees/publish-main/SpecOrganon')
directory = PosixPath('/tmp/pytest-of-stev/pytest-295/test_equal_bytes_through_symli3/trial')
claims_path = None, table_path = None

    def prepare(repo: Path, directory: Path, claims_path: Path | None = None,
                table_path: Path | None = None) -> dict:
        directory = directory.absolute()
        if directory.exists():
            raise RecipeError("recipe destination must be new")
        directory.mkdir(parents=True)
        case = directory / "case"
        case.mkdir()
        (directory / "public_keys.json").write_bytes(_render({"schema": 2, "cases": {}}))
        source = repo / "cases/bread_norway"
        files = {
            "source_claims.json": claims_path or repo / "cases/bread_development/source_claims.json",
            "survey_table1.json": table_path or source / "survey_table1.json",
            "source_lca.pdf": source / "source_lca.pdf", "source_survey.pdf": source / "source_survey.pdf",
            "audit_contract.json": auditor.CONTRACT,
        }
        for name, path in files.items():
            (case / name).write_bytes(_raw(path))
        try:
            report = auditor.audit_bread_sources(case / "source_claims.json", case / "survey_table1.json", case)
        except auditor.SourceAuditError as exc:
            (directory / "precondition_rejection.json").write_bytes(_render({"state": "rejected", "reason": str(exc), "ledger_created": False}))
>           raise RecipeError(f"source precondition rejected: {exc}") from exc
E           scripts.run_audited_bread_recipe.RecipeError: source precondition rejected: extractor bytes differ from reviewed digest

scripts/run_audited_bread_recipe.py:182: RecipeError
_ ERROR at setup of test_equal_bytes_through_symlink_are_rejected[binding.json] _

repo = PosixPath('/home/stev/.codex/worktrees/publish-main/SpecOrganon')
directory = PosixPath('/tmp/pytest-of-stev/pytest-295/test_equal_bytes_through_symli4/trial')
claims_path = None, table_path = None

    def prepare(repo: Path, directory: Path, claims_path: Path | None = None,
                table_path: Path | None = None) -> dict:
        directory = directory.absolute()
        if directory.exists():
            raise RecipeError("recipe destination must be new")
        directory.mkdir(parents=True)
        case = directory / "case"
        case.mkdir()
        (directory / "public_keys.json").write_bytes(_render({"schema": 2, "cases": {}}))
        source = repo / "cases/bread_norway"
        files = {
            "source_claims.json": claims_path or repo / "cases/bread_development/source_claims.json",
            "survey_table1.json": table_path or source / "survey_table1.json",
            "source_lca.pdf": source / "source_lca.pdf", "source_survey.pdf": source / "source_survey.pdf",
            "audit_contract.json": auditor.CONTRACT,
        }
        for name, path in files.items():
            (case / name).write_bytes(_raw(path))
        try:
>           report = auditor.audit_bread_sources(case / "source_claims.json", case / "survey_table1.json", case)
                     ^^^^^^^^^^^^^^^^^^^^^^^^^^^^^^^^^^^^^^^^^^^^^^^^^^^^^^^^^^^^^^^^^^^^^^^^^^^^^^^^^^^^^^^^^^^

scripts/run_audited_bread_recipe.py:179: 
_ _ _ _ _ _ _ _ _ _ _ _ _ _ _ _ _ _ _ _ _ _ _ _ _ _ _ _ _ _ _ _ _ _ _ _ _ _ _ _ 
scripts/audit_bread_sources.py:143: in audit_bread_sources
    name: read_pdf_pages(pdf_root / identity["visible_file"],
src/specorganon/source_passages.py:147: in read_pdf_pages
    with _sealed_extractor(extractor) as (executable, fd), tempfile.TemporaryDirectory(
         ^^^^^^^^^^^^^^^^^^^^^^^^^^^^
/home/stev/.local/share/uv/python/cpython-3.13.14-linux-x86_64-gnu/lib/python3.13/contextlib.py:141: in __enter__
    return next(self.gen)
           ^^^^^^^^^^^^^^
_ _ _ _ _ _ _ _ _ _ _ _ _ _ _ _ _ _ _ _ _ _ _ _ _ _ _ _ _ _ _ _ _ _ _ _ _ _ _ _ 

spec = ExtractorSpec(path=PosixPath('/usr/bin/pdftotext'), sha256='0fb98ea179e19154a90202608c164f2a319b79f16576fa6534b2d601033565e7')

    @contextmanager
    def _sealed_extractor(spec: ExtractorSpec):
        """Execute the verified binary bytes, without a second path lookup."""
        if not all(hasattr(os, name) for name in ("memfd_create", "MFD_CLOEXEC", "MFD_ALLOW_SEALING")):
            raise SourceAuditError("runtime lacks sealed memfd extractor support")
        if (not spec.path.is_absolute()
                or re.fullmatch(r"[0-9a-f]{64}", spec.sha256) is None):
            raise SourceAuditError("extractor needs an absolute path and reviewed digest")
        sealed = None
        try:
            fd = os.open(spec.path, os.O_RDONLY | os.O_NOFOLLOW | os.O_NONBLOCK)
            with os.fdopen(fd, "rb") as stream:
                info = os.fstat(stream.fileno())
                if not stat.S_ISREG(info.st_mode) or not 0 < info.st_size <= 20_000_000:
                    raise SourceAuditError("extractor is not a bounded regular file")
                raw = stream.read(20_000_001)
            if hashlib.sha256(raw).hexdigest() != spec.sha256:
>               raise SourceAuditError("extractor bytes differ from reviewed digest")
E               specorganon.source_passages.SourceAuditError: extractor bytes differ from reviewed digest

src/specorganon/source_passages.py:110: SourceAuditError

The above exception was the direct cause of the following exception:

tmp_path = PosixPath('/tmp/pytest-of-stev/pytest-295/test_equal_bytes_through_symli4')

    @pytest.fixture
    def prepared(tmp_path):
        directory = tmp_path / "trial"
>       result = recipe.prepare(ROOT, directory)
                 ^^^^^^^^^^^^^^^^^^^^^^^^^^^^^^^

tests/test_audited_bread_recipe.py:64: 
_ _ _ _ _ _ _ _ _ _ _ _ _ _ _ _ _ _ _ _ _ _ _ _ _ _ _ _ _ _ _ _ _ _ _ _ _ _ _ _ 

repo = PosixPath('/home/stev/.codex/worktrees/publish-main/SpecOrganon')
directory = PosixPath('/tmp/pytest-of-stev/pytest-295/test_equal_bytes_through_symli4/trial')
claims_path = None, table_path = None

    def prepare(repo: Path, directory: Path, claims_path: Path | None = None,
                table_path: Path | None = None) -> dict:
        directory = directory.absolute()
        if directory.exists():
            raise RecipeError("recipe destination must be new")
        directory.mkdir(parents=True)
        case = directory / "case"
        case.mkdir()
        (directory / "public_keys.json").write_bytes(_render({"schema": 2, "cases": {}}))
        source = repo / "cases/bread_norway"
        files = {
            "source_claims.json": claims_path or repo / "cases/bread_development/source_claims.json",
            "survey_table1.json": table_path or source / "survey_table1.json",
            "source_lca.pdf": source / "source_lca.pdf", "source_survey.pdf": source / "source_survey.pdf",
            "audit_contract.json": auditor.CONTRACT,
        }
        for name, path in files.items():
            (case / name).write_bytes(_raw(path))
        try:
            report = auditor.audit_bread_sources(case / "source_claims.json", case / "survey_table1.json", case)
        except auditor.SourceAuditError as exc:
            (directory / "precondition_rejection.json").write_bytes(_render({"state": "rejected", "reason": str(exc), "ledger_created": False}))
>           raise RecipeError(f"source precondition rejected: {exc}") from exc
E           scripts.run_audited_bread_recipe.RecipeError: source precondition rejected: extractor bytes differ from reviewed digest

scripts/run_audited_bread_recipe.py:182: RecipeError
_ ERROR at setup of test_manifest_override_cannot_publish_an_unaudited_number __

repo = PosixPath('/home/stev/.codex/worktrees/publish-main/SpecOrganon')
directory = PosixPath('/tmp/pytest-of-stev/pytest-295/test_manifest_override_cannot_0/trial')
claims_path = None, table_path = None

    def prepare(repo: Path, directory: Path, claims_path: Path | None = None,
                table_path: Path | None = None) -> dict:
        directory = directory.absolute()
        if directory.exists():
            raise RecipeError("recipe destination must be new")
        directory.mkdir(parents=True)
        case = directory / "case"
        case.mkdir()
        (directory / "public_keys.json").write_bytes(_render({"schema": 2, "cases": {}}))
        source = repo / "cases/bread_norway"
        files = {
            "source_claims.json": claims_path or repo / "cases/bread_development/source_claims.json",
            "survey_table1.json": table_path or source / "survey_table1.json",
            "source_lca.pdf": source / "source_lca.pdf", "source_survey.pdf": source / "source_survey.pdf",
            "audit_contract.json": auditor.CONTRACT,
        }
        for name, path in files.items():
            (case / name).write_bytes(_raw(path))
        try:
>           report = auditor.audit_bread_sources(case / "source_claims.json", case / "survey_table1.json", case)
                     ^^^^^^^^^^^^^^^^^^^^^^^^^^^^^^^^^^^^^^^^^^^^^^^^^^^^^^^^^^^^^^^^^^^^^^^^^^^^^^^^^^^^^^^^^^^

scripts/run_audited_bread_recipe.py:179: 
_ _ _ _ _ _ _ _ _ _ _ _ _ _ _ _ _ _ _ _ _ _ _ _ _ _ _ _ _ _ _ _ _ _ _ _ _ _ _ _ 
scripts/audit_bread_sources.py:143: in audit_bread_sources
    name: read_pdf_pages(pdf_root / identity["visible_file"],
src/specorganon/source_passages.py:147: in read_pdf_pages
    with _sealed_extractor(extractor) as (executable, fd), tempfile.TemporaryDirectory(
         ^^^^^^^^^^^^^^^^^^^^^^^^^^^^
/home/stev/.local/share/uv/python/cpython-3.13.14-linux-x86_64-gnu/lib/python3.13/contextlib.py:141: in __enter__
    return next(self.gen)
           ^^^^^^^^^^^^^^
_ _ _ _ _ _ _ _ _ _ _ _ _ _ _ _ _ _ _ _ _ _ _ _ _ _ _ _ _ _ _ _ _ _ _ _ _ _ _ _ 

spec = ExtractorSpec(path=PosixPath('/usr/bin/pdftotext'), sha256='0fb98ea179e19154a90202608c164f2a319b79f16576fa6534b2d601033565e7')

    @contextmanager
    def _sealed_extractor(spec: ExtractorSpec):
        """Execute the verified binary bytes, without a second path lookup."""
        if not all(hasattr(os, name) for name in ("memfd_create", "MFD_CLOEXEC", "MFD_ALLOW_SEALING")):
            raise SourceAuditError("runtime lacks sealed memfd extractor support")
        if (not spec.path.is_absolute()
                or re.fullmatch(r"[0-9a-f]{64}", spec.sha256) is None):
            raise SourceAuditError("extractor needs an absolute path and reviewed digest")
        sealed = None
        try:
            fd = os.open(spec.path, os.O_RDONLY | os.O_NOFOLLOW | os.O_NONBLOCK)
            with os.fdopen(fd, "rb") as stream:
                info = os.fstat(stream.fileno())
                if not stat.S_ISREG(info.st_mode) or not 0 < info.st_size <= 20_000_000:
                    raise SourceAuditError("extractor is not a bounded regular file")
                raw = stream.read(20_000_001)
            if hashlib.sha256(raw).hexdigest() != spec.sha256:
>               raise SourceAuditError("extractor bytes differ from reviewed digest")
E               specorganon.source_passages.SourceAuditError: extractor bytes differ from reviewed digest

src/specorganon/source_passages.py:110: SourceAuditError

The above exception was the direct cause of the following exception:

tmp_path = PosixPath('/tmp/pytest-of-stev/pytest-295/test_manifest_override_cannot_0')

    @pytest.fixture
    def prepared(tmp_path):
        directory = tmp_path / "trial"
>       result = recipe.prepare(ROOT, directory)
                 ^^^^^^^^^^^^^^^^^^^^^^^^^^^^^^^

tests/test_audited_bread_recipe.py:64: 
_ _ _ _ _ _ _ _ _ _ _ _ _ _ _ _ _ _ _ _ _ _ _ _ _ _ _ _ _ _ _ _ _ _ _ _ _ _ _ _ 

repo = PosixPath('/home/stev/.codex/worktrees/publish-main/SpecOrganon')
directory = PosixPath('/tmp/pytest-of-stev/pytest-295/test_manifest_override_cannot_0/trial')
claims_path = None, table_path = None

    def prepare(repo: Path, directory: Path, claims_path: Path | None = None,
                table_path: Path | None = None) -> dict:
        directory = directory.absolute()
        if directory.exists():
            raise RecipeError("recipe destination must be new")
        directory.mkdir(parents=True)
        case = directory / "case"
        case.mkdir()
        (directory / "public_keys.json").write_bytes(_render({"schema": 2, "cases": {}}))
        source = repo / "cases/bread_norway"
        files = {
            "source_claims.json": claims_path or repo / "cases/bread_development/source_claims.json",
            "survey_table1.json": table_path or source / "survey_table1.json",
            "source_lca.pdf": source / "source_lca.pdf", "source_survey.pdf": source / "source_survey.pdf",
            "audit_contract.json": auditor.CONTRACT,
        }
        for name, path in files.items():
            (case / name).write_bytes(_raw(path))
        try:
            report = auditor.audit_bread_sources(case / "source_claims.json", case / "survey_table1.json", case)
        except auditor.SourceAuditError as exc:
            (directory / "precondition_rejection.json").write_bytes(_render({"state": "rejected", "reason": str(exc), "ledger_created": False}))
>           raise RecipeError(f"source precondition rejected: {exc}") from exc
E           scripts.run_audited_bread_recipe.RecipeError: source precondition rejected: extractor bytes differ from reviewed digest

scripts/run_audited_bread_recipe.py:182: RecipeError
_ ERROR at setup of test_real_cli_recipe_is_pending_and_restart_writes_zero_events _

repo = PosixPath('/home/stev/.codex/worktrees/publish-main/SpecOrganon')
directory = PosixPath('/tmp/pytest-of-stev/pytest-295/test_real_cli_recipe_is_pendin0/trial')
claims_path = None, table_path = None

    def prepare(repo: Path, directory: Path, claims_path: Path | None = None,
                table_path: Path | None = None) -> dict:
        directory = directory.absolute()
        if directory.exists():
            raise RecipeError("recipe destination must be new")
        directory.mkdir(parents=True)
        case = directory / "case"
        case.mkdir()
        (directory / "public_keys.json").write_bytes(_render({"schema": 2, "cases": {}}))
        source = repo / "cases/bread_norway"
        files = {
            "source_claims.json": claims_path or repo / "cases/bread_development/source_claims.json",
            "survey_table1.json": table_path or source / "survey_table1.json",
            "source_lca.pdf": source / "source_lca.pdf", "source_survey.pdf": source / "source_survey.pdf",
            "audit_contract.json": auditor.CONTRACT,
        }
        for name, path in files.items():
            (case / name).write_bytes(_raw(path))
        try:
>           report = auditor.audit_bread_sources(case / "source_claims.json", case / "survey_table1.json", case)
                     ^^^^^^^^^^^^^^^^^^^^^^^^^^^^^^^^^^^^^^^^^^^^^^^^^^^^^^^^^^^^^^^^^^^^^^^^^^^^^^^^^^^^^^^^^^^

scripts/run_audited_bread_recipe.py:179: 
_ _ _ _ _ _ _ _ _ _ _ _ _ _ _ _ _ _ _ _ _ _ _ _ _ _ _ _ _ _ _ _ _ _ _ _ _ _ _ _ 
scripts/audit_bread_sources.py:143: in audit_bread_sources
    name: read_pdf_pages(pdf_root / identity["visible_file"],
src/specorganon/source_passages.py:147: in read_pdf_pages
    with _sealed_extractor(extractor) as (executable, fd), tempfile.TemporaryDirectory(
         ^^^^^^^^^^^^^^^^^^^^^^^^^^^^
/home/stev/.local/share/uv/python/cpython-3.13.14-linux-x86_64-gnu/lib/python3.13/contextlib.py:141: in __enter__
    return next(self.gen)
           ^^^^^^^^^^^^^^
_ _ _ _ _ _ _ _ _ _ _ _ _ _ _ _ _ _ _ _ _ _ _ _ _ _ _ _ _ _ _ _ _ _ _ _ _ _ _ _ 

spec = ExtractorSpec(path=PosixPath('/usr/bin/pdftotext'), sha256='0fb98ea179e19154a90202608c164f2a319b79f16576fa6534b2d601033565e7')

    @contextmanager
    def _sealed_extractor(spec: ExtractorSpec):
        """Execute the verified binary bytes, without a second path lookup."""
        if not all(hasattr(os, name) for name in ("memfd_create", "MFD_CLOEXEC", "MFD_ALLOW_SEALING")):
            raise SourceAuditError("runtime lacks sealed memfd extractor support")
        if (not spec.path.is_absolute()
                or re.fullmatch(r"[0-9a-f]{64}", spec.sha256) is None):
            raise SourceAuditError("extractor needs an absolute path and reviewed digest")
        sealed = None
        try:
            fd = os.open(spec.path, os.O_RDONLY | os.O_NOFOLLOW | os.O_NONBLOCK)
            with os.fdopen(fd, "rb") as stream:
                info = os.fstat(stream.fileno())
                if not stat.S_ISREG(info.st_mode) or not 0 < info.st_size <= 20_000_000:
                    raise SourceAuditError("extractor is not a bounded regular file")
                raw = stream.read(20_000_001)
            if hashlib.sha256(raw).hexdigest() != spec.sha256:
>               raise SourceAuditError("extractor bytes differ from reviewed digest")
E               specorganon.source_passages.SourceAuditError: extractor bytes differ from reviewed digest

src/specorganon/source_passages.py:110: SourceAuditError

The above exception was the direct cause of the following exception:

tmp_path = PosixPath('/tmp/pytest-of-stev/pytest-295/test_real_cli_recipe_is_pendin0')

    @pytest.fixture
    def prepared(tmp_path):
        directory = tmp_path / "trial"
>       result = recipe.prepare(ROOT, directory)
                 ^^^^^^^^^^^^^^^^^^^^^^^^^^^^^^^

tests/test_audited_bread_recipe.py:64: 
_ _ _ _ _ _ _ _ _ _ _ _ _ _ _ _ _ _ _ _ _ _ _ _ _ _ _ _ _ _ _ _ _ _ _ _ _ _ _ _ 

repo = PosixPath('/home/stev/.codex/worktrees/publish-main/SpecOrganon')
directory = PosixPath('/tmp/pytest-of-stev/pytest-295/test_real_cli_recipe_is_pendin0/trial')
claims_path = None, table_path = None

    def prepare(repo: Path, directory: Path, claims_path: Path | None = None,
                table_path: Path | None = None) -> dict:
        directory = directory.absolute()
        if directory.exists():
            raise RecipeError("recipe destination must be new")
        directory.mkdir(parents=True)
        case = directory / "case"
        case.mkdir()
        (directory / "public_keys.json").write_bytes(_render({"schema": 2, "cases": {}}))
        source = repo / "cases/bread_norway"
        files = {
            "source_claims.json": claims_path or repo / "cases/bread_development/source_claims.json",
            "survey_table1.json": table_path or source / "survey_table1.json",
            "source_lca.pdf": source / "source_lca.pdf", "source_survey.pdf": source / "source_survey.pdf",
            "audit_contract.json": auditor.CONTRACT,
        }
        for name, path in files.items():
            (case / name).write_bytes(_raw(path))
        try:
            report = auditor.audit_bread_sources(case / "source_claims.json", case / "survey_table1.json", case)
        except auditor.SourceAuditError as exc:
            (directory / "precondition_rejection.json").write_bytes(_render({"state": "rejected", "reason": str(exc), "ledger_created": False}))
>           raise RecipeError(f"source precondition rejected: {exc}") from exc
E           scripts.run_audited_bread_recipe.RecipeError: source precondition rejected: extractor bytes differ from reviewed digest

scripts/run_audited_bread_recipe.py:182: RecipeError
_ ERROR at setup of test_cli_uses_sealed_audited_manifest_when_disk_manifest_changes_at_launch _

repo = PosixPath('/home/stev/.codex/worktrees/publish-main/SpecOrganon')
directory = PosixPath('/tmp/pytest-of-stev/pytest-295/test_cli_uses_sealed_audited_m0/trial')
claims_path = None, table_path = None

    def prepare(repo: Path, directory: Path, claims_path: Path | None = None,
                table_path: Path | None = None) -> dict:
        directory = directory.absolute()
        if directory.exists():
            raise RecipeError("recipe destination must be new")
        directory.mkdir(parents=True)
        case = directory / "case"
        case.mkdir()
        (directory / "public_keys.json").write_bytes(_render({"schema": 2, "cases": {}}))
        source = repo / "cases/bread_norway"
        files = {
            "source_claims.json": claims_path or repo / "cases/bread_development/source_claims.json",
            "survey_table1.json": table_path or source / "survey_table1.json",
            "source_lca.pdf": source / "source_lca.pdf", "source_survey.pdf": source / "source_survey.pdf",
            "audit_contract.json": auditor.CONTRACT,
        }
        for name, path in files.items():
            (case / name).write_bytes(_raw(path))
        try:
>           report = auditor.audit_bread_sources(case / "source_claims.json", case / "survey_table1.json", case)
                     ^^^^^^^^^^^^^^^^^^^^^^^^^^^^^^^^^^^^^^^^^^^^^^^^^^^^^^^^^^^^^^^^^^^^^^^^^^^^^^^^^^^^^^^^^^^

scripts/run_audited_bread_recipe.py:179: 
_ _ _ _ _ _ _ _ _ _ _ _ _ _ _ _ _ _ _ _ _ _ _ _ _ _ _ _ _ _ _ _ _ _ _ _ _ _ _ _ 
scripts/audit_bread_sources.py:143: in audit_bread_sources
    name: read_pdf_pages(pdf_root / identity["visible_file"],
src/specorganon/source_passages.py:147: in read_pdf_pages
    with _sealed_extractor(extractor) as (executable, fd), tempfile.TemporaryDirectory(
         ^^^^^^^^^^^^^^^^^^^^^^^^^^^^
/home/stev/.local/share/uv/python/cpython-3.13.14-linux-x86_64-gnu/lib/python3.13/contextlib.py:141: in __enter__
    return next(self.gen)
           ^^^^^^^^^^^^^^
_ _ _ _ _ _ _ _ _ _ _ _ _ _ _ _ _ _ _ _ _ _ _ _ _ _ _ _ _ _ _ _ _ _ _ _ _ _ _ _ 

spec = ExtractorSpec(path=PosixPath('/usr/bin/pdftotext'), sha256='0fb98ea179e19154a90202608c164f2a319b79f16576fa6534b2d601033565e7')

    @contextmanager
    def _sealed_extractor(spec: ExtractorSpec):
        """Execute the verified binary bytes, without a second path lookup."""
        if not all(hasattr(os, name) for name in ("memfd_create", "MFD_CLOEXEC", "MFD_ALLOW_SEALING")):
            raise SourceAuditError("runtime lacks sealed memfd extractor support")
        if (not spec.path.is_absolute()
                or re.fullmatch(r"[0-9a-f]{64}", spec.sha256) is None):
            raise SourceAuditError("extractor needs an absolute path and reviewed digest")
        sealed = None
        try:
            fd = os.open(spec.path, os.O_RDONLY | os.O_NOFOLLOW | os.O_NONBLOCK)
            with os.fdopen(fd, "rb") as stream:
                info = os.fstat(stream.fileno())
                if not stat.S_ISREG(info.st_mode) or not 0 < info.st_size <= 20_000_000:
                    raise SourceAuditError("extractor is not a bounded regular file")
                raw = stream.read(20_000_001)
            if hashlib.sha256(raw).hexdigest() != spec.sha256:
>               raise SourceAuditError("extractor bytes differ from reviewed digest")
E               specorganon.source_passages.SourceAuditError: extractor bytes differ from reviewed digest

src/specorganon/source_passages.py:110: SourceAuditError

The above exception was the direct cause of the following exception:

tmp_path = PosixPath('/tmp/pytest-of-stev/pytest-295/test_cli_uses_sealed_audited_m0')

    @pytest.fixture
    def prepared(tmp_path):
        directory = tmp_path / "trial"
>       result = recipe.prepare(ROOT, directory)
                 ^^^^^^^^^^^^^^^^^^^^^^^^^^^^^^^

tests/test_audited_bread_recipe.py:64: 
_ _ _ _ _ _ _ _ _ _ _ _ _ _ _ _ _ _ _ _ _ _ _ _ _ _ _ _ _ _ _ _ _ _ _ _ _ _ _ _ 

repo = PosixPath('/home/stev/.codex/worktrees/publish-main/SpecOrganon')
directory = PosixPath('/tmp/pytest-of-stev/pytest-295/test_cli_uses_sealed_audited_m0/trial')
claims_path = None, table_path = None

    def prepare(repo: Path, directory: Path, claims_path: Path | None = None,
                table_path: Path | None = None) -> dict:
        directory = directory.absolute()
        if directory.exists():
            raise RecipeError("recipe destination must be new")
        directory.mkdir(parents=True)
        case = directory / "case"
        case.mkdir()
        (directory / "public_keys.json").write_bytes(_render({"schema": 2, "cases": {}}))
        source = repo / "cases/bread_norway"
        files = {
            "source_claims.json": claims_path or repo / "cases/bread_development/source_claims.json",
            "survey_table1.json": table_path or source / "survey_table1.json",
            "source_lca.pdf": source / "source_lca.pdf", "source_survey.pdf": source / "source_survey.pdf",
            "audit_contract.json": auditor.CONTRACT,
        }
        for name, path in files.items():
            (case / name).write_bytes(_raw(path))
        try:
            report = auditor.audit_bread_sources(case / "source_claims.json", case / "survey_table1.json", case)
        except auditor.SourceAuditError as exc:
            (directory / "precondition_rejection.json").write_bytes(_render({"state": "rejected", "reason": str(exc), "ledger_created": False}))
>           raise RecipeError(f"source precondition rejected: {exc}") from exc
E           scripts.run_audited_bread_recipe.RecipeError: source precondition rejected: extractor bytes differ from reviewed digest

scripts/run_audited_bread_recipe.py:182: RecipeError
_ ERROR at setup of test_item_review_in_partial_checkpoint_requires_explicit_recipe_revision[accept] _

repo = PosixPath('/home/stev/.codex/worktrees/publish-main/SpecOrganon')
directory = PosixPath('/tmp/pytest-of-stev/pytest-295/test_item_review_in_partial_ch0/trial')
claims_path = None, table_path = None

    def prepare(repo: Path, directory: Path, claims_path: Path | None = None,
                table_path: Path | None = None) -> dict:
        directory = directory.absolute()
        if directory.exists():
            raise RecipeError("recipe destination must be new")
        directory.mkdir(parents=True)
        case = directory / "case"
        case.mkdir()
        (directory / "public_keys.json").write_bytes(_render({"schema": 2, "cases": {}}))
        source = repo / "cases/bread_norway"
        files = {
            "source_claims.json": claims_path or repo / "cases/bread_development/source_claims.json",
            "survey_table1.json": table_path or source / "survey_table1.json",
            "source_lca.pdf": source / "source_lca.pdf", "source_survey.pdf": source / "source_survey.pdf",
            "audit_contract.json": auditor.CONTRACT,
        }
        for name, path in files.items():
            (case / name).write_bytes(_raw(path))
        try:
>           report = auditor.audit_bread_sources(case / "source_claims.json", case / "survey_table1.json", case)
                     ^^^^^^^^^^^^^^^^^^^^^^^^^^^^^^^^^^^^^^^^^^^^^^^^^^^^^^^^^^^^^^^^^^^^^^^^^^^^^^^^^^^^^^^^^^^

scripts/run_audited_bread_recipe.py:179: 
_ _ _ _ _ _ _ _ _ _ _ _ _ _ _ _ _ _ _ _ _ _ _ _ _ _ _ _ _ _ _ _ _ _ _ _ _ _ _ _ 
scripts/audit_bread_sources.py:143: in audit_bread_sources
    name: read_pdf_pages(pdf_root / identity["visible_file"],
src/specorganon/source_passages.py:147: in read_pdf_pages
    with _sealed_extractor(extractor) as (executable, fd), tempfile.TemporaryDirectory(
         ^^^^^^^^^^^^^^^^^^^^^^^^^^^^
/home/stev/.local/share/uv/python/cpython-3.13.14-linux-x86_64-gnu/lib/python3.13/contextlib.py:141: in __enter__
    return next(self.gen)
           ^^^^^^^^^^^^^^
_ _ _ _ _ _ _ _ _ _ _ _ _ _ _ _ _ _ _ _ _ _ _ _ _ _ _ _ _ _ _ _ _ _ _ _ _ _ _ _ 

spec = ExtractorSpec(path=PosixPath('/usr/bin/pdftotext'), sha256='0fb98ea179e19154a90202608c164f2a319b79f16576fa6534b2d601033565e7')

    @contextmanager
    def _sealed_extractor(spec: ExtractorSpec):
        """Execute the verified binary bytes, without a second path lookup."""
        if not all(hasattr(os, name) for name in ("memfd_create", "MFD_CLOEXEC", "MFD_ALLOW_SEALING")):
            raise SourceAuditError("runtime lacks sealed memfd extractor support")
        if (not spec.path.is_absolute()
                or re.fullmatch(r"[0-9a-f]{64}", spec.sha256) is None):
            raise SourceAuditError("extractor needs an absolute path and reviewed digest")
        sealed = None
        try:
            fd = os.open(spec.path, os.O_RDONLY | os.O_NOFOLLOW | os.O_NONBLOCK)
            with os.fdopen(fd, "rb") as stream:
                info = os.fstat(stream.fileno())
                if not stat.S_ISREG(info.st_mode) or not 0 < info.st_size <= 20_000_000:
                    raise SourceAuditError("extractor is not a bounded regular file")
                raw = stream.read(20_000_001)
            if hashlib.sha256(raw).hexdigest() != spec.sha256:
>               raise SourceAuditError("extractor bytes differ from reviewed digest")
E               specorganon.source_passages.SourceAuditError: extractor bytes differ from reviewed digest

src/specorganon/source_passages.py:110: SourceAuditError

The above exception was the direct cause of the following exception:

tmp_path = PosixPath('/tmp/pytest-of-stev/pytest-295/test_item_review_in_partial_ch0')

    @pytest.fixture
    def prepared(tmp_path):
        directory = tmp_path / "trial"
>       result = recipe.prepare(ROOT, directory)
                 ^^^^^^^^^^^^^^^^^^^^^^^^^^^^^^^

tests/test_audited_bread_recipe.py:64: 
_ _ _ _ _ _ _ _ _ _ _ _ _ _ _ _ _ _ _ _ _ _ _ _ _ _ _ _ _ _ _ _ _ _ _ _ _ _ _ _ 

repo = PosixPath('/home/stev/.codex/worktrees/publish-main/SpecOrganon')
directory = PosixPath('/tmp/pytest-of-stev/pytest-295/test_item_review_in_partial_ch0/trial')
claims_path = None, table_path = None

    def prepare(repo: Path, directory: Path, claims_path: Path | None = None,
                table_path: Path | None = None) -> dict:
        directory = directory.absolute()
        if directory.exists():
            raise RecipeError("recipe destination must be new")
        directory.mkdir(parents=True)
        case = directory / "case"
        case.mkdir()
        (directory / "public_keys.json").write_bytes(_render({"schema": 2, "cases": {}}))
        source = repo / "cases/bread_norway"
        files = {
            "source_claims.json": claims_path or repo / "cases/bread_development/source_claims.json",
            "survey_table1.json": table_path or source / "survey_table1.json",
            "source_lca.pdf": source / "source_lca.pdf", "source_survey.pdf": source / "source_survey.pdf",
            "audit_contract.json": auditor.CONTRACT,
        }
        for name, path in files.items():
            (case / name).write_bytes(_raw(path))
        try:
            report = auditor.audit_bread_sources(case / "source_claims.json", case / "survey_table1.json", case)
        except auditor.SourceAuditError as exc:
            (directory / "precondition_rejection.json").write_bytes(_render({"state": "rejected", "reason": str(exc), "ledger_created": False}))
>           raise RecipeError(f"source precondition rejected: {exc}") from exc
E           scripts.run_audited_bread_recipe.RecipeError: source precondition rejected: extractor bytes differ from reviewed digest

scripts/run_audited_bread_recipe.py:182: RecipeError
_ ERROR at setup of test_item_review_in_partial_checkpoint_requires_explicit_recipe_revision[reject] _

repo = PosixPath('/home/stev/.codex/worktrees/publish-main/SpecOrganon')
directory = PosixPath('/tmp/pytest-of-stev/pytest-295/test_item_review_in_partial_ch1/trial')
claims_path = None, table_path = None

    def prepare(repo: Path, directory: Path, claims_path: Path | None = None,
                table_path: Path | None = None) -> dict:
        directory = directory.absolute()
        if directory.exists():
            raise RecipeError("recipe destination must be new")
        directory.mkdir(parents=True)
        case = directory / "case"
        case.mkdir()
        (directory / "public_keys.json").write_bytes(_render({"schema": 2, "cases": {}}))
        source = repo / "cases/bread_norway"
        files = {
            "source_claims.json": claims_path or repo / "cases/bread_development/source_claims.json",
            "survey_table1.json": table_path or source / "survey_table1.json",
            "source_lca.pdf": source / "source_lca.pdf", "source_survey.pdf": source / "source_survey.pdf",
            "audit_contract.json": auditor.CONTRACT,
        }
        for name, path in files.items():
            (case / name).write_bytes(_raw(path))
        try:
>           report = auditor.audit_bread_sources(case / "source_claims.json", case / "survey_table1.json", case)
                     ^^^^^^^^^^^^^^^^^^^^^^^^^^^^^^^^^^^^^^^^^^^^^^^^^^^^^^^^^^^^^^^^^^^^^^^^^^^^^^^^^^^^^^^^^^^

scripts/run_audited_bread_recipe.py:179: 
_ _ _ _ _ _ _ _ _ _ _ _ _ _ _ _ _ _ _ _ _ _ _ _ _ _ _ _ _ _ _ _ _ _ _ _ _ _ _ _ 
scripts/audit_bread_sources.py:143: in audit_bread_sources
    name: read_pdf_pages(pdf_root / identity["visible_file"],
src/specorganon/source_passages.py:147: in read_pdf_pages
    with _sealed_extractor(extractor) as (executable, fd), tempfile.TemporaryDirectory(
         ^^^^^^^^^^^^^^^^^^^^^^^^^^^^
/home/stev/.local/share/uv/python/cpython-3.13.14-linux-x86_64-gnu/lib/python3.13/contextlib.py:141: in __enter__
    return next(self.gen)
           ^^^^^^^^^^^^^^
_ _ _ _ _ _ _ _ _ _ _ _ _ _ _ _ _ _ _ _ _ _ _ _ _ _ _ _ _ _ _ _ _ _ _ _ _ _ _ _ 

spec = ExtractorSpec(path=PosixPath('/usr/bin/pdftotext'), sha256='0fb98ea179e19154a90202608c164f2a319b79f16576fa6534b2d601033565e7')

    @contextmanager
    def _sealed_extractor(spec: ExtractorSpec):
        """Execute the verified binary bytes, without a second path lookup."""
        if not all(hasattr(os, name) for name in ("memfd_create", "MFD_CLOEXEC", "MFD_ALLOW_SEALING")):
            raise SourceAuditError("runtime lacks sealed memfd extractor support")
        if (not spec.path.is_absolute()
                or re.fullmatch(r"[0-9a-f]{64}", spec.sha256) is None):
            raise SourceAuditError("extractor needs an absolute path and reviewed digest")
        sealed = None
        try:
            fd = os.open(spec.path, os.O_RDONLY | os.O_NOFOLLOW | os.O_NONBLOCK)
            with os.fdopen(fd, "rb") as stream:
                info = os.fstat(stream.fileno())
                if not stat.S_ISREG(info.st_mode) or not 0 < info.st_size <= 20_000_000:
                    raise SourceAuditError("extractor is not a bounded regular file")
                raw = stream.read(20_000_001)
            if hashlib.sha256(raw).hexdigest() != spec.sha256:
>               raise SourceAuditError("extractor bytes differ from reviewed digest")
E               specorganon.source_passages.SourceAuditError: extractor bytes differ from reviewed digest

src/specorganon/source_passages.py:110: SourceAuditError

The above exception was the direct cause of the following exception:

tmp_path = PosixPath('/tmp/pytest-of-stev/pytest-295/test_item_review_in_partial_ch1')

    @pytest.fixture
    def prepared(tmp_path):
        directory = tmp_path / "trial"
>       result = recipe.prepare(ROOT, directory)
                 ^^^^^^^^^^^^^^^^^^^^^^^^^^^^^^^

tests/test_audited_bread_recipe.py:64: 
_ _ _ _ _ _ _ _ _ _ _ _ _ _ _ _ _ _ _ _ _ _ _ _ _ _ _ _ _ _ _ _ _ _ _ _ _ _ _ _ 

repo = PosixPath('/home/stev/.codex/worktrees/publish-main/SpecOrganon')
directory = PosixPath('/tmp/pytest-of-stev/pytest-295/test_item_review_in_partial_ch1/trial')
claims_path = None, table_path = None

    def prepare(repo: Path, directory: Path, claims_path: Path | None = None,
                table_path: Path | None = None) -> dict:
        directory = directory.absolute()
        if directory.exists():
            raise RecipeError("recipe destination must be new")
        directory.mkdir(parents=True)
        case = directory / "case"
        case.mkdir()
        (directory / "public_keys.json").write_bytes(_render({"schema": 2, "cases": {}}))
        source = repo / "cases/bread_norway"
        files = {
            "source_claims.json": claims_path or repo / "cases/bread_development/source_claims.json",
            "survey_table1.json": table_path or source / "survey_table1.json",
            "source_lca.pdf": source / "source_lca.pdf", "source_survey.pdf": source / "source_survey.pdf",
            "audit_contract.json": auditor.CONTRACT,
        }
        for name, path in files.items():
            (case / name).write_bytes(_raw(path))
        try:
            report = auditor.audit_bread_sources(case / "source_claims.json", case / "survey_table1.json", case)
        except auditor.SourceAuditError as exc:
            (directory / "precondition_rejection.json").write_bytes(_render({"state": "rejected", "reason": str(exc), "ledger_created": False}))
>           raise RecipeError(f"source precondition rejected: {exc}") from exc
E           scripts.run_audited_bread_recipe.RecipeError: source precondition rejected: extractor bytes differ from reviewed digest

scripts/run_audited_bread_recipe.py:182: RecipeError
_ ERROR at setup of test_checkpoint_project_identity_must_match_signed_recipe[approval_policy-fixture] _

repo = PosixPath('/home/stev/.codex/worktrees/publish-main/SpecOrganon')
directory = PosixPath('/tmp/pytest-of-stev/pytest-295/test_checkpoint_project_identi0/trial')
claims_path = None, table_path = None

    def prepare(repo: Path, directory: Path, claims_path: Path | None = None,
                table_path: Path | None = None) -> dict:
        directory = directory.absolute()
        if directory.exists():
            raise RecipeError("recipe destination must be new")
        directory.mkdir(parents=True)
        case = directory / "case"
        case.mkdir()
        (directory / "public_keys.json").write_bytes(_render({"schema": 2, "cases": {}}))
        source = repo / "cases/bread_norway"
        files = {
            "source_claims.json": claims_path or repo / "cases/bread_development/source_claims.json",
            "survey_table1.json": table_path or source / "survey_table1.json",
            "source_lca.pdf": source / "source_lca.pdf", "source_survey.pdf": source / "source_survey.pdf",
            "audit_contract.json": auditor.CONTRACT,
        }
        for name, path in files.items():
            (case / name).write_bytes(_raw(path))
        try:
>           report = auditor.audit_bread_sources(case / "source_claims.json", case / "survey_table1.json", case)
                     ^^^^^^^^^^^^^^^^^^^^^^^^^^^^^^^^^^^^^^^^^^^^^^^^^^^^^^^^^^^^^^^^^^^^^^^^^^^^^^^^^^^^^^^^^^^

scripts/run_audited_bread_recipe.py:179: 
_ _ _ _ _ _ _ _ _ _ _ _ _ _ _ _ _ _ _ _ _ _ _ _ _ _ _ _ _ _ _ _ _ _ _ _ _ _ _ _ 
scripts/audit_bread_sources.py:143: in audit_bread_sources
    name: read_pdf_pages(pdf_root / identity["visible_file"],
src/specorganon/source_passages.py:147: in read_pdf_pages
    with _sealed_extractor(extractor) as (executable, fd), tempfile.TemporaryDirectory(
         ^^^^^^^^^^^^^^^^^^^^^^^^^^^^
/home/stev/.local/share/uv/python/cpython-3.13.14-linux-x86_64-gnu/lib/python3.13/contextlib.py:141: in __enter__
    return next(self.gen)
           ^^^^^^^^^^^^^^
_ _ _ _ _ _ _ _ _ _ _ _ _ _ _ _ _ _ _ _ _ _ _ _ _ _ _ _ _ _ _ _ _ _ _ _ _ _ _ _ 

spec = ExtractorSpec(path=PosixPath('/usr/bin/pdftotext'), sha256='0fb98ea179e19154a90202608c164f2a319b79f16576fa6534b2d601033565e7')

    @contextmanager
    def _sealed_extractor(spec: ExtractorSpec):
        """Execute the verified binary bytes, without a second path lookup."""
        if not all(hasattr(os, name) for name in ("memfd_create", "MFD_CLOEXEC", "MFD_ALLOW_SEALING")):
            raise SourceAuditError("runtime lacks sealed memfd extractor support")
        if (not spec.path.is_absolute()
                or re.fullmatch(r"[0-9a-f]{64}", spec.sha256) is None):
            raise SourceAuditError("extractor needs an absolute path and reviewed digest")
        sealed = None
        try:
            fd = os.open(spec.path, os.O_RDONLY | os.O_NOFOLLOW | os.O_NONBLOCK)
            with os.fdopen(fd, "rb") as stream:
                info = os.fstat(stream.fileno())
                if not stat.S_ISREG(info.st_mode) or not 0 < info.st_size <= 20_000_000:
                    raise SourceAuditError("extractor is not a bounded regular file")
                raw = stream.read(20_000_001)
            if hashlib.sha256(raw).hexdigest() != spec.sha256:
>               raise SourceAuditError("extractor bytes differ from reviewed digest")
E               specorganon.source_passages.SourceAuditError: extractor bytes differ from reviewed digest

src/specorganon/source_passages.py:110: SourceAuditError

The above exception was the direct cause of the following exception:

tmp_path = PosixPath('/tmp/pytest-of-stev/pytest-295/test_checkpoint_project_identi0')

    @pytest.fixture
    def prepared(tmp_path):
        directory = tmp_path / "trial"
>       result = recipe.prepare(ROOT, directory)
                 ^^^^^^^^^^^^^^^^^^^^^^^^^^^^^^^

tests/test_audited_bread_recipe.py:64: 
_ _ _ _ _ _ _ _ _ _ _ _ _ _ _ _ _ _ _ _ _ _ _ _ _ _ _ _ _ _ _ _ _ _ _ _ _ _ _ _ 

repo = PosixPath('/home/stev/.codex/worktrees/publish-main/SpecOrganon')
directory = PosixPath('/tmp/pytest-of-stev/pytest-295/test_checkpoint_project_identi0/trial')
claims_path = None, table_path = None

    def prepare(repo: Path, directory: Path, claims_path: Path | None = None,
                table_path: Path | None = None) -> dict:
        directory = directory.absolute()
        if directory.exists():
            raise RecipeError("recipe destination must be new")
        directory.mkdir(parents=True)
        case = directory / "case"
        case.mkdir()
        (directory / "public_keys.json").write_bytes(_render({"schema": 2, "cases": {}}))
        source = repo / "cases/bread_norway"
        files = {
            "source_claims.json": claims_path or repo / "cases/bread_development/source_claims.json",
            "survey_table1.json": table_path or source / "survey_table1.json",
            "source_lca.pdf": source / "source_lca.pdf", "source_survey.pdf": source / "source_survey.pdf",
            "audit_contract.json": auditor.CONTRACT,
        }
        for name, path in files.items():
            (case / name).write_bytes(_raw(path))
        try:
            report = auditor.audit_bread_sources(case / "source_claims.json", case / "survey_table1.json", case)
        except auditor.SourceAuditError as exc:
            (directory / "precondition_rejection.json").write_bytes(_render({"state": "rejected", "reason": str(exc), "ledger_created": False}))
>           raise RecipeError(f"source precondition rejected: {exc}") from exc
E           scripts.run_audited_bread_recipe.RecipeError: source precondition rejected: extractor bytes differ from reviewed digest

scripts/run_audited_bread_recipe.py:182: RecipeError
_ ERROR at setup of test_checkpoint_project_identity_must_match_signed_recipe[title-Different documentary case] _

repo = PosixPath('/home/stev/.codex/worktrees/publish-main/SpecOrganon')
directory = PosixPath('/tmp/pytest-of-stev/pytest-295/test_checkpoint_project_identi1/trial')
claims_path = None, table_path = None

    def prepare(repo: Path, directory: Path, claims_path: Path | None = None,
                table_path: Path | None = None) -> dict:
        directory = directory.absolute()
        if directory.exists():
            raise RecipeError("recipe destination must be new")
        directory.mkdir(parents=True)
        case = directory / "case"
        case.mkdir()
        (directory / "public_keys.json").write_bytes(_render({"schema": 2, "cases": {}}))
        source = repo / "cases/bread_norway"
        files = {
            "source_claims.json": claims_path or repo / "cases/bread_development/source_claims.json",
            "survey_table1.json": table_path or source / "survey_table1.json",
            "source_lca.pdf": source / "source_lca.pdf", "source_survey.pdf": source / "source_survey.pdf",
            "audit_contract.json": auditor.CONTRACT,
        }
        for name, path in files.items():
            (case / name).write_bytes(_raw(path))
        try:
>           report = auditor.audit_bread_sources(case / "source_claims.json", case / "survey_table1.json", case)
                     ^^^^^^^^^^^^^^^^^^^^^^^^^^^^^^^^^^^^^^^^^^^^^^^^^^^^^^^^^^^^^^^^^^^^^^^^^^^^^^^^^^^^^^^^^^^

scripts/run_audited_bread_recipe.py:179: 
_ _ _ _ _ _ _ _ _ _ _ _ _ _ _ _ _ _ _ _ _ _ _ _ _ _ _ _ _ _ _ _ _ _ _ _ _ _ _ _ 
scripts/audit_bread_sources.py:143: in audit_bread_sources
    name: read_pdf_pages(pdf_root / identity["visible_file"],
src/specorganon/source_passages.py:147: in read_pdf_pages
    with _sealed_extractor(extractor) as (executable, fd), tempfile.TemporaryDirectory(
         ^^^^^^^^^^^^^^^^^^^^^^^^^^^^
/home/stev/.local/share/uv/python/cpython-3.13.14-linux-x86_64-gnu/lib/python3.13/contextlib.py:141: in __enter__
    return next(self.gen)
           ^^^^^^^^^^^^^^
_ _ _ _ _ _ _ _ _ _ _ _ _ _ _ _ _ _ _ _ _ _ _ _ _ _ _ _ _ _ _ _ _ _ _ _ _ _ _ _ 

spec = ExtractorSpec(path=PosixPath('/usr/bin/pdftotext'), sha256='0fb98ea179e19154a90202608c164f2a319b79f16576fa6534b2d601033565e7')

    @contextmanager
    def _sealed_extractor(spec: ExtractorSpec):
        """Execute the verified binary bytes, without a second path lookup."""
        if not all(hasattr(os, name) for name in ("memfd_create", "MFD_CLOEXEC", "MFD_ALLOW_SEALING")):
            raise SourceAuditError("runtime lacks sealed memfd extractor support")
        if (not spec.path.is_absolute()
                or re.fullmatch(r"[0-9a-f]{64}", spec.sha256) is None):
            raise SourceAuditError("extractor needs an absolute path and reviewed digest")
        sealed = None
        try:
            fd = os.open(spec.path, os.O_RDONLY | os.O_NOFOLLOW | os.O_NONBLOCK)
            with os.fdopen(fd, "rb") as stream:
                info = os.fstat(stream.fileno())
                if not stat.S_ISREG(info.st_mode) or not 0 < info.st_size <= 20_000_000:
                    raise SourceAuditError("extractor is not a bounded regular file")
                raw = stream.read(20_000_001)
            if hashlib.sha256(raw).hexdigest() != spec.sha256:
>               raise SourceAuditError("extractor bytes differ from reviewed digest")
E               specorganon.source_passages.SourceAuditError: extractor bytes differ from reviewed digest

src/specorganon/source_passages.py:110: SourceAuditError

The above exception was the direct cause of the following exception:

tmp_path = PosixPath('/tmp/pytest-of-stev/pytest-295/test_checkpoint_project_identi1')

    @pytest.fixture
    def prepared(tmp_path):
        directory = tmp_path / "trial"
>       result = recipe.prepare(ROOT, directory)
                 ^^^^^^^^^^^^^^^^^^^^^^^^^^^^^^^

tests/test_audited_bread_recipe.py:64: 
_ _ _ _ _ _ _ _ _ _ _ _ _ _ _ _ _ _ _ _ _ _ _ _ _ _ _ _ _ _ _ _ _ _ _ _ _ _ _ _ 

repo = PosixPath('/home/stev/.codex/worktrees/publish-main/SpecOrganon')
directory = PosixPath('/tmp/pytest-of-stev/pytest-295/test_checkpoint_project_identi1/trial')
claims_path = None, table_path = None

    def prepare(repo: Path, directory: Path, claims_path: Path | None = None,
                table_path: Path | None = None) -> dict:
        directory = directory.absolute()
        if directory.exists():
            raise RecipeError("recipe destination must be new")
        directory.mkdir(parents=True)
        case = directory / "case"
        case.mkdir()
        (directory / "public_keys.json").write_bytes(_render({"schema": 2, "cases": {}}))
        source = repo / "cases/bread_norway"
        files = {
            "source_claims.json": claims_path or repo / "cases/bread_development/source_claims.json",
            "survey_table1.json": table_path or source / "survey_table1.json",
            "source_lca.pdf": source / "source_lca.pdf", "source_survey.pdf": source / "source_survey.pdf",
            "audit_contract.json": auditor.CONTRACT,
        }
        for name, path in files.items():
            (case / name).write_bytes(_raw(path))
        try:
            report = auditor.audit_bread_sources(case / "source_claims.json", case / "survey_table1.json", case)
        except auditor.SourceAuditError as exc:
            (directory / "precondition_rejection.json").write_bytes(_render({"state": "rejected", "reason": str(exc), "ledger_created": False}))
>           raise RecipeError(f"source precondition rejected: {exc}") from exc
E           scripts.run_audited_bread_recipe.RecipeError: source precondition rejected: extractor bytes differ from reviewed digest

scripts/run_audited_bread_recipe.py:182: RecipeError
_ ERROR at setup of test_checkpoint_project_identity_must_match_signed_recipe[domain-fixture] _

repo = PosixPath('/home/stev/.codex/worktrees/publish-main/SpecOrganon')
directory = PosixPath('/tmp/pytest-of-stev/pytest-295/test_checkpoint_project_identi2/trial')
claims_path = None, table_path = None

    def prepare(repo: Path, directory: Path, claims_path: Path | None = None,
                table_path: Path | None = None) -> dict:
        directory = directory.absolute()
        if directory.exists():
            raise RecipeError("recipe destination must be new")
        directory.mkdir(parents=True)
        case = directory / "case"
        case.mkdir()
        (directory / "public_keys.json").write_bytes(_render({"schema": 2, "cases": {}}))
        source = repo / "cases/bread_norway"
        files = {
            "source_claims.json": claims_path or repo / "cases/bread_development/source_claims.json",
            "survey_table1.json": table_path or source / "survey_table1.json",
            "source_lca.pdf": source / "source_lca.pdf", "source_survey.pdf": source / "source_survey.pdf",
            "audit_contract.json": auditor.CONTRACT,
        }
        for name, path in files.items():
            (case / name).write_bytes(_raw(path))
        try:
>           report = auditor.audit_bread_sources(case / "source_claims.json", case / "survey_table1.json", case)
                     ^^^^^^^^^^^^^^^^^^^^^^^^^^^^^^^^^^^^^^^^^^^^^^^^^^^^^^^^^^^^^^^^^^^^^^^^^^^^^^^^^^^^^^^^^^^

scripts/run_audited_bread_recipe.py:179: 
_ _ _ _ _ _ _ _ _ _ _ _ _ _ _ _ _ _ _ _ _ _ _ _ _ _ _ _ _ _ _ _ _ _ _ _ _ _ _ _ 
scripts/audit_bread_sources.py:143: in audit_bread_sources
    name: read_pdf_pages(pdf_root / identity["visible_file"],
src/specorganon/source_passages.py:147: in read_pdf_pages
    with _sealed_extractor(extractor) as (executable, fd), tempfile.TemporaryDirectory(
         ^^^^^^^^^^^^^^^^^^^^^^^^^^^^
/home/stev/.local/share/uv/python/cpython-3.13.14-linux-x86_64-gnu/lib/python3.13/contextlib.py:141: in __enter__
    return next(self.gen)
           ^^^^^^^^^^^^^^
_ _ _ _ _ _ _ _ _ _ _ _ _ _ _ _ _ _ _ _ _ _ _ _ _ _ _ _ _ _ _ _ _ _ _ _ _ _ _ _ 

spec = ExtractorSpec(path=PosixPath('/usr/bin/pdftotext'), sha256='0fb98ea179e19154a90202608c164f2a319b79f16576fa6534b2d601033565e7')

    @contextmanager
    def _sealed_extractor(spec: ExtractorSpec):
        """Execute the verified binary bytes, without a second path lookup."""
        if not all(hasattr(os, name) for name in ("memfd_create", "MFD_CLOEXEC", "MFD_ALLOW_SEALING")):
            raise SourceAuditError("runtime lacks sealed memfd extractor support")
        if (not spec.path.is_absolute()
                or re.fullmatch(r"[0-9a-f]{64}", spec.sha256) is None):
            raise SourceAuditError("extractor needs an absolute path and reviewed digest")
        sealed = None
        try:
            fd = os.open(spec.path, os.O_RDONLY | os.O_NOFOLLOW | os.O_NONBLOCK)
            with os.fdopen(fd, "rb") as stream:
                info = os.fstat(stream.fileno())
                if not stat.S_ISREG(info.st_mode) or not 0 < info.st_size <= 20_000_000:
                    raise SourceAuditError("extractor is not a bounded regular file")
                raw = stream.read(20_000_001)
            if hashlib.sha256(raw).hexdigest() != spec.sha256:
>               raise SourceAuditError("extractor bytes differ from reviewed digest")
E               specorganon.source_passages.SourceAuditError: extractor bytes differ from reviewed digest

src/specorganon/source_passages.py:110: SourceAuditError

The above exception was the direct cause of the following exception:

tmp_path = PosixPath('/tmp/pytest-of-stev/pytest-295/test_checkpoint_project_identi2')

    @pytest.fixture
    def prepared(tmp_path):
        directory = tmp_path / "trial"
>       result = recipe.prepare(ROOT, directory)
                 ^^^^^^^^^^^^^^^^^^^^^^^^^^^^^^^

tests/test_audited_bread_recipe.py:64: 
_ _ _ _ _ _ _ _ _ _ _ _ _ _ _ _ _ _ _ _ _ _ _ _ _ _ _ _ _ _ _ _ _ _ _ _ _ _ _ _ 

repo = PosixPath('/home/stev/.codex/worktrees/publish-main/SpecOrganon')
directory = PosixPath('/tmp/pytest-of-stev/pytest-295/test_checkpoint_project_identi2/trial')
claims_path = None, table_path = None

    def prepare(repo: Path, directory: Path, claims_path: Path | None = None,
                table_path: Path | None = None) -> dict:
        directory = directory.absolute()
        if directory.exists():
            raise RecipeError("recipe destination must be new")
        directory.mkdir(parents=True)
        case = directory / "case"
        case.mkdir()
        (directory / "public_keys.json").write_bytes(_render({"schema": 2, "cases": {}}))
        source = repo / "cases/bread_norway"
        files = {
            "source_claims.json": claims_path or repo / "cases/bread_development/source_claims.json",
            "survey_table1.json": table_path or source / "survey_table1.json",
            "source_lca.pdf": source / "source_lca.pdf", "source_survey.pdf": source / "source_survey.pdf",
            "audit_contract.json": auditor.CONTRACT,
        }
        for name, path in files.items():
            (case / name).write_bytes(_raw(path))
        try:
            report = auditor.audit_bread_sources(case / "source_claims.json", case / "survey_table1.json", case)
        except auditor.SourceAuditError as exc:
            (directory / "precondition_rejection.json").write_bytes(_render({"state": "rejected", "reason": str(exc), "ledger_created": False}))
>           raise RecipeError(f"source precondition rejected: {exc}") from exc
E           scripts.run_audited_bread_recipe.RecipeError: source precondition rejected: extractor bytes differ from reviewed digest

scripts/run_audited_bread_recipe.py:182: RecipeError
_ ERROR at setup of test_checkpoint_project_identity_must_match_signed_recipe[actor-agent:different_controller] _

repo = PosixPath('/home/stev/.codex/worktrees/publish-main/SpecOrganon')
directory = PosixPath('/tmp/pytest-of-stev/pytest-295/test_checkpoint_project_identi3/trial')
claims_path = None, table_path = None

    def prepare(repo: Path, directory: Path, claims_path: Path | None = None,
                table_path: Path | None = None) -> dict:
        directory = directory.absolute()
        if directory.exists():
            raise RecipeError("recipe destination must be new")
        directory.mkdir(parents=True)
        case = directory / "case"
        case.mkdir()
        (directory / "public_keys.json").write_bytes(_render({"schema": 2, "cases": {}}))
        source = repo / "cases/bread_norway"
        files = {
            "source_claims.json": claims_path or repo / "cases/bread_development/source_claims.json",
            "survey_table1.json": table_path or source / "survey_table1.json",
            "source_lca.pdf": source / "source_lca.pdf", "source_survey.pdf": source / "source_survey.pdf",
            "audit_contract.json": auditor.CONTRACT,
        }
        for name, path in files.items():
            (case / name).write_bytes(_raw(path))
        try:
>           report = auditor.audit_bread_sources(case / "source_claims.json", case / "survey_table1.json", case)
                     ^^^^^^^^^^^^^^^^^^^^^^^^^^^^^^^^^^^^^^^^^^^^^^^^^^^^^^^^^^^^^^^^^^^^^^^^^^^^^^^^^^^^^^^^^^^

scripts/run_audited_bread_recipe.py:179: 
_ _ _ _ _ _ _ _ _ _ _ _ _ _ _ _ _ _ _ _ _ _ _ _ _ _ _ _ _ _ _ _ _ _ _ _ _ _ _ _ 
scripts/audit_bread_sources.py:143: in audit_bread_sources
    name: read_pdf_pages(pdf_root / identity["visible_file"],
src/specorganon/source_passages.py:147: in read_pdf_pages
    with _sealed_extractor(extractor) as (executable, fd), tempfile.TemporaryDirectory(
         ^^^^^^^^^^^^^^^^^^^^^^^^^^^^
/home/stev/.local/share/uv/python/cpython-3.13.14-linux-x86_64-gnu/lib/python3.13/contextlib.py:141: in __enter__
    return next(self.gen)
           ^^^^^^^^^^^^^^
_ _ _ _ _ _ _ _ _ _ _ _ _ _ _ _ _ _ _ _ _ _ _ _ _ _ _ _ _ _ _ _ _ _ _ _ _ _ _ _ 

spec = ExtractorSpec(path=PosixPath('/usr/bin/pdftotext'), sha256='0fb98ea179e19154a90202608c164f2a319b79f16576fa6534b2d601033565e7')

    @contextmanager
    def _sealed_extractor(spec: ExtractorSpec):
        """Execute the verified binary bytes, without a second path lookup."""
        if not all(hasattr(os, name) for name in ("memfd_create", "MFD_CLOEXEC", "MFD_ALLOW_SEALING")):
            raise SourceAuditError("runtime lacks sealed memfd extractor support")
        if (not spec.path.is_absolute()
                or re.fullmatch(r"[0-9a-f]{64}", spec.sha256) is None):
            raise SourceAuditError("extractor needs an absolute path and reviewed digest")
        sealed = None
        try:
            fd = os.open(spec.path, os.O_RDONLY | os.O_NOFOLLOW | os.O_NONBLOCK)
            with os.fdopen(fd, "rb") as stream:
                info = os.fstat(stream.fileno())
                if not stat.S_ISREG(info.st_mode) or not 0 < info.st_size <= 20_000_000:
                    raise SourceAuditError("extractor is not a bounded regular file")
                raw = stream.read(20_000_001)
            if hashlib.sha256(raw).hexdigest() != spec.sha256:
>               raise SourceAuditError("extractor bytes differ from reviewed digest")
E               specorganon.source_passages.SourceAuditError: extractor bytes differ from reviewed digest

src/specorganon/source_passages.py:110: SourceAuditError

The above exception was the direct cause of the following exception:

tmp_path = PosixPath('/tmp/pytest-of-stev/pytest-295/test_checkpoint_project_identi3')

    @pytest.fixture
    def prepared(tmp_path):
        directory = tmp_path / "trial"
>       result = recipe.prepare(ROOT, directory)
                 ^^^^^^^^^^^^^^^^^^^^^^^^^^^^^^^

tests/test_audited_bread_recipe.py:64: 
_ _ _ _ _ _ _ _ _ _ _ _ _ _ _ _ _ _ _ _ _ _ _ _ _ _ _ _ _ _ _ _ _ _ _ _ _ _ _ _ 

repo = PosixPath('/home/stev/.codex/worktrees/publish-main/SpecOrganon')
directory = PosixPath('/tmp/pytest-of-stev/pytest-295/test_checkpoint_project_identi3/trial')
claims_path = None, table_path = None

    def prepare(repo: Path, directory: Path, claims_path: Path | None = None,
                table_path: Path | None = None) -> dict:
        directory = directory.absolute()
        if directory.exists():
            raise RecipeError("recipe destination must be new")
        directory.mkdir(parents=True)
        case = directory / "case"
        case.mkdir()
        (directory / "public_keys.json").write_bytes(_render({"schema": 2, "cases": {}}))
        source = repo / "cases/bread_norway"
        files = {
            "source_claims.json": claims_path or repo / "cases/bread_development/source_claims.json",
            "survey_table1.json": table_path or source / "survey_table1.json",
            "source_lca.pdf": source / "source_lca.pdf", "source_survey.pdf": source / "source_survey.pdf",
            "audit_contract.json": auditor.CONTRACT,
        }
        for name, path in files.items():
            (case / name).write_bytes(_raw(path))
        try:
            report = auditor.audit_bread_sources(case / "source_claims.json", case / "survey_table1.json", case)
        except auditor.SourceAuditError as exc:
            (directory / "precondition_rejection.json").write_bytes(_render({"state": "rejected", "reason": str(exc), "ledger_created": False}))
>           raise RecipeError(f"source precondition rejected: {exc}") from exc
E           scripts.run_audited_bread_recipe.RecipeError: source precondition rejected: extractor bytes differ from reviewed digest

scripts/run_audited_bread_recipe.py:182: RecipeError
_ ERROR at setup of test_checkpoint_project_identity_must_match_signed_recipe[test_gate_policy-signed_observed] _

repo = PosixPath('/home/stev/.codex/worktrees/publish-main/SpecOrganon')
directory = PosixPath('/tmp/pytest-of-stev/pytest-295/test_checkpoint_project_identi4/trial')
claims_path = None, table_path = None

    def prepare(repo: Path, directory: Path, claims_path: Path | None = None,
                table_path: Path | None = None) -> dict:
        directory = directory.absolute()
        if directory.exists():
            raise RecipeError("recipe destination must be new")
        directory.mkdir(parents=True)
        case = directory / "case"
        case.mkdir()
        (directory / "public_keys.json").write_bytes(_render({"schema": 2, "cases": {}}))
        source = repo / "cases/bread_norway"
        files = {
            "source_claims.json": claims_path or repo / "cases/bread_development/source_claims.json",
            "survey_table1.json": table_path or source / "survey_table1.json",
            "source_lca.pdf": source / "source_lca.pdf", "source_survey.pdf": source / "source_survey.pdf",
            "audit_contract.json": auditor.CONTRACT,
        }
        for name, path in files.items():
            (case / name).write_bytes(_raw(path))
        try:
>           report = auditor.audit_bread_sources(case / "source_claims.json", case / "survey_table1.json", case)
                     ^^^^^^^^^^^^^^^^^^^^^^^^^^^^^^^^^^^^^^^^^^^^^^^^^^^^^^^^^^^^^^^^^^^^^^^^^^^^^^^^^^^^^^^^^^^

scripts/run_audited_bread_recipe.py:179: 
_ _ _ _ _ _ _ _ _ _ _ _ _ _ _ _ _ _ _ _ _ _ _ _ _ _ _ _ _ _ _ _ _ _ _ _ _ _ _ _ 
scripts/audit_bread_sources.py:143: in audit_bread_sources
    name: read_pdf_pages(pdf_root / identity["visible_file"],
src/specorganon/source_passages.py:147: in read_pdf_pages
    with _sealed_extractor(extractor) as (executable, fd), tempfile.TemporaryDirectory(
         ^^^^^^^^^^^^^^^^^^^^^^^^^^^^
/home/stev/.local/share/uv/python/cpython-3.13.14-linux-x86_64-gnu/lib/python3.13/contextlib.py:141: in __enter__
    return next(self.gen)
           ^^^^^^^^^^^^^^
_ _ _ _ _ _ _ _ _ _ _ _ _ _ _ _ _ _ _ _ _ _ _ _ _ _ _ _ _ _ _ _ _ _ _ _ _ _ _ _ 

spec = ExtractorSpec(path=PosixPath('/usr/bin/pdftotext'), sha256='0fb98ea179e19154a90202608c164f2a319b79f16576fa6534b2d601033565e7')

    @contextmanager
    def _sealed_extractor(spec: ExtractorSpec):
        """Execute the verified binary bytes, without a second path lookup."""
        if not all(hasattr(os, name) for name in ("memfd_create", "MFD_CLOEXEC", "MFD_ALLOW_SEALING")):
            raise SourceAuditError("runtime lacks sealed memfd extractor support")
        if (not spec.path.is_absolute()
                or re.fullmatch(r"[0-9a-f]{64}", spec.sha256) is None):
            raise SourceAuditError("extractor needs an absolute path and reviewed digest")
        sealed = None
        try:
            fd = os.open(spec.path, os.O_RDONLY | os.O_NOFOLLOW | os.O_NONBLOCK)
            with os.fdopen(fd, "rb") as stream:
                info = os.fstat(stream.fileno())
                if not stat.S_ISREG(info.st_mode) or not 0 < info.st_size <= 20_000_000:
                    raise SourceAuditError("extractor is not a bounded regular file")
                raw = stream.read(20_000_001)
            if hashlib.sha256(raw).hexdigest() != spec.sha256:
>               raise SourceAuditError("extractor bytes differ from reviewed digest")
E               specorganon.source_passages.SourceAuditError: extractor bytes differ from reviewed digest

src/specorganon/source_passages.py:110: SourceAuditError

The above exception was the direct cause of the following exception:

tmp_path = PosixPath('/tmp/pytest-of-stev/pytest-295/test_checkpoint_project_identi4')

    @pytest.fixture
    def prepared(tmp_path):
        directory = tmp_path / "trial"
>       result = recipe.prepare(ROOT, directory)
                 ^^^^^^^^^^^^^^^^^^^^^^^^^^^^^^^

tests/test_audited_bread_recipe.py:64: 
_ _ _ _ _ _ _ _ _ _ _ _ _ _ _ _ _ _ _ _ _ _ _ _ _ _ _ _ _ _ _ _ _ _ _ _ _ _ _ _ 

repo = PosixPath('/home/stev/.codex/worktrees/publish-main/SpecOrganon')
directory = PosixPath('/tmp/pytest-of-stev/pytest-295/test_checkpoint_project_identi4/trial')
claims_path = None, table_path = None

    def prepare(repo: Path, directory: Path, claims_path: Path | None = None,
                table_path: Path | None = None) -> dict:
        directory = directory.absolute()
        if directory.exists():
            raise RecipeError("recipe destination must be new")
        directory.mkdir(parents=True)
        case = directory / "case"
        case.mkdir()
        (directory / "public_keys.json").write_bytes(_render({"schema": 2, "cases": {}}))
        source = repo / "cases/bread_norway"
        files = {
            "source_claims.json": claims_path or repo / "cases/bread_development/source_claims.json",
            "survey_table1.json": table_path or source / "survey_table1.json",
            "source_lca.pdf": source / "source_lca.pdf", "source_survey.pdf": source / "source_survey.pdf",
            "audit_contract.json": auditor.CONTRACT,
        }
        for name, path in files.items():
            (case / name).write_bytes(_raw(path))
        try:
            report = auditor.audit_bread_sources(case / "source_claims.json", case / "survey_table1.json", case)
        except auditor.SourceAuditError as exc:
            (directory / "precondition_rejection.json").write_bytes(_render({"state": "rejected", "reason": str(exc), "ledger_created": False}))
>           raise RecipeError(f"source precondition rejected: {exc}") from exc
E           scripts.run_audited_bread_recipe.RecipeError: source precondition rejected: extractor bytes differ from reviewed digest

scripts/run_audited_bread_recipe.py:182: RecipeError
_ ERROR at setup of test_transport_response_without_actual_ledger_cannot_claim_publication[reported0] _

repo = PosixPath('/home/stev/.codex/worktrees/publish-main/SpecOrganon')
directory = PosixPath('/tmp/pytest-of-stev/pytest-295/test_transport_response_withou0/trial')
claims_path = None, table_path = None

    def prepare(repo: Path, directory: Path, claims_path: Path | None = None,
                table_path: Path | None = None) -> dict:
        directory = directory.absolute()
        if directory.exists():
            raise RecipeError("recipe destination must be new")
        directory.mkdir(parents=True)
        case = directory / "case"
        case.mkdir()
        (directory / "public_keys.json").write_bytes(_render({"schema": 2, "cases": {}}))
        source = repo / "cases/bread_norway"
        files = {
            "source_claims.json": claims_path or repo / "cases/bread_development/source_claims.json",
            "survey_table1.json": table_path or source / "survey_table1.json",
            "source_lca.pdf": source / "source_lca.pdf", "source_survey.pdf": source / "source_survey.pdf",
            "audit_contract.json": auditor.CONTRACT,
        }
        for name, path in files.items():
            (case / name).write_bytes(_raw(path))
        try:
>           report = auditor.audit_bread_sources(case / "source_claims.json", case / "survey_table1.json", case)
                     ^^^^^^^^^^^^^^^^^^^^^^^^^^^^^^^^^^^^^^^^^^^^^^^^^^^^^^^^^^^^^^^^^^^^^^^^^^^^^^^^^^^^^^^^^^^

scripts/run_audited_bread_recipe.py:179: 
_ _ _ _ _ _ _ _ _ _ _ _ _ _ _ _ _ _ _ _ _ _ _ _ _ _ _ _ _ _ _ _ _ _ _ _ _ _ _ _ 
scripts/audit_bread_sources.py:143: in audit_bread_sources
    name: read_pdf_pages(pdf_root / identity["visible_file"],
src/specorganon/source_passages.py:147: in read_pdf_pages
    with _sealed_extractor(extractor) as (executable, fd), tempfile.TemporaryDirectory(
         ^^^^^^^^^^^^^^^^^^^^^^^^^^^^
/home/stev/.local/share/uv/python/cpython-3.13.14-linux-x86_64-gnu/lib/python3.13/contextlib.py:141: in __enter__
    return next(self.gen)
           ^^^^^^^^^^^^^^
_ _ _ _ _ _ _ _ _ _ _ _ _ _ _ _ _ _ _ _ _ _ _ _ _ _ _ _ _ _ _ _ _ _ _ _ _ _ _ _ 

spec = ExtractorSpec(path=PosixPath('/usr/bin/pdftotext'), sha256='0fb98ea179e19154a90202608c164f2a319b79f16576fa6534b2d601033565e7')

    @contextmanager
    def _sealed_extractor(spec: ExtractorSpec):
        """Execute the verified binary bytes, without a second path lookup."""
        if not all(hasattr(os, name) for name in ("memfd_create", "MFD_CLOEXEC", "MFD_ALLOW_SEALING")):
            raise SourceAuditError("runtime lacks sealed memfd extractor support")
        if (not spec.path.is_absolute()
                or re.fullmatch(r"[0-9a-f]{64}", spec.sha256) is None):
            raise SourceAuditError("extractor needs an absolute path and reviewed digest")
        sealed = None
        try:
            fd = os.open(spec.path, os.O_RDONLY | os.O_NOFOLLOW | os.O_NONBLOCK)
            with os.fdopen(fd, "rb") as stream:
                info = os.fstat(stream.fileno())
                if not stat.S_ISREG(info.st_mode) or not 0 < info.st_size <= 20_000_000:
                    raise SourceAuditError("extractor is not a bounded regular file")
                raw = stream.read(20_000_001)
            if hashlib.sha256(raw).hexdigest() != spec.sha256:
>               raise SourceAuditError("extractor bytes differ from reviewed digest")
E               specorganon.source_passages.SourceAuditError: extractor bytes differ from reviewed digest

src/specorganon/source_passages.py:110: SourceAuditError

The above exception was the direct cause of the following exception:

tmp_path = PosixPath('/tmp/pytest-of-stev/pytest-295/test_transport_response_withou0')

    @pytest.fixture
    def prepared(tmp_path):
        directory = tmp_path / "trial"
>       result = recipe.prepare(ROOT, directory)
                 ^^^^^^^^^^^^^^^^^^^^^^^^^^^^^^^

tests/test_audited_bread_recipe.py:64: 
_ _ _ _ _ _ _ _ _ _ _ _ _ _ _ _ _ _ _ _ _ _ _ _ _ _ _ _ _ _ _ _ _ _ _ _ _ _ _ _ 

repo = PosixPath('/home/stev/.codex/worktrees/publish-main/SpecOrganon')
directory = PosixPath('/tmp/pytest-of-stev/pytest-295/test_transport_response_withou0/trial')
claims_path = None, table_path = None

    def prepare(repo: Path, directory: Path, claims_path: Path | None = None,
                table_path: Path | None = None) -> dict:
        directory = directory.absolute()
        if directory.exists():
            raise RecipeError("recipe destination must be new")
        directory.mkdir(parents=True)
        case = directory / "case"
        case.mkdir()
        (directory / "public_keys.json").write_bytes(_render({"schema": 2, "cases": {}}))
        source = repo / "cases/bread_norway"
        files = {
            "source_claims.json": claims_path or repo / "cases/bread_development/source_claims.json",
            "survey_table1.json": table_path or source / "survey_table1.json",
            "source_lca.pdf": source / "source_lca.pdf", "source_survey.pdf": source / "source_survey.pdf",
            "audit_contract.json": auditor.CONTRACT,
        }
        for name, path in files.items():
            (case / name).write_bytes(_raw(path))
        try:
            report = auditor.audit_bread_sources(case / "source_claims.json", case / "survey_table1.json", case)
        except auditor.SourceAuditError as exc:
            (directory / "precondition_rejection.json").write_bytes(_render({"state": "rejected", "reason": str(exc), "ledger_created": False}))
>           raise RecipeError(f"source precondition rejected: {exc}") from exc
E           scripts.run_audited_bread_recipe.RecipeError: source precondition rejected: extractor bytes differ from reviewed digest

scripts/run_audited_bread_recipe.py:182: RecipeError
_ ERROR at setup of test_transport_response_without_actual_ledger_cannot_claim_publication[reported1] _

repo = PosixPath('/home/stev/.codex/worktrees/publish-main/SpecOrganon')
directory = PosixPath('/tmp/pytest-of-stev/pytest-295/test_transport_response_withou1/trial')
claims_path = None, table_path = None

    def prepare(repo: Path, directory: Path, claims_path: Path | None = None,
                table_path: Path | None = None) -> dict:
        directory = directory.absolute()
        if directory.exists():
            raise RecipeError("recipe destination must be new")
        directory.mkdir(parents=True)
        case = directory / "case"
        case.mkdir()
        (directory / "public_keys.json").write_bytes(_render({"schema": 2, "cases": {}}))
        source = repo / "cases/bread_norway"
        files = {
            "source_claims.json": claims_path or repo / "cases/bread_development/source_claims.json",
            "survey_table1.json": table_path or source / "survey_table1.json",
            "source_lca.pdf": source / "source_lca.pdf", "source_survey.pdf": source / "source_survey.pdf",
            "audit_contract.json": auditor.CONTRACT,
        }
        for name, path in files.items():
            (case / name).write_bytes(_raw(path))
        try:
>           report = auditor.audit_bread_sources(case / "source_claims.json", case / "survey_table1.json", case)
                     ^^^^^^^^^^^^^^^^^^^^^^^^^^^^^^^^^^^^^^^^^^^^^^^^^^^^^^^^^^^^^^^^^^^^^^^^^^^^^^^^^^^^^^^^^^^

scripts/run_audited_bread_recipe.py:179: 
_ _ _ _ _ _ _ _ _ _ _ _ _ _ _ _ _ _ _ _ _ _ _ _ _ _ _ _ _ _ _ _ _ _ _ _ _ _ _ _ 
scripts/audit_bread_sources.py:143: in audit_bread_sources
    name: read_pdf_pages(pdf_root / identity["visible_file"],
src/specorganon/source_passages.py:147: in read_pdf_pages
    with _sealed_extractor(extractor) as (executable, fd), tempfile.TemporaryDirectory(
         ^^^^^^^^^^^^^^^^^^^^^^^^^^^^
/home/stev/.local/share/uv/python/cpython-3.13.14-linux-x86_64-gnu/lib/python3.13/contextlib.py:141: in __enter__
    return next(self.gen)
           ^^^^^^^^^^^^^^
_ _ _ _ _ _ _ _ _ _ _ _ _ _ _ _ _ _ _ _ _ _ _ _ _ _ _ _ _ _ _ _ _ _ _ _ _ _ _ _ 

spec = ExtractorSpec(path=PosixPath('/usr/bin/pdftotext'), sha256='0fb98ea179e19154a90202608c164f2a319b79f16576fa6534b2d601033565e7')

    @contextmanager
    def _sealed_extractor(spec: ExtractorSpec):
        """Execute the verified binary bytes, without a second path lookup."""
        if not all(hasattr(os, name) for name in ("memfd_create", "MFD_CLOEXEC", "MFD_ALLOW_SEALING")):
            raise SourceAuditError("runtime lacks sealed memfd extractor support")
        if (not spec.path.is_absolute()
                or re.fullmatch(r"[0-9a-f]{64}", spec.sha256) is None):
            raise SourceAuditError("extractor needs an absolute path and reviewed digest")
        sealed = None
        try:
            fd = os.open(spec.path, os.O_RDONLY | os.O_NOFOLLOW | os.O_NONBLOCK)
            with os.fdopen(fd, "rb") as stream:
                info = os.fstat(stream.fileno())
                if not stat.S_ISREG(info.st_mode) or not 0 < info.st_size <= 20_000_000:
                    raise SourceAuditError("extractor is not a bounded regular file")
                raw = stream.read(20_000_001)
            if hashlib.sha256(raw).hexdigest() != spec.sha256:
>               raise SourceAuditError("extractor bytes differ from reviewed digest")
E               specorganon.source_passages.SourceAuditError: extractor bytes differ from reviewed digest

src/specorganon/source_passages.py:110: SourceAuditError

The above exception was the direct cause of the following exception:

tmp_path = PosixPath('/tmp/pytest-of-stev/pytest-295/test_transport_response_withou1')

    @pytest.fixture
    def prepared(tmp_path):
        directory = tmp_path / "trial"
>       result = recipe.prepare(ROOT, directory)
                 ^^^^^^^^^^^^^^^^^^^^^^^^^^^^^^^

tests/test_audited_bread_recipe.py:64: 
_ _ _ _ _ _ _ _ _ _ _ _ _ _ _ _ _ _ _ _ _ _ _ _ _ _ _ _ _ _ _ _ _ _ _ _ _ _ _ _ 

repo = PosixPath('/home/stev/.codex/worktrees/publish-main/SpecOrganon')
directory = PosixPath('/tmp/pytest-of-stev/pytest-295/test_transport_response_withou1/trial')
claims_path = None, table_path = None

    def prepare(repo: Path, directory: Path, claims_path: Path | None = None,
                table_path: Path | None = None) -> dict:
        directory = directory.absolute()
        if directory.exists():
            raise RecipeError("recipe destination must be new")
        directory.mkdir(parents=True)
        case = directory / "case"
        case.mkdir()
        (directory / "public_keys.json").write_bytes(_render({"schema": 2, "cases": {}}))
        source = repo / "cases/bread_norway"
        files = {
            "source_claims.json": claims_path or repo / "cases/bread_development/source_claims.json",
            "survey_table1.json": table_path or source / "survey_table1.json",
            "source_lca.pdf": source / "source_lca.pdf", "source_survey.pdf": source / "source_survey.pdf",
            "audit_contract.json": auditor.CONTRACT,
        }
        for name, path in files.items():
            (case / name).write_bytes(_raw(path))
        try:
            report = auditor.audit_bread_sources(case / "source_claims.json", case / "survey_table1.json", case)
        except auditor.SourceAuditError as exc:
            (directory / "precondition_rejection.json").write_bytes(_render({"state": "rejected", "reason": str(exc), "ledger_created": False}))
>           raise RecipeError(f"source precondition rejected: {exc}") from exc
E           scripts.run_audited_bread_recipe.RecipeError: source precondition rejected: extractor bytes differ from reviewed digest

scripts/run_audited_bread_recipe.py:182: RecipeError
_ ERROR at setup of test_archive_changed_at_run_leaves_retained_negative_checkpoint _

repo = PosixPath('/home/stev/.codex/worktrees/publish-main/SpecOrganon')
directory = PosixPath('/tmp/pytest-of-stev/pytest-295/test_archive_changed_at_run_le0/trial')
claims_path = None, table_path = None

    def prepare(repo: Path, directory: Path, claims_path: Path | None = None,
                table_path: Path | None = None) -> dict:
        directory = directory.absolute()
        if directory.exists():
            raise RecipeError("recipe destination must be new")
        directory.mkdir(parents=True)
        case = directory / "case"
        case.mkdir()
        (directory / "public_keys.json").write_bytes(_render({"schema": 2, "cases": {}}))
        source = repo / "cases/bread_norway"
        files = {
            "source_claims.json": claims_path or repo / "cases/bread_development/source_claims.json",
            "survey_table1.json": table_path or source / "survey_table1.json",
            "source_lca.pdf": source / "source_lca.pdf", "source_survey.pdf": source / "source_survey.pdf",
            "audit_contract.json": auditor.CONTRACT,
        }
        for name, path in files.items():
            (case / name).write_bytes(_raw(path))
        try:
>           report = auditor.audit_bread_sources(case / "source_claims.json", case / "survey_table1.json", case)
                     ^^^^^^^^^^^^^^^^^^^^^^^^^^^^^^^^^^^^^^^^^^^^^^^^^^^^^^^^^^^^^^^^^^^^^^^^^^^^^^^^^^^^^^^^^^^

scripts/run_audited_bread_recipe.py:179: 
_ _ _ _ _ _ _ _ _ _ _ _ _ _ _ _ _ _ _ _ _ _ _ _ _ _ _ _ _ _ _ _ _ _ _ _ _ _ _ _ 
scripts/audit_bread_sources.py:143: in audit_bread_sources
    name: read_pdf_pages(pdf_root / identity["visible_file"],
src/specorganon/source_passages.py:147: in read_pdf_pages
    with _sealed_extractor(extractor) as (executable, fd), tempfile.TemporaryDirectory(
         ^^^^^^^^^^^^^^^^^^^^^^^^^^^^
/home/stev/.local/share/uv/python/cpython-3.13.14-linux-x86_64-gnu/lib/python3.13/contextlib.py:141: in __enter__
    return next(self.gen)
           ^^^^^^^^^^^^^^
_ _ _ _ _ _ _ _ _ _ _ _ _ _ _ _ _ _ _ _ _ _ _ _ _ _ _ _ _ _ _ _ _ _ _ _ _ _ _ _ 

spec = ExtractorSpec(path=PosixPath('/usr/bin/pdftotext'), sha256='0fb98ea179e19154a90202608c164f2a319b79f16576fa6534b2d601033565e7')

    @contextmanager
    def _sealed_extractor(spec: ExtractorSpec):
        """Execute the verified binary bytes, without a second path lookup."""
        if not all(hasattr(os, name) for name in ("memfd_create", "MFD_CLOEXEC", "MFD_ALLOW_SEALING")):
            raise SourceAuditError("runtime lacks sealed memfd extractor support")
        if (not spec.path.is_absolute()
                or re.fullmatch(r"[0-9a-f]{64}", spec.sha256) is None):
            raise SourceAuditError("extractor needs an absolute path and reviewed digest")
        sealed = None
        try:
            fd = os.open(spec.path, os.O_RDONLY | os.O_NOFOLLOW | os.O_NONBLOCK)
            with os.fdopen(fd, "rb") as stream:
                info = os.fstat(stream.fileno())
                if not stat.S_ISREG(info.st_mode) or not 0 < info.st_size <= 20_000_000:
                    raise SourceAuditError("extractor is not a bounded regular file")
                raw = stream.read(20_000_001)
            if hashlib.sha256(raw).hexdigest() != spec.sha256:
>               raise SourceAuditError("extractor bytes differ from reviewed digest")
E               specorganon.source_passages.SourceAuditError: extractor bytes differ from reviewed digest

src/specorganon/source_passages.py:110: SourceAuditError

The above exception was the direct cause of the following exception:

tmp_path = PosixPath('/tmp/pytest-of-stev/pytest-295/test_archive_changed_at_run_le0')

    @pytest.fixture
    def prepared(tmp_path):
        directory = tmp_path / "trial"
>       result = recipe.prepare(ROOT, directory)
                 ^^^^^^^^^^^^^^^^^^^^^^^^^^^^^^^

tests/test_audited_bread_recipe.py:64: 
_ _ _ _ _ _ _ _ _ _ _ _ _ _ _ _ _ _ _ _ _ _ _ _ _ _ _ _ _ _ _ _ _ _ _ _ _ _ _ _ 

repo = PosixPath('/home/stev/.codex/worktrees/publish-main/SpecOrganon')
directory = PosixPath('/tmp/pytest-of-stev/pytest-295/test_archive_changed_at_run_le0/trial')
claims_path = None, table_path = None

    def prepare(repo: Path, directory: Path, claims_path: Path | None = None,
                table_path: Path | None = None) -> dict:
        directory = directory.absolute()
        if directory.exists():
            raise RecipeError("recipe destination must be new")
        directory.mkdir(parents=True)
        case = directory / "case"
        case.mkdir()
        (directory / "public_keys.json").write_bytes(_render({"schema": 2, "cases": {}}))
        source = repo / "cases/bread_norway"
        files = {
            "source_claims.json": claims_path or repo / "cases/bread_development/source_claims.json",
            "survey_table1.json": table_path or source / "survey_table1.json",
            "source_lca.pdf": source / "source_lca.pdf", "source_survey.pdf": source / "source_survey.pdf",
            "audit_contract.json": auditor.CONTRACT,
        }
        for name, path in files.items():
            (case / name).write_bytes(_raw(path))
        try:
            report = auditor.audit_bread_sources(case / "source_claims.json", case / "survey_table1.json", case)
        except auditor.SourceAuditError as exc:
            (directory / "precondition_rejection.json").write_bytes(_render({"state": "rejected", "reason": str(exc), "ledger_created": False}))
>           raise RecipeError(f"source precondition rejected: {exc}") from exc
E           scripts.run_audited_bread_recipe.RecipeError: source precondition rejected: extractor bytes differ from reviewed digest

scripts/run_audited_bread_recipe.py:182: RecipeError
_ ERROR at setup of test_engine_source_invalidity_reaches_actual_dependents[source_lca.pdf] _

repo = PosixPath('/home/stev/.codex/worktrees/publish-main/SpecOrganon')
directory = PosixPath('/tmp/pytest-of-stev/pytest-295/test_engine_source_invalidity_0/trial')
claims_path = None, table_path = None

    def prepare(repo: Path, directory: Path, claims_path: Path | None = None,
                table_path: Path | None = None) -> dict:
        directory = directory.absolute()
        if directory.exists():
            raise RecipeError("recipe destination must be new")
        directory.mkdir(parents=True)
        case = directory / "case"
        case.mkdir()
        (directory / "public_keys.json").write_bytes(_render({"schema": 2, "cases": {}}))
        source = repo / "cases/bread_norway"
        files = {
            "source_claims.json": claims_path or repo / "cases/bread_development/source_claims.json",
            "survey_table1.json": table_path or source / "survey_table1.json",
            "source_lca.pdf": source / "source_lca.pdf", "source_survey.pdf": source / "source_survey.pdf",
            "audit_contract.json": auditor.CONTRACT,
        }
        for name, path in files.items():
            (case / name).write_bytes(_raw(path))
        try:
>           report = auditor.audit_bread_sources(case / "source_claims.json", case / "survey_table1.json", case)
                     ^^^^^^^^^^^^^^^^^^^^^^^^^^^^^^^^^^^^^^^^^^^^^^^^^^^^^^^^^^^^^^^^^^^^^^^^^^^^^^^^^^^^^^^^^^^

scripts/run_audited_bread_recipe.py:179: 
_ _ _ _ _ _ _ _ _ _ _ _ _ _ _ _ _ _ _ _ _ _ _ _ _ _ _ _ _ _ _ _ _ _ _ _ _ _ _ _ 
scripts/audit_bread_sources.py:143: in audit_bread_sources
    name: read_pdf_pages(pdf_root / identity["visible_file"],
src/specorganon/source_passages.py:147: in read_pdf_pages
    with _sealed_extractor(extractor) as (executable, fd), tempfile.TemporaryDirectory(
         ^^^^^^^^^^^^^^^^^^^^^^^^^^^^
/home/stev/.local/share/uv/python/cpython-3.13.14-linux-x86_64-gnu/lib/python3.13/contextlib.py:141: in __enter__
    return next(self.gen)
           ^^^^^^^^^^^^^^
_ _ _ _ _ _ _ _ _ _ _ _ _ _ _ _ _ _ _ _ _ _ _ _ _ _ _ _ _ _ _ _ _ _ _ _ _ _ _ _ 

spec = ExtractorSpec(path=PosixPath('/usr/bin/pdftotext'), sha256='0fb98ea179e19154a90202608c164f2a319b79f16576fa6534b2d601033565e7')

    @contextmanager
    def _sealed_extractor(spec: ExtractorSpec):
        """Execute the verified binary bytes, without a second path lookup."""
        if not all(hasattr(os, name) for name in ("memfd_create", "MFD_CLOEXEC", "MFD_ALLOW_SEALING")):
            raise SourceAuditError("runtime lacks sealed memfd extractor support")
        if (not spec.path.is_absolute()
                or re.fullmatch(r"[0-9a-f]{64}", spec.sha256) is None):
            raise SourceAuditError("extractor needs an absolute path and reviewed digest")
        sealed = None
        try:
            fd = os.open(spec.path, os.O_RDONLY | os.O_NOFOLLOW | os.O_NONBLOCK)
            with os.fdopen(fd, "rb") as stream:
                info = os.fstat(stream.fileno())
                if not stat.S_ISREG(info.st_mode) or not 0 < info.st_size <= 20_000_000:
                    raise SourceAuditError("extractor is not a bounded regular file")
                raw = stream.read(20_000_001)
            if hashlib.sha256(raw).hexdigest() != spec.sha256:
>               raise SourceAuditError("extractor bytes differ from reviewed digest")
E               specorganon.source_passages.SourceAuditError: extractor bytes differ from reviewed digest

src/specorganon/source_passages.py:110: SourceAuditError

The above exception was the direct cause of the following exception:

tmp_path = PosixPath('/tmp/pytest-of-stev/pytest-295/test_engine_source_invalidity_0')

    @pytest.fixture
    def prepared(tmp_path):
        directory = tmp_path / "trial"
>       result = recipe.prepare(ROOT, directory)
                 ^^^^^^^^^^^^^^^^^^^^^^^^^^^^^^^

tests/test_audited_bread_recipe.py:64: 
_ _ _ _ _ _ _ _ _ _ _ _ _ _ _ _ _ _ _ _ _ _ _ _ _ _ _ _ _ _ _ _ _ _ _ _ _ _ _ _ 

repo = PosixPath('/home/stev/.codex/worktrees/publish-main/SpecOrganon')
directory = PosixPath('/tmp/pytest-of-stev/pytest-295/test_engine_source_invalidity_0/trial')
claims_path = None, table_path = None

    def prepare(repo: Path, directory: Path, claims_path: Path | None = None,
                table_path: Path | None = None) -> dict:
        directory = directory.absolute()
        if directory.exists():
            raise RecipeError("recipe destination must be new")
        directory.mkdir(parents=True)
        case = directory / "case"
        case.mkdir()
        (directory / "public_keys.json").write_bytes(_render({"schema": 2, "cases": {}}))
        source = repo / "cases/bread_norway"
        files = {
            "source_claims.json": claims_path or repo / "cases/bread_development/source_claims.json",
            "survey_table1.json": table_path or source / "survey_table1.json",
            "source_lca.pdf": source / "source_lca.pdf", "source_survey.pdf": source / "source_survey.pdf",
            "audit_contract.json": auditor.CONTRACT,
        }
        for name, path in files.items():
            (case / name).write_bytes(_raw(path))
        try:
            report = auditor.audit_bread_sources(case / "source_claims.json", case / "survey_table1.json", case)
        except auditor.SourceAuditError as exc:
            (directory / "precondition_rejection.json").write_bytes(_render({"state": "rejected", "reason": str(exc), "ledger_created": False}))
>           raise RecipeError(f"source precondition rejected: {exc}") from exc
E           scripts.run_audited_bread_recipe.RecipeError: source precondition rejected: extractor bytes differ from reviewed digest

scripts/run_audited_bread_recipe.py:182: RecipeError
_ ERROR at setup of test_engine_source_invalidity_reaches_actual_dependents[source_survey.pdf] _

repo = PosixPath('/home/stev/.codex/worktrees/publish-main/SpecOrganon')
directory = PosixPath('/tmp/pytest-of-stev/pytest-295/test_engine_source_invalidity_1/trial')
claims_path = None, table_path = None

    def prepare(repo: Path, directory: Path, claims_path: Path | None = None,
                table_path: Path | None = None) -> dict:
        directory = directory.absolute()
        if directory.exists():
            raise RecipeError("recipe destination must be new")
        directory.mkdir(parents=True)
        case = directory / "case"
        case.mkdir()
        (directory / "public_keys.json").write_bytes(_render({"schema": 2, "cases": {}}))
        source = repo / "cases/bread_norway"
        files = {
            "source_claims.json": claims_path or repo / "cases/bread_development/source_claims.json",
            "survey_table1.json": table_path or source / "survey_table1.json",
            "source_lca.pdf": source / "source_lca.pdf", "source_survey.pdf": source / "source_survey.pdf",
            "audit_contract.json": auditor.CONTRACT,
        }
        for name, path in files.items():
            (case / name).write_bytes(_raw(path))
        try:
>           report = auditor.audit_bread_sources(case / "source_claims.json", case / "survey_table1.json", case)
                     ^^^^^^^^^^^^^^^^^^^^^^^^^^^^^^^^^^^^^^^^^^^^^^^^^^^^^^^^^^^^^^^^^^^^^^^^^^^^^^^^^^^^^^^^^^^

scripts/run_audited_bread_recipe.py:179: 
_ _ _ _ _ _ _ _ _ _ _ _ _ _ _ _ _ _ _ _ _ _ _ _ _ _ _ _ _ _ _ _ _ _ _ _ _ _ _ _ 
scripts/audit_bread_sources.py:143: in audit_bread_sources
    name: read_pdf_pages(pdf_root / identity["visible_file"],
src/specorganon/source_passages.py:147: in read_pdf_pages
    with _sealed_extractor(extractor) as (executable, fd), tempfile.TemporaryDirectory(
         ^^^^^^^^^^^^^^^^^^^^^^^^^^^^
/home/stev/.local/share/uv/python/cpython-3.13.14-linux-x86_64-gnu/lib/python3.13/contextlib.py:141: in __enter__
    return next(self.gen)
           ^^^^^^^^^^^^^^
_ _ _ _ _ _ _ _ _ _ _ _ _ _ _ _ _ _ _ _ _ _ _ _ _ _ _ _ _ _ _ _ _ _ _ _ _ _ _ _ 

spec = ExtractorSpec(path=PosixPath('/usr/bin/pdftotext'), sha256='0fb98ea179e19154a90202608c164f2a319b79f16576fa6534b2d601033565e7')

    @contextmanager
    def _sealed_extractor(spec: ExtractorSpec):
        """Execute the verified binary bytes, without a second path lookup."""
        if not all(hasattr(os, name) for name in ("memfd_create", "MFD_CLOEXEC", "MFD_ALLOW_SEALING")):
            raise SourceAuditError("runtime lacks sealed memfd extractor support")
        if (not spec.path.is_absolute()
                or re.fullmatch(r"[0-9a-f]{64}", spec.sha256) is None):
            raise SourceAuditError("extractor needs an absolute path and reviewed digest")
        sealed = None
        try:
            fd = os.open(spec.path, os.O_RDONLY | os.O_NOFOLLOW | os.O_NONBLOCK)
            with os.fdopen(fd, "rb") as stream:
                info = os.fstat(stream.fileno())
                if not stat.S_ISREG(info.st_mode) or not 0 < info.st_size <= 20_000_000:
                    raise SourceAuditError("extractor is not a bounded regular file")
                raw = stream.read(20_000_001)
            if hashlib.sha256(raw).hexdigest() != spec.sha256:
>               raise SourceAuditError("extractor bytes differ from reviewed digest")
E               specorganon.source_passages.SourceAuditError: extractor bytes differ from reviewed digest

src/specorganon/source_passages.py:110: SourceAuditError

The above exception was the direct cause of the following exception:

tmp_path = PosixPath('/tmp/pytest-of-stev/pytest-295/test_engine_source_invalidity_1')

    @pytest.fixture
    def prepared(tmp_path):
        directory = tmp_path / "trial"
>       result = recipe.prepare(ROOT, directory)
                 ^^^^^^^^^^^^^^^^^^^^^^^^^^^^^^^

tests/test_audited_bread_recipe.py:64: 
_ _ _ _ _ _ _ _ _ _ _ _ _ _ _ _ _ _ _ _ _ _ _ _ _ _ _ _ _ _ _ _ _ _ _ _ _ _ _ _ 

repo = PosixPath('/home/stev/.codex/worktrees/publish-main/SpecOrganon')
directory = PosixPath('/tmp/pytest-of-stev/pytest-295/test_engine_source_invalidity_1/trial')
claims_path = None, table_path = None

    def prepare(repo: Path, directory: Path, claims_path: Path | None = None,
                table_path: Path | None = None) -> dict:
        directory = directory.absolute()
        if directory.exists():
            raise RecipeError("recipe destination must be new")
        directory.mkdir(parents=True)
        case = directory / "case"
        case.mkdir()
        (directory / "public_keys.json").write_bytes(_render({"schema": 2, "cases": {}}))
        source = repo / "cases/bread_norway"
        files = {
            "source_claims.json": claims_path or repo / "cases/bread_development/source_claims.json",
            "survey_table1.json": table_path or source / "survey_table1.json",
            "source_lca.pdf": source / "source_lca.pdf", "source_survey.pdf": source / "source_survey.pdf",
            "audit_contract.json": auditor.CONTRACT,
        }
        for name, path in files.items():
            (case / name).write_bytes(_raw(path))
        try:
            report = auditor.audit_bread_sources(case / "source_claims.json", case / "survey_table1.json", case)
        except auditor.SourceAuditError as exc:
            (directory / "precondition_rejection.json").write_bytes(_render({"state": "rejected", "reason": str(exc), "ledger_created": False}))
>           raise RecipeError(f"source precondition rejected: {exc}") from exc
E           scripts.run_audited_bread_recipe.RecipeError: source precondition rejected: extractor bytes differ from reviewed digest

scripts/run_audited_bread_recipe.py:182: RecipeError
_ ERROR at setup of test_engine_source_invalidity_reaches_actual_dependents[survey_table1.json] _

repo = PosixPath('/home/stev/.codex/worktrees/publish-main/SpecOrganon')
directory = PosixPath('/tmp/pytest-of-stev/pytest-295/test_engine_source_invalidity_2/trial')
claims_path = None, table_path = None

    def prepare(repo: Path, directory: Path, claims_path: Path | None = None,
                table_path: Path | None = None) -> dict:
        directory = directory.absolute()
        if directory.exists():
            raise RecipeError("recipe destination must be new")
        directory.mkdir(parents=True)
        case = directory / "case"
        case.mkdir()
        (directory / "public_keys.json").write_bytes(_render({"schema": 2, "cases": {}}))
        source = repo / "cases/bread_norway"
        files = {
            "source_claims.json": claims_path or repo / "cases/bread_development/source_claims.json",
            "survey_table1.json": table_path or source / "survey_table1.json",
            "source_lca.pdf": source / "source_lca.pdf", "source_survey.pdf": source / "source_survey.pdf",
            "audit_contract.json": auditor.CONTRACT,
        }
        for name, path in files.items():
            (case / name).write_bytes(_raw(path))
        try:
>           report = auditor.audit_bread_sources(case / "source_claims.json", case / "survey_table1.json", case)
                     ^^^^^^^^^^^^^^^^^^^^^^^^^^^^^^^^^^^^^^^^^^^^^^^^^^^^^^^^^^^^^^^^^^^^^^^^^^^^^^^^^^^^^^^^^^^

scripts/run_audited_bread_recipe.py:179: 
_ _ _ _ _ _ _ _ _ _ _ _ _ _ _ _ _ _ _ _ _ _ _ _ _ _ _ _ _ _ _ _ _ _ _ _ _ _ _ _ 
scripts/audit_bread_sources.py:143: in audit_bread_sources
    name: read_pdf_pages(pdf_root / identity["visible_file"],
src/specorganon/source_passages.py:147: in read_pdf_pages
    with _sealed_extractor(extractor) as (executable, fd), tempfile.TemporaryDirectory(
         ^^^^^^^^^^^^^^^^^^^^^^^^^^^^
/home/stev/.local/share/uv/python/cpython-3.13.14-linux-x86_64-gnu/lib/python3.13/contextlib.py:141: in __enter__
    return next(self.gen)
           ^^^^^^^^^^^^^^
_ _ _ _ _ _ _ _ _ _ _ _ _ _ _ _ _ _ _ _ _ _ _ _ _ _ _ _ _ _ _ _ _ _ _ _ _ _ _ _ 

spec = ExtractorSpec(path=PosixPath('/usr/bin/pdftotext'), sha256='0fb98ea179e19154a90202608c164f2a319b79f16576fa6534b2d601033565e7')

    @contextmanager
    def _sealed_extractor(spec: ExtractorSpec):
        """Execute the verified binary bytes, without a second path lookup."""
        if not all(hasattr(os, name) for name in ("memfd_create", "MFD_CLOEXEC", "MFD_ALLOW_SEALING")):
            raise SourceAuditError("runtime lacks sealed memfd extractor support")
        if (not spec.path.is_absolute()
                or re.fullmatch(r"[0-9a-f]{64}", spec.sha256) is None):
            raise SourceAuditError("extractor needs an absolute path and reviewed digest")
        sealed = None
        try:
            fd = os.open(spec.path, os.O_RDONLY | os.O_NOFOLLOW | os.O_NONBLOCK)
            with os.fdopen(fd, "rb") as stream:
                info = os.fstat(stream.fileno())
                if not stat.S_ISREG(info.st_mode) or not 0 < info.st_size <= 20_000_000:
                    raise SourceAuditError("extractor is not a bounded regular file")
                raw = stream.read(20_000_001)
            if hashlib.sha256(raw).hexdigest() != spec.sha256:
>               raise SourceAuditError("extractor bytes differ from reviewed digest")
E               specorganon.source_passages.SourceAuditError: extractor bytes differ from reviewed digest

src/specorganon/source_passages.py:110: SourceAuditError

The above exception was the direct cause of the following exception:

tmp_path = PosixPath('/tmp/pytest-of-stev/pytest-295/test_engine_source_invalidity_2')

    @pytest.fixture
    def prepared(tmp_path):
        directory = tmp_path / "trial"
>       result = recipe.prepare(ROOT, directory)
                 ^^^^^^^^^^^^^^^^^^^^^^^^^^^^^^^

tests/test_audited_bread_recipe.py:64: 
_ _ _ _ _ _ _ _ _ _ _ _ _ _ _ _ _ _ _ _ _ _ _ _ _ _ _ _ _ _ _ _ _ _ _ _ _ _ _ _ 

repo = PosixPath('/home/stev/.codex/worktrees/publish-main/SpecOrganon')
directory = PosixPath('/tmp/pytest-of-stev/pytest-295/test_engine_source_invalidity_2/trial')
claims_path = None, table_path = None

    def prepare(repo: Path, directory: Path, claims_path: Path | None = None,
                table_path: Path | None = None) -> dict:
        directory = directory.absolute()
        if directory.exists():
            raise RecipeError("recipe destination must be new")
        directory.mkdir(parents=True)
        case = directory / "case"
        case.mkdir()
        (directory / "public_keys.json").write_bytes(_render({"schema": 2, "cases": {}}))
        source = repo / "cases/bread_norway"
        files = {
            "source_claims.json": claims_path or repo / "cases/bread_development/source_claims.json",
            "survey_table1.json": table_path or source / "survey_table1.json",
            "source_lca.pdf": source / "source_lca.pdf", "source_survey.pdf": source / "source_survey.pdf",
            "audit_contract.json": auditor.CONTRACT,
        }
        for name, path in files.items():
            (case / name).write_bytes(_raw(path))
        try:
            report = auditor.audit_bread_sources(case / "source_claims.json", case / "survey_table1.json", case)
        except auditor.SourceAuditError as exc:
            (directory / "precondition_rejection.json").write_bytes(_render({"state": "rejected", "reason": str(exc), "ledger_created": False}))
>           raise RecipeError(f"source precondition rejected: {exc}") from exc
E           scripts.run_audited_bread_recipe.RecipeError: source precondition rejected: extractor bytes differ from reviewed digest

scripts/run_audited_bread_recipe.py:182: RecipeError
___ ERROR at setup of test_revised_checkpoint_is_rejected_without_overwrite ____

repo = PosixPath('/home/stev/.codex/worktrees/publish-main/SpecOrganon')
directory = PosixPath('/tmp/pytest-of-stev/pytest-295/test_revised_checkpoint_is_rej0/trial')
claims_path = None, table_path = None

    def prepare(repo: Path, directory: Path, claims_path: Path | None = None,
                table_path: Path | None = None) -> dict:
        directory = directory.absolute()
        if directory.exists():
            raise RecipeError("recipe destination must be new")
        directory.mkdir(parents=True)
        case = directory / "case"
        case.mkdir()
        (directory / "public_keys.json").write_bytes(_render({"schema": 2, "cases": {}}))
        source = repo / "cases/bread_norway"
        files = {
            "source_claims.json": claims_path or repo / "cases/bread_development/source_claims.json",
            "survey_table1.json": table_path or source / "survey_table1.json",
            "source_lca.pdf": source / "source_lca.pdf", "source_survey.pdf": source / "source_survey.pdf",
            "audit_contract.json": auditor.CONTRACT,
        }
        for name, path in files.items():
            (case / name).write_bytes(_raw(path))
        try:
>           report = auditor.audit_bread_sources(case / "source_claims.json", case / "survey_table1.json", case)
                     ^^^^^^^^^^^^^^^^^^^^^^^^^^^^^^^^^^^^^^^^^^^^^^^^^^^^^^^^^^^^^^^^^^^^^^^^^^^^^^^^^^^^^^^^^^^

scripts/run_audited_bread_recipe.py:179: 
_ _ _ _ _ _ _ _ _ _ _ _ _ _ _ _ _ _ _ _ _ _ _ _ _ _ _ _ _ _ _ _ _ _ _ _ _ _ _ _ 
scripts/audit_bread_sources.py:143: in audit_bread_sources
    name: read_pdf_pages(pdf_root / identity["visible_file"],
src/specorganon/source_passages.py:147: in read_pdf_pages
    with _sealed_extractor(extractor) as (executable, fd), tempfile.TemporaryDirectory(
         ^^^^^^^^^^^^^^^^^^^^^^^^^^^^
/home/stev/.local/share/uv/python/cpython-3.13.14-linux-x86_64-gnu/lib/python3.13/contextlib.py:141: in __enter__
    return next(self.gen)
           ^^^^^^^^^^^^^^
_ _ _ _ _ _ _ _ _ _ _ _ _ _ _ _ _ _ _ _ _ _ _ _ _ _ _ _ _ _ _ _ _ _ _ _ _ _ _ _ 

spec = ExtractorSpec(path=PosixPath('/usr/bin/pdftotext'), sha256='0fb98ea179e19154a90202608c164f2a319b79f16576fa6534b2d601033565e7')

    @contextmanager
    def _sealed_extractor(spec: ExtractorSpec):
        """Execute the verified binary bytes, without a second path lookup."""
        if not all(hasattr(os, name) for name in ("memfd_create", "MFD_CLOEXEC", "MFD_ALLOW_SEALING")):
            raise SourceAuditError("runtime lacks sealed memfd extractor support")
        if (not spec.path.is_absolute()
                or re.fullmatch(r"[0-9a-f]{64}", spec.sha256) is None):
            raise SourceAuditError("extractor needs an absolute path and reviewed digest")
        sealed = None
        try:
            fd = os.open(spec.path, os.O_RDONLY | os.O_NOFOLLOW | os.O_NONBLOCK)
            with os.fdopen(fd, "rb") as stream:
                info = os.fstat(stream.fileno())
                if not stat.S_ISREG(info.st_mode) or not 0 < info.st_size <= 20_000_000:
                    raise SourceAuditError("extractor is not a bounded regular file")
                raw = stream.read(20_000_001)
            if hashlib.sha256(raw).hexdigest() != spec.sha256:
>               raise SourceAuditError("extractor bytes differ from reviewed digest")
E               specorganon.source_passages.SourceAuditError: extractor bytes differ from reviewed digest

src/specorganon/source_passages.py:110: SourceAuditError

The above exception was the direct cause of the following exception:

tmp_path = PosixPath('/tmp/pytest-of-stev/pytest-295/test_revised_checkpoint_is_rej0')

    @pytest.fixture
    def prepared(tmp_path):
        directory = tmp_path / "trial"
>       result = recipe.prepare(ROOT, directory)
                 ^^^^^^^^^^^^^^^^^^^^^^^^^^^^^^^

tests/test_audited_bread_recipe.py:64: 
_ _ _ _ _ _ _ _ _ _ _ _ _ _ _ _ _ _ _ _ _ _ _ _ _ _ _ _ _ _ _ _ _ _ _ _ _ _ _ _ 

repo = PosixPath('/home/stev/.codex/worktrees/publish-main/SpecOrganon')
directory = PosixPath('/tmp/pytest-of-stev/pytest-295/test_revised_checkpoint_is_rej0/trial')
claims_path = None, table_path = None

    def prepare(repo: Path, directory: Path, claims_path: Path | None = None,
                table_path: Path | None = None) -> dict:
        directory = directory.absolute()
        if directory.exists():
            raise RecipeError("recipe destination must be new")
        directory.mkdir(parents=True)
        case = directory / "case"
        case.mkdir()
        (directory / "public_keys.json").write_bytes(_render({"schema": 2, "cases": {}}))
        source = repo / "cases/bread_norway"
        files = {
            "source_claims.json": claims_path or repo / "cases/bread_development/source_claims.json",
            "survey_table1.json": table_path or source / "survey_table1.json",
            "source_lca.pdf": source / "source_lca.pdf", "source_survey.pdf": source / "source_survey.pdf",
            "audit_contract.json": auditor.CONTRACT,
        }
        for name, path in files.items():
            (case / name).write_bytes(_raw(path))
        try:
            report = auditor.audit_bread_sources(case / "source_claims.json", case / "survey_table1.json", case)
        except auditor.SourceAuditError as exc:
            (directory / "precondition_rejection.json").write_bytes(_render({"state": "rejected", "reason": str(exc), "ledger_created": False}))
>           raise RecipeError(f"source precondition rejected: {exc}") from exc
E           scripts.run_audited_bread_recipe.RecipeError: source precondition rejected: extractor bytes differ from reviewed digest

scripts/run_audited_bread_recipe.py:182: RecipeError
_ ERROR at setup of test_real_d100_sources_prepare_closed_new_pending_prospectus _

repo = PosixPath('/home/stev/.codex/worktrees/publish-main/SpecOrganon')
directory = PosixPath('/tmp/pytest-of-stev/pytest-295/test_real_d100_sources_prepare0/prospectus')
claims_path = None, table_path = None

    def prepare(repo: Path, directory: Path, claims_path: Path | None = None,
                table_path: Path | None = None) -> dict:
        directory = directory.absolute()
        if directory.exists():
            raise RecipeError("recipe destination must be new")
        directory.mkdir(parents=True)
        case = directory / "case"
        case.mkdir()
        (directory / "public_keys.json").write_bytes(_render({"schema": 2, "cases": {}}))
        source = repo / "cases/bread_norway"
        files = {
            "source_claims.json": claims_path or repo / "cases/bread_development/source_claims.json",
            "survey_table1.json": table_path or source / "survey_table1.json",
            "source_lca.pdf": source / "source_lca.pdf", "source_survey.pdf": source / "source_survey.pdf",
            "audit_contract.json": auditor.CONTRACT,
        }
        for name, path in files.items():
            (case / name).write_bytes(_raw(path))
        try:
>           report = auditor.audit_bread_sources(case / "source_claims.json", case / "survey_table1.json", case)
                     ^^^^^^^^^^^^^^^^^^^^^^^^^^^^^^^^^^^^^^^^^^^^^^^^^^^^^^^^^^^^^^^^^^^^^^^^^^^^^^^^^^^^^^^^^^^

scripts/run_audited_bread_recipe.py:179: 
_ _ _ _ _ _ _ _ _ _ _ _ _ _ _ _ _ _ _ _ _ _ _ _ _ _ _ _ _ _ _ _ _ _ _ _ _ _ _ _ 
scripts/audit_bread_sources.py:143: in audit_bread_sources
    name: read_pdf_pages(pdf_root / identity["visible_file"],
src/specorganon/source_passages.py:147: in read_pdf_pages
    with _sealed_extractor(extractor) as (executable, fd), tempfile.TemporaryDirectory(
         ^^^^^^^^^^^^^^^^^^^^^^^^^^^^
/home/stev/.local/share/uv/python/cpython-3.13.14-linux-x86_64-gnu/lib/python3.13/contextlib.py:141: in __enter__
    return next(self.gen)
           ^^^^^^^^^^^^^^
_ _ _ _ _ _ _ _ _ _ _ _ _ _ _ _ _ _ _ _ _ _ _ _ _ _ _ _ _ _ _ _ _ _ _ _ _ _ _ _ 

spec = ExtractorSpec(path=PosixPath('/usr/bin/pdftotext'), sha256='0fb98ea179e19154a90202608c164f2a319b79f16576fa6534b2d601033565e7')

    @contextmanager
    def _sealed_extractor(spec: ExtractorSpec):
        """Execute the verified binary bytes, without a second path lookup."""
        if not all(hasattr(os, name) for name in ("memfd_create", "MFD_CLOEXEC", "MFD_ALLOW_SEALING")):
            raise SourceAuditError("runtime lacks sealed memfd extractor support")
        if (not spec.path.is_absolute()
                or re.fullmatch(r"[0-9a-f]{64}", spec.sha256) is None):
            raise SourceAuditError("extractor needs an absolute path and reviewed digest")
        sealed = None
        try:
            fd = os.open(spec.path, os.O_RDONLY | os.O_NOFOLLOW | os.O_NONBLOCK)
            with os.fdopen(fd, "rb") as stream:
                info = os.fstat(stream.fileno())
                if not stat.S_ISREG(info.st_mode) or not 0 < info.st_size <= 20_000_000:
                    raise SourceAuditError("extractor is not a bounded regular file")
                raw = stream.read(20_000_001)
            if hashlib.sha256(raw).hexdigest() != spec.sha256:
>               raise SourceAuditError("extractor bytes differ from reviewed digest")
E               specorganon.source_passages.SourceAuditError: extractor bytes differ from reviewed digest

src/specorganon/source_passages.py:110: SourceAuditError

The above exception was the direct cause of the following exception:

tmp_path = PosixPath('/tmp/pytest-of-stev/pytest-295/test_real_d100_sources_prepare0')

    @pytest.fixture
    def prepared(tmp_path):
        directory = tmp_path / "prospectus"
>       result = prospectus.prepare(directory)
                 ^^^^^^^^^^^^^^^^^^^^^^^^^^^^^

tests/test_bread_prospectus.py:34: 
_ _ _ _ _ _ _ _ _ _ _ _ _ _ _ _ _ _ _ _ _ _ _ _ _ _ _ _ _ _ _ _ _ _ _ _ _ _ _ _ 
scripts/build_bread_prospectus.py:157: in prepare
    base.prepare(ROOT, directory)
_ _ _ _ _ _ _ _ _ _ _ _ _ _ _ _ _ _ _ _ _ _ _ _ _ _ _ _ _ _ _ _ _ _ _ _ _ _ _ _ 

repo = PosixPath('/home/stev/.codex/worktrees/publish-main/SpecOrganon')
directory = PosixPath('/tmp/pytest-of-stev/pytest-295/test_real_d100_sources_prepare0/prospectus')
claims_path = None, table_path = None

    def prepare(repo: Path, directory: Path, claims_path: Path | None = None,
                table_path: Path | None = None) -> dict:
        directory = directory.absolute()
        if directory.exists():
            raise RecipeError("recipe destination must be new")
        directory.mkdir(parents=True)
        case = directory / "case"
        case.mkdir()
        (directory / "public_keys.json").write_bytes(_render({"schema": 2, "cases": {}}))
        source = repo / "cases/bread_norway"
        files = {
            "source_claims.json": claims_path or repo / "cases/bread_development/source_claims.json",
            "survey_table1.json": table_path or source / "survey_table1.json",
            "source_lca.pdf": source / "source_lca.pdf", "source_survey.pdf": source / "source_survey.pdf",
            "audit_contract.json": auditor.CONTRACT,
        }
        for name, path in files.items():
            (case / name).write_bytes(_raw(path))
        try:
            report = auditor.audit_bread_sources(case / "source_claims.json", case / "survey_table1.json", case)
        except auditor.SourceAuditError as exc:
            (directory / "precondition_rejection.json").write_bytes(_render({"state": "rejected", "reason": str(exc), "ledger_created": False}))
>           raise RecipeError(f"source precondition rejected: {exc}") from exc
E           scripts.run_audited_bread_recipe.RecipeError: source precondition rejected: extractor bytes differ from reviewed digest

scripts/run_audited_bread_recipe.py:182: RecipeError
_ ERROR at setup of test_documentary_normalization_keeps_units_and_does_not_become_an_observed_lot _

repo = PosixPath('/home/stev/.codex/worktrees/publish-main/SpecOrganon')
directory = PosixPath('/tmp/pytest-of-stev/pytest-295/test_documentary_normalization0/prospectus')
claims_path = None, table_path = None

    def prepare(repo: Path, directory: Path, claims_path: Path | None = None,
                table_path: Path | None = None) -> dict:
        directory = directory.absolute()
        if directory.exists():
            raise RecipeError("recipe destination must be new")
        directory.mkdir(parents=True)
        case = directory / "case"
        case.mkdir()
        (directory / "public_keys.json").write_bytes(_render({"schema": 2, "cases": {}}))
        source = repo / "cases/bread_norway"
        files = {
            "source_claims.json": claims_path or repo / "cases/bread_development/source_claims.json",
            "survey_table1.json": table_path or source / "survey_table1.json",
            "source_lca.pdf": source / "source_lca.pdf", "source_survey.pdf": source / "source_survey.pdf",
            "audit_contract.json": auditor.CONTRACT,
        }
        for name, path in files.items():
            (case / name).write_bytes(_raw(path))
        try:
>           report = auditor.audit_bread_sources(case / "source_claims.json", case / "survey_table1.json", case)
                     ^^^^^^^^^^^^^^^^^^^^^^^^^^^^^^^^^^^^^^^^^^^^^^^^^^^^^^^^^^^^^^^^^^^^^^^^^^^^^^^^^^^^^^^^^^^

scripts/run_audited_bread_recipe.py:179: 
_ _ _ _ _ _ _ _ _ _ _ _ _ _ _ _ _ _ _ _ _ _ _ _ _ _ _ _ _ _ _ _ _ _ _ _ _ _ _ _ 
scripts/audit_bread_sources.py:143: in audit_bread_sources
    name: read_pdf_pages(pdf_root / identity["visible_file"],
src/specorganon/source_passages.py:147: in read_pdf_pages
    with _sealed_extractor(extractor) as (executable, fd), tempfile.TemporaryDirectory(
         ^^^^^^^^^^^^^^^^^^^^^^^^^^^^
/home/stev/.local/share/uv/python/cpython-3.13.14-linux-x86_64-gnu/lib/python3.13/contextlib.py:141: in __enter__
    return next(self.gen)
           ^^^^^^^^^^^^^^
_ _ _ _ _ _ _ _ _ _ _ _ _ _ _ _ _ _ _ _ _ _ _ _ _ _ _ _ _ _ _ _ _ _ _ _ _ _ _ _ 

spec = ExtractorSpec(path=PosixPath('/usr/bin/pdftotext'), sha256='0fb98ea179e19154a90202608c164f2a319b79f16576fa6534b2d601033565e7')

    @contextmanager
    def _sealed_extractor(spec: ExtractorSpec):
        """Execute the verified binary bytes, without a second path lookup."""
        if not all(hasattr(os, name) for name in ("memfd_create", "MFD_CLOEXEC", "MFD_ALLOW_SEALING")):
            raise SourceAuditError("runtime lacks sealed memfd extractor support")
        if (not spec.path.is_absolute()
                or re.fullmatch(r"[0-9a-f]{64}", spec.sha256) is None):
            raise SourceAuditError("extractor needs an absolute path and reviewed digest")
        sealed = None
        try:
            fd = os.open(spec.path, os.O_RDONLY | os.O_NOFOLLOW | os.O_NONBLOCK)
            with os.fdopen(fd, "rb") as stream:
                info = os.fstat(stream.fileno())
                if not stat.S_ISREG(info.st_mode) or not 0 < info.st_size <= 20_000_000:
                    raise SourceAuditError("extractor is not a bounded regular file")
                raw = stream.read(20_000_001)
            if hashlib.sha256(raw).hexdigest() != spec.sha256:
>               raise SourceAuditError("extractor bytes differ from reviewed digest")
E               specorganon.source_passages.SourceAuditError: extractor bytes differ from reviewed digest

src/specorganon/source_passages.py:110: SourceAuditError

The above exception was the direct cause of the following exception:

tmp_path = PosixPath('/tmp/pytest-of-stev/pytest-295/test_documentary_normalization0')

    @pytest.fixture
    def prepared(tmp_path):
        directory = tmp_path / "prospectus"
>       result = prospectus.prepare(directory)
                 ^^^^^^^^^^^^^^^^^^^^^^^^^^^^^

tests/test_bread_prospectus.py:34: 
_ _ _ _ _ _ _ _ _ _ _ _ _ _ _ _ _ _ _ _ _ _ _ _ _ _ _ _ _ _ _ _ _ _ _ _ _ _ _ _ 
scripts/build_bread_prospectus.py:157: in prepare
    base.prepare(ROOT, directory)
_ _ _ _ _ _ _ _ _ _ _ _ _ _ _ _ _ _ _ _ _ _ _ _ _ _ _ _ _ _ _ _ _ _ _ _ _ _ _ _ 

repo = PosixPath('/home/stev/.codex/worktrees/publish-main/SpecOrganon')
directory = PosixPath('/tmp/pytest-of-stev/pytest-295/test_documentary_normalization0/prospectus')
claims_path = None, table_path = None

    def prepare(repo: Path, directory: Path, claims_path: Path | None = None,
                table_path: Path | None = None) -> dict:
        directory = directory.absolute()
        if directory.exists():
            raise RecipeError("recipe destination must be new")
        directory.mkdir(parents=True)
        case = directory / "case"
        case.mkdir()
        (directory / "public_keys.json").write_bytes(_render({"schema": 2, "cases": {}}))
        source = repo / "cases/bread_norway"
        files = {
            "source_claims.json": claims_path or repo / "cases/bread_development/source_claims.json",
            "survey_table1.json": table_path or source / "survey_table1.json",
            "source_lca.pdf": source / "source_lca.pdf", "source_survey.pdf": source / "source_survey.pdf",
            "audit_contract.json": auditor.CONTRACT,
        }
        for name, path in files.items():
            (case / name).write_bytes(_raw(path))
        try:
            report = auditor.audit_bread_sources(case / "source_claims.json", case / "survey_table1.json", case)
        except auditor.SourceAuditError as exc:
            (directory / "precondition_rejection.json").write_bytes(_render({"state": "rejected", "reason": str(exc), "ledger_created": False}))
>           raise RecipeError(f"source precondition rejected: {exc}") from exc
E           scripts.run_audited_bread_recipe.RecipeError: source precondition rejected: extractor bytes differ from reviewed digest

scripts/run_audited_bread_recipe.py:182: RecipeError
_ ERROR at setup of test_example_arithmetic_is_incremental_balanced_and_dry_pending _

repo = PosixPath('/home/stev/.codex/worktrees/publish-main/SpecOrganon')
directory = PosixPath('/tmp/pytest-of-stev/pytest-295/test_example_arithmetic_is_inc0/prospectus')
claims_path = None, table_path = None

    def prepare(repo: Path, directory: Path, claims_path: Path | None = None,
                table_path: Path | None = None) -> dict:
        directory = directory.absolute()
        if directory.exists():
            raise RecipeError("recipe destination must be new")
        directory.mkdir(parents=True)
        case = directory / "case"
        case.mkdir()
        (directory / "public_keys.json").write_bytes(_render({"schema": 2, "cases": {}}))
        source = repo / "cases/bread_norway"
        files = {
            "source_claims.json": claims_path or repo / "cases/bread_development/source_claims.json",
            "survey_table1.json": table_path or source / "survey_table1.json",
            "source_lca.pdf": source / "source_lca.pdf", "source_survey.pdf": source / "source_survey.pdf",
            "audit_contract.json": auditor.CONTRACT,
        }
        for name, path in files.items():
            (case / name).write_bytes(_raw(path))
        try:
>           report = auditor.audit_bread_sources(case / "source_claims.json", case / "survey_table1.json", case)
                     ^^^^^^^^^^^^^^^^^^^^^^^^^^^^^^^^^^^^^^^^^^^^^^^^^^^^^^^^^^^^^^^^^^^^^^^^^^^^^^^^^^^^^^^^^^^

scripts/run_audited_bread_recipe.py:179: 
_ _ _ _ _ _ _ _ _ _ _ _ _ _ _ _ _ _ _ _ _ _ _ _ _ _ _ _ _ _ _ _ _ _ _ _ _ _ _ _ 
scripts/audit_bread_sources.py:143: in audit_bread_sources
    name: read_pdf_pages(pdf_root / identity["visible_file"],
src/specorganon/source_passages.py:147: in read_pdf_pages
    with _sealed_extractor(extractor) as (executable, fd), tempfile.TemporaryDirectory(
         ^^^^^^^^^^^^^^^^^^^^^^^^^^^^
/home/stev/.local/share/uv/python/cpython-3.13.14-linux-x86_64-gnu/lib/python3.13/contextlib.py:141: in __enter__
    return next(self.gen)
           ^^^^^^^^^^^^^^
_ _ _ _ _ _ _ _ _ _ _ _ _ _ _ _ _ _ _ _ _ _ _ _ _ _ _ _ _ _ _ _ _ _ _ _ _ _ _ _ 

spec = ExtractorSpec(path=PosixPath('/usr/bin/pdftotext'), sha256='0fb98ea179e19154a90202608c164f2a319b79f16576fa6534b2d601033565e7')

    @contextmanager
    def _sealed_extractor(spec: ExtractorSpec):
        """Execute the verified binary bytes, without a second path lookup."""
        if not all(hasattr(os, name) for name in ("memfd_create", "MFD_CLOEXEC", "MFD_ALLOW_SEALING")):
            raise SourceAuditError("runtime lacks sealed memfd extractor support")
        if (not spec.path.is_absolute()
                or re.fullmatch(r"[0-9a-f]{64}", spec.sha256) is None):
            raise SourceAuditError("extractor needs an absolute path and reviewed digest")
        sealed = None
        try:
            fd = os.open(spec.path, os.O_RDONLY | os.O_NOFOLLOW | os.O_NONBLOCK)
            with os.fdopen(fd, "rb") as stream:
                info = os.fstat(stream.fileno())
                if not stat.S_ISREG(info.st_mode) or not 0 < info.st_size <= 20_000_000:
                    raise SourceAuditError("extractor is not a bounded regular file")
                raw = stream.read(20_000_001)
            if hashlib.sha256(raw).hexdigest() != spec.sha256:
>               raise SourceAuditError("extractor bytes differ from reviewed digest")
E               specorganon.source_passages.SourceAuditError: extractor bytes differ from reviewed digest

src/specorganon/source_passages.py:110: SourceAuditError

The above exception was the direct cause of the following exception:

tmp_path = PosixPath('/tmp/pytest-of-stev/pytest-295/test_example_arithmetic_is_inc0')

    @pytest.fixture
    def prepared(tmp_path):
        directory = tmp_path / "prospectus"
>       result = prospectus.prepare(directory)
                 ^^^^^^^^^^^^^^^^^^^^^^^^^^^^^

tests/test_bread_prospectus.py:34: 
_ _ _ _ _ _ _ _ _ _ _ _ _ _ _ _ _ _ _ _ _ _ _ _ _ _ _ _ _ _ _ _ _ _ _ _ _ _ _ _ 
scripts/build_bread_prospectus.py:157: in prepare
    base.prepare(ROOT, directory)
_ _ _ _ _ _ _ _ _ _ _ _ _ _ _ _ _ _ _ _ _ _ _ _ _ _ _ _ _ _ _ _ _ _ _ _ _ _ _ _ 

repo = PosixPath('/home/stev/.codex/worktrees/publish-main/SpecOrganon')
directory = PosixPath('/tmp/pytest-of-stev/pytest-295/test_example_arithmetic_is_inc0/prospectus')
claims_path = None, table_path = None

    def prepare(repo: Path, directory: Path, claims_path: Path | None = None,
                table_path: Path | None = None) -> dict:
        directory = directory.absolute()
        if directory.exists():
            raise RecipeError("recipe destination must be new")
        directory.mkdir(parents=True)
        case = directory / "case"
        case.mkdir()
        (directory / "public_keys.json").write_bytes(_render({"schema": 2, "cases": {}}))
        source = repo / "cases/bread_norway"
        files = {
            "source_claims.json": claims_path or repo / "cases/bread_development/source_claims.json",
            "survey_table1.json": table_path or source / "survey_table1.json",
            "source_lca.pdf": source / "source_lca.pdf", "source_survey.pdf": source / "source_survey.pdf",
            "audit_contract.json": auditor.CONTRACT,
        }
        for name, path in files.items():
            (case / name).write_bytes(_raw(path))
        try:
            report = auditor.audit_bread_sources(case / "source_claims.json", case / "survey_table1.json", case)
        except auditor.SourceAuditError as exc:
            (directory / "precondition_rejection.json").write_bytes(_render({"state": "rejected", "reason": str(exc), "ledger_created": False}))
>           raise RecipeError(f"source precondition rejected: {exc}") from exc
E           scripts.run_audited_bread_recipe.RecipeError: source precondition rejected: extractor bytes differ from reviewed digest

scripts/run_audited_bread_recipe.py:182: RecipeError
_ ERROR at setup of test_real_engine_accepts_all_puts_as_pending_and_requirements_trace_sources _

repo = PosixPath('/home/stev/.codex/worktrees/publish-main/SpecOrganon')
directory = PosixPath('/tmp/pytest-of-stev/pytest-295/test_real_engine_accepts_all_p0/prospectus')
claims_path = None, table_path = None

    def prepare(repo: Path, directory: Path, claims_path: Path | None = None,
                table_path: Path | None = None) -> dict:
        directory = directory.absolute()
        if directory.exists():
            raise RecipeError("recipe destination must be new")
        directory.mkdir(parents=True)
        case = directory / "case"
        case.mkdir()
        (directory / "public_keys.json").write_bytes(_render({"schema": 2, "cases": {}}))
        source = repo / "cases/bread_norway"
        files = {
            "source_claims.json": claims_path or repo / "cases/bread_development/source_claims.json",
            "survey_table1.json": table_path or source / "survey_table1.json",
            "source_lca.pdf": source / "source_lca.pdf", "source_survey.pdf": source / "source_survey.pdf",
            "audit_contract.json": auditor.CONTRACT,
        }
        for name, path in files.items():
            (case / name).write_bytes(_raw(path))
        try:
>           report = auditor.audit_bread_sources(case / "source_claims.json", case / "survey_table1.json", case)
                     ^^^^^^^^^^^^^^^^^^^^^^^^^^^^^^^^^^^^^^^^^^^^^^^^^^^^^^^^^^^^^^^^^^^^^^^^^^^^^^^^^^^^^^^^^^^

scripts/run_audited_bread_recipe.py:179: 
_ _ _ _ _ _ _ _ _ _ _ _ _ _ _ _ _ _ _ _ _ _ _ _ _ _ _ _ _ _ _ _ _ _ _ _ _ _ _ _ 
scripts/audit_bread_sources.py:143: in audit_bread_sources
    name: read_pdf_pages(pdf_root / identity["visible_file"],
src/specorganon/source_passages.py:147: in read_pdf_pages
    with _sealed_extractor(extractor) as (executable, fd), tempfile.TemporaryDirectory(
         ^^^^^^^^^^^^^^^^^^^^^^^^^^^^
/home/stev/.local/share/uv/python/cpython-3.13.14-linux-x86_64-gnu/lib/python3.13/contextlib.py:141: in __enter__
    return next(self.gen)
           ^^^^^^^^^^^^^^
_ _ _ _ _ _ _ _ _ _ _ _ _ _ _ _ _ _ _ _ _ _ _ _ _ _ _ _ _ _ _ _ _ _ _ _ _ _ _ _ 

spec = ExtractorSpec(path=PosixPath('/usr/bin/pdftotext'), sha256='0fb98ea179e19154a90202608c164f2a319b79f16576fa6534b2d601033565e7')

    @contextmanager
    def _sealed_extractor(spec: ExtractorSpec):
        """Execute the verified binary bytes, without a second path lookup."""
        if not all(hasattr(os, name) for name in ("memfd_create", "MFD_CLOEXEC", "MFD_ALLOW_SEALING")):
            raise SourceAuditError("runtime lacks sealed memfd extractor support")
        if (not spec.path.is_absolute()
                or re.fullmatch(r"[0-9a-f]{64}", spec.sha256) is None):
            raise SourceAuditError("extractor needs an absolute path and reviewed digest")
        sealed = None
        try:
            fd = os.open(spec.path, os.O_RDONLY | os.O_NOFOLLOW | os.O_NONBLOCK)
            with os.fdopen(fd, "rb") as stream:
                info = os.fstat(stream.fileno())
                if not stat.S_ISREG(info.st_mode) or not 0 < info.st_size <= 20_000_000:
                    raise SourceAuditError("extractor is not a bounded regular file")
                raw = stream.read(20_000_001)
            if hashlib.sha256(raw).hexdigest() != spec.sha256:
>               raise SourceAuditError("extractor bytes differ from reviewed digest")
E               specorganon.source_passages.SourceAuditError: extractor bytes differ from reviewed digest

src/specorganon/source_passages.py:110: SourceAuditError

The above exception was the direct cause of the following exception:

tmp_path = PosixPath('/tmp/pytest-of-stev/pytest-295/test_real_engine_accepts_all_p0')

    @pytest.fixture
    def prepared(tmp_path):
        directory = tmp_path / "prospectus"
>       result = prospectus.prepare(directory)
                 ^^^^^^^^^^^^^^^^^^^^^^^^^^^^^

tests/test_bread_prospectus.py:34: 
_ _ _ _ _ _ _ _ _ _ _ _ _ _ _ _ _ _ _ _ _ _ _ _ _ _ _ _ _ _ _ _ _ _ _ _ _ _ _ _ 
scripts/build_bread_prospectus.py:157: in prepare
    base.prepare(ROOT, directory)
_ _ _ _ _ _ _ _ _ _ _ _ _ _ _ _ _ _ _ _ _ _ _ _ _ _ _ _ _ _ _ _ _ _ _ _ _ _ _ _ 

repo = PosixPath('/home/stev/.codex/worktrees/publish-main/SpecOrganon')
directory = PosixPath('/tmp/pytest-of-stev/pytest-295/test_real_engine_accepts_all_p0/prospectus')
claims_path = None, table_path = None

    def prepare(repo: Path, directory: Path, claims_path: Path | None = None,
                table_path: Path | None = None) -> dict:
        directory = directory.absolute()
        if directory.exists():
            raise RecipeError("recipe destination must be new")
        directory.mkdir(parents=True)
        case = directory / "case"
        case.mkdir()
        (directory / "public_keys.json").write_bytes(_render({"schema": 2, "cases": {}}))
        source = repo / "cases/bread_norway"
        files = {
            "source_claims.json": claims_path or repo / "cases/bread_development/source_claims.json",
            "survey_table1.json": table_path or source / "survey_table1.json",
            "source_lca.pdf": source / "source_lca.pdf", "source_survey.pdf": source / "source_survey.pdf",
            "audit_contract.json": auditor.CONTRACT,
        }
        for name, path in files.items():
            (case / name).write_bytes(_raw(path))
        try:
            report = auditor.audit_bread_sources(case / "source_claims.json", case / "survey_table1.json", case)
        except auditor.SourceAuditError as exc:
            (directory / "precondition_rejection.json").write_bytes(_render({"state": "rejected", "reason": str(exc), "ledger_created": False}))
>           raise RecipeError(f"source precondition rejected: {exc}") from exc
E           scripts.run_audited_bread_recipe.RecipeError: source precondition rejected: extractor bytes differ from reviewed digest

scripts/run_audited_bread_recipe.py:182: RecipeError
=================================== FAILURES ===================================
_______ test_real_archives_and_reserialized_transcriptions_are_verified ________

packet = ({'schema': 1, 'classification': 'development_exposed_neutral_transcription', 'sources': {'lca': {'title': 'Effects of... bread wasted from household per week', 'reported_total': 1000, ...}, <function packet.<locals>.run at 0x7f247e2cc900>)

    def test_real_archives_and_reserialized_transcriptions_are_verified(packet):
        claims, table, run = packet
>       result = run()
                 ^^^^^

tests/test_audit_bread_sources.py:58: 
_ _ _ _ _ _ _ _ _ _ _ _ _ _ _ _ _ _ _ _ _ _ _ _ _ _ _ _ _ _ _ _ _ _ _ _ _ _ _ _ 
tests/test_audit_bread_sources.py:36: in run
    return auditor.audit_bread_sources(claims_path, table_path, pdf_root)
           ^^^^^^^^^^^^^^^^^^^^^^^^^^^^^^^^^^^^^^^^^^^^^^^^^^^^^^^^^^^^^^
scripts/audit_bread_sources.py:143: in audit_bread_sources
    name: read_pdf_pages(pdf_root / identity["visible_file"],
src/specorganon/source_passages.py:147: in read_pdf_pages
    with _sealed_extractor(extractor) as (executable, fd), tempfile.TemporaryDirectory(
         ^^^^^^^^^^^^^^^^^^^^^^^^^^^^
/home/stev/.local/share/uv/python/cpython-3.13.14-linux-x86_64-gnu/lib/python3.13/contextlib.py:141: in __enter__
    return next(self.gen)
           ^^^^^^^^^^^^^^
_ _ _ _ _ _ _ _ _ _ _ _ _ _ _ _ _ _ _ _ _ _ _ _ _ _ _ _ _ _ _ _ _ _ _ _ _ _ _ _ 

spec = ExtractorSpec(path=PosixPath('/usr/bin/pdftotext'), sha256='0fb98ea179e19154a90202608c164f2a319b79f16576fa6534b2d601033565e7')

    @contextmanager
    def _sealed_extractor(spec: ExtractorSpec):
        """Execute the verified binary bytes, without a second path lookup."""
        if not all(hasattr(os, name) for name in ("memfd_create", "MFD_CLOEXEC", "MFD_ALLOW_SEALING")):
            raise SourceAuditError("runtime lacks sealed memfd extractor support")
        if (not spec.path.is_absolute()
                or re.fullmatch(r"[0-9a-f]{64}", spec.sha256) is None):
            raise SourceAuditError("extractor needs an absolute path and reviewed digest")
        sealed = None
        try:
            fd = os.open(spec.path, os.O_RDONLY | os.O_NOFOLLOW | os.O_NONBLOCK)
            with os.fdopen(fd, "rb") as stream:
                info = os.fstat(stream.fileno())
                if not stat.S_ISREG(info.st_mode) or not 0 < info.st_size <= 20_000_000:
                    raise SourceAuditError("extractor is not a bounded regular file")
                raw = stream.read(20_000_001)
            if hashlib.sha256(raw).hexdigest() != spec.sha256:
>               raise SourceAuditError("extractor bytes differ from reviewed digest")
E               specorganon.source_passages.SourceAuditError: extractor bytes differ from reviewed digest

src/specorganon/source_passages.py:110: SourceAuditError
______________ test_path_shim_cannot_change_numeric_audit_outcome ______________

tmp_path = PosixPath('/tmp/pytest-of-stev/pytest-295/test_path_shim_cannot_change_n0')
monkeypatch = <_pytest.monkeypatch.MonkeyPatch object at 0x7f247e266270>
packet = ({'schema': 1, 'classification': 'development_exposed_neutral_transcription', 'sources': {'lca': {'title': 'Effects of... bread wasted from household per week', 'reported_total': 1000, ...}, <function packet.<locals>.run at 0x7f247e11d1c0>)

    def test_path_shim_cannot_change_numeric_audit_outcome(tmp_path, monkeypatch, packet):
        bindir = tmp_path / "bin"
        bindir.mkdir()
        shim = bindir / "pdftotext"
        shim.write_text("#!/bin/sh\nexit 99\n")
        shim.chmod(0o700)
        monkeypatch.setenv("PATH", str(bindir))
        claims, _, run = packet
>       assert run()["verified_claims"] == 17
               ^^^^^

tests/test_audit_bread_sources.py:139: 
_ _ _ _ _ _ _ _ _ _ _ _ _ _ _ _ _ _ _ _ _ _ _ _ _ _ _ _ _ _ _ _ _ _ _ _ _ _ _ _ 
tests/test_audit_bread_sources.py:36: in run
    return auditor.audit_bread_sources(claims_path, table_path, pdf_root)
           ^^^^^^^^^^^^^^^^^^^^^^^^^^^^^^^^^^^^^^^^^^^^^^^^^^^^^^^^^^^^^^
scripts/audit_bread_sources.py:143: in audit_bread_sources
    name: read_pdf_pages(pdf_root / identity["visible_file"],
src/specorganon/source_passages.py:147: in read_pdf_pages
    with _sealed_extractor(extractor) as (executable, fd), tempfile.TemporaryDirectory(
         ^^^^^^^^^^^^^^^^^^^^^^^^^^^^
/home/stev/.local/share/uv/python/cpython-3.13.14-linux-x86_64-gnu/lib/python3.13/contextlib.py:141: in __enter__
    return next(self.gen)
           ^^^^^^^^^^^^^^
_ _ _ _ _ _ _ _ _ _ _ _ _ _ _ _ _ _ _ _ _ _ _ _ _ _ _ _ _ _ _ _ _ _ _ _ _ _ _ _ 

spec = ExtractorSpec(path=PosixPath('/usr/bin/pdftotext'), sha256='0fb98ea179e19154a90202608c164f2a319b79f16576fa6534b2d601033565e7')

    @contextmanager
    def _sealed_extractor(spec: ExtractorSpec):
        """Execute the verified binary bytes, without a second path lookup."""
        if not all(hasattr(os, name) for name in ("memfd_create", "MFD_CLOEXEC", "MFD_ALLOW_SEALING")):
            raise SourceAuditError("runtime lacks sealed memfd extractor support")
        if (not spec.path.is_absolute()
                or re.fullmatch(r"[0-9a-f]{64}", spec.sha256) is None):
            raise SourceAuditError("extractor needs an absolute path and reviewed digest")
        sealed = None
        try:
            fd = os.open(spec.path, os.O_RDONLY | os.O_NOFOLLOW | os.O_NONBLOCK)
            with os.fdopen(fd, "rb") as stream:
                info = os.fstat(stream.fileno())
                if not stat.S_ISREG(info.st_mode) or not 0 < info.st_size <= 20_000_000:
                    raise SourceAuditError("extractor is not a bounded regular file")
                raw = stream.read(20_000_001)
            if hashlib.sha256(raw).hexdigest() != spec.sha256:
>               raise SourceAuditError("extractor bytes differ from reviewed digest")
E               specorganon.source_passages.SourceAuditError: extractor bytes differ from reviewed digest

src/specorganon/source_passages.py:110: SourceAuditError
________________ test_cli_positive_creates_explicit_json_result ________________

tmp_path = PosixPath('/tmp/pytest-of-stev/pytest-295/test_cli_positive_creates_expl0')

    def test_cli_positive_creates_explicit_json_result(tmp_path):
        output = tmp_path / "result.json"
        process = subprocess.run([sys.executable, str(ROOT / "scripts/audit_bread_sources.py"),
            "--claims", str(CLAIMS), "--table", str(TABLE), "--pdf-root", str(PDFS),
            "--output", str(output)], capture_output=True, text=True, timeout=30)
>       assert process.returncode == 0, process.stderr
E       AssertionError: source audit rejected: extractor bytes differ from reviewed digest
E         
E       assert 2 == 0
E        +  where 2 = CompletedProcess(args=['/home/stev/.codex/worktrees/publish-main/SpecOrganon/.venv/bin/python', '/home/stev/.codex/wor.../result.json'], returncode=2, stdout='', stderr='source audit rejected: extractor bytes differ from reviewed digest\n').returncode

tests/test_audit_bread_sources.py:298: AssertionError
____ test_prepare_and_generation_exact_outputs_without_automatic_execution _____

tmp_path = PosixPath('/tmp/pytest-of-stev/pytest-295/test_prepare_and_generation_ex0')
monkeypatch = <_pytest.monkeypatch.MonkeyPatch object at 0x7f247ffc3a10>
admission = None

    def test_prepare_and_generation_exact_outputs_without_automatic_execution(tmp_path, monkeypatch, admission):
>       directory = _prepare(tmp_path)
                    ^^^^^^^^^^^^^^^^^^

tests/test_bread_continuation.py:105: 
_ _ _ _ _ _ _ _ _ _ _ _ _ _ _ _ _ _ _ _ _ _ _ _ _ _ _ _ _ _ _ _ _ _ _ _ _ _ _ _ 
tests/test_bread_continuation.py:86: in _prepare
    result = continuation.prepare(continuation.ROOT if repo is None else repo, directory)
             ^^^^^^^^^^^^^^^^^^^^^^^^^^^^^^^^^^^^^^^^^^^^^^^^^^^^^^^^^^^^^^^^^^^^^^^^^^^^
scripts/run_bread_continuation.py:222: in prepare
    blobs = _blobs(repo, protocol, protocol_raw)
            ^^^^^^^^^^^^^^^^^^^^^^^^^^^^^^^^^^^^
scripts/run_bread_continuation.py:168: in _blobs
    blobs, _ = _parent(repo, protocol)
               ^^^^^^^^^^^^^^^^^^^^^^^
scripts/run_bread_continuation.py:129: in _parent
    verified = checkpoint.status(directory)
               ^^^^^^^^^^^^^^^^^^^^^^^^^^^^
scripts/run_prototype_checkpoint.py:310: in status
    state, plan = _load(directory)
                  ^^^^^^^^^^^^^^^^
_ _ _ _ _ _ _ _ _ _ _ _ _ _ _ _ _ _ _ _ _ _ _ _ _ _ _ _ _ _ _ _ _ _ _ _ _ _ _ _ 

directory = PosixPath('/home/stev/.codex/worktrees/publish-main/SpecOrganon/experiments/development/prototype_checkpoint_compatibility_2026-09-30/attempt')

    def _load(directory: Path) -> tuple[dict, dict]:
        state = _json(_read(directory / "run.json"))
        plan_raw = _read(directory / "plan.json")
        if state.get("plan") != _record(plan_raw):
            raise CheckpointError("plan changed")
        plan = _json(plan_raw)
        authority_path, authority_sha = _authority(plan.get("study_id", "D095"))
        if (plan["protocol_path"] != str(authority_path.resolve(strict=True))
                or plan["protocol_sha256"] != authority_sha):
>           raise CheckpointError("runtime protocol differs from the fixed study authority")
E           run_prototype_checkpoint.CheckpointError: runtime protocol differs from the fixed study authority

scripts/run_prototype_checkpoint.py:253: CheckpointError
_____________ test_real_reviewed_sealed_baseline_and_no_repetition _____________

tmp_path = PosixPath('/tmp/pytest-of-stev/pytest-295/test_real_reviewed_sealed_base0')
monkeypatch = <_pytest.monkeypatch.MonkeyPatch object at 0x7f247e5dd710>
admission = None

    def test_real_reviewed_sealed_baseline_and_no_repetition(tmp_path, monkeypatch, admission):
        from scripts.local_replay_sandbox import probe_sandbox
        if not probe_sandbox().available:
            pytest.skip("required sandbox unavailable")
>       directory = _prepare(tmp_path)
                    ^^^^^^^^^^^^^^^^^^

tests/test_bread_continuation.py:139: 
_ _ _ _ _ _ _ _ _ _ _ _ _ _ _ _ _ _ _ _ _ _ _ _ _ _ _ _ _ _ _ _ _ _ _ _ _ _ _ _ 
tests/test_bread_continuation.py:86: in _prepare
    result = continuation.prepare(continuation.ROOT if repo is None else repo, directory)
             ^^^^^^^^^^^^^^^^^^^^^^^^^^^^^^^^^^^^^^^^^^^^^^^^^^^^^^^^^^^^^^^^^^^^^^^^^^^^
scripts/run_bread_continuation.py:222: in prepare
    blobs = _blobs(repo, protocol, protocol_raw)
            ^^^^^^^^^^^^^^^^^^^^^^^^^^^^^^^^^^^^
scripts/run_bread_continuation.py:168: in _blobs
    blobs, _ = _parent(repo, protocol)
               ^^^^^^^^^^^^^^^^^^^^^^^
scripts/run_bread_continuation.py:129: in _parent
    verified = checkpoint.status(directory)
               ^^^^^^^^^^^^^^^^^^^^^^^^^^^^
scripts/run_prototype_checkpoint.py:310: in status
    state, plan = _load(directory)
                  ^^^^^^^^^^^^^^^^
_ _ _ _ _ _ _ _ _ _ _ _ _ _ _ _ _ _ _ _ _ _ _ _ _ _ _ _ _ _ _ _ _ _ _ _ _ _ _ _ 

directory = PosixPath('/home/stev/.codex/worktrees/publish-main/SpecOrganon/experiments/development/prototype_checkpoint_compatibility_2026-09-30/attempt')

    def _load(directory: Path) -> tuple[dict, dict]:
        state = _json(_read(directory / "run.json"))
        plan_raw = _read(directory / "plan.json")
        if state.get("plan") != _record(plan_raw):
            raise CheckpointError("plan changed")
        plan = _json(plan_raw)
        authority_path, authority_sha = _authority(plan.get("study_id", "D095"))
        if (plan["protocol_path"] != str(authority_path.resolve(strict=True))
                or plan["protocol_sha256"] != authority_sha):
>           raise CheckpointError("runtime protocol differs from the fixed study authority")
E           run_prototype_checkpoint.CheckpointError: runtime protocol differs from the fixed study authority

scripts/run_prototype_checkpoint.py:253: CheckpointError
_____ test_real_sandbox_replay_cannot_create_files_network_or_descendants ______

tmp_path = PosixPath('/tmp/pytest-of-stev/pytest-295/test_real_sandbox_replay_canno0')
monkeypatch = <_pytest.monkeypatch.MonkeyPatch object at 0x7f247e606e40>
admission = None

    def test_real_sandbox_replay_cannot_create_files_network_or_descendants(tmp_path, monkeypatch, admission):
        from scripts.local_replay_sandbox import probe_sandbox
        if not probe_sandbox().available:
            pytest.skip("required sandbox unavailable")
        script = """import json, os, socket, sys
    from pathlib import Path
    blocked = 0
    for operation in (lambda: Path(sys.argv[1], 'unexpected.txt').write_text('bad'),
                      lambda: socket.socket(socket.AF_INET, socket.SOCK_STREAM), lambda: os.fork()):
        try:
            operation()
        except OSError:
            blocked += 1
        else:
            raise AssertionError('restriction failed')
    print(json.dumps({'blocked': blocked}))
    """
>       directory = _prepare(tmp_path)
                    ^^^^^^^^^^^^^^^^^^

tests/test_bread_continuation.py:179: 
_ _ _ _ _ _ _ _ _ _ _ _ _ _ _ _ _ _ _ _ _ _ _ _ _ _ _ _ _ _ _ _ _ _ _ _ _ _ _ _ 
tests/test_bread_continuation.py:86: in _prepare
    result = continuation.prepare(continuation.ROOT if repo is None else repo, directory)
             ^^^^^^^^^^^^^^^^^^^^^^^^^^^^^^^^^^^^^^^^^^^^^^^^^^^^^^^^^^^^^^^^^^^^^^^^^^^^
scripts/run_bread_continuation.py:222: in prepare
    blobs = _blobs(repo, protocol, protocol_raw)
            ^^^^^^^^^^^^^^^^^^^^^^^^^^^^^^^^^^^^
scripts/run_bread_continuation.py:168: in _blobs
    blobs, _ = _parent(repo, protocol)
               ^^^^^^^^^^^^^^^^^^^^^^^
scripts/run_bread_continuation.py:129: in _parent
    verified = checkpoint.status(directory)
               ^^^^^^^^^^^^^^^^^^^^^^^^^^^^
scripts/run_prototype_checkpoint.py:310: in status
    state, plan = _load(directory)
                  ^^^^^^^^^^^^^^^^
_ _ _ _ _ _ _ _ _ _ _ _ _ _ _ _ _ _ _ _ _ _ _ _ _ _ _ _ _ _ _ _ _ _ _ _ _ _ _ _ 

directory = PosixPath('/home/stev/.codex/worktrees/publish-main/SpecOrganon/experiments/development/prototype_checkpoint_compatibility_2026-09-30/attempt')

    def _load(directory: Path) -> tuple[dict, dict]:
        state = _json(_read(directory / "run.json"))
        plan_raw = _read(directory / "plan.json")
        if state.get("plan") != _record(plan_raw):
            raise CheckpointError("plan changed")
        plan = _json(plan_raw)
        authority_path, authority_sha = _authority(plan.get("study_id", "D095"))
        if (plan["protocol_path"] != str(authority_path.resolve(strict=True))
                or plan["protocol_sha256"] != authority_sha):
>           raise CheckpointError("runtime protocol differs from the fixed study authority")
E           run_prototype_checkpoint.CheckpointError: runtime protocol differs from the fixed study authority

scripts/run_prototype_checkpoint.py:253: CheckpointError
_______ test_failed_generation_retains_raw_trace_and_forbids_retry[tool] _______

tmp_path = PosixPath('/tmp/pytest-of-stev/pytest-295/test_failed_generation_retains0')
monkeypatch = <_pytest.monkeypatch.MonkeyPatch object at 0x7f247e587e00>
admission = None, behavior = 'tool'

    @pytest.mark.parametrize("behavior", ["tool", "unknown_item", "error", "zero", "incoherent", "exit", "api_key"])
    def test_failed_generation_retains_raw_trace_and_forbids_retry(tmp_path, monkeypatch, admission, behavior):
>       directory = _prepare(tmp_path)
                    ^^^^^^^^^^^^^^^^^^

tests/test_bread_continuation.py:190: 
_ _ _ _ _ _ _ _ _ _ _ _ _ _ _ _ _ _ _ _ _ _ _ _ _ _ _ _ _ _ _ _ _ _ _ _ _ _ _ _ 
tests/test_bread_continuation.py:86: in _prepare
    result = continuation.prepare(continuation.ROOT if repo is None else repo, directory)
             ^^^^^^^^^^^^^^^^^^^^^^^^^^^^^^^^^^^^^^^^^^^^^^^^^^^^^^^^^^^^^^^^^^^^^^^^^^^^
scripts/run_bread_continuation.py:222: in prepare
    blobs = _blobs(repo, protocol, protocol_raw)
            ^^^^^^^^^^^^^^^^^^^^^^^^^^^^^^^^^^^^
scripts/run_bread_continuation.py:168: in _blobs
    blobs, _ = _parent(repo, protocol)
               ^^^^^^^^^^^^^^^^^^^^^^^
scripts/run_bread_continuation.py:129: in _parent
    verified = checkpoint.status(directory)
               ^^^^^^^^^^^^^^^^^^^^^^^^^^^^
scripts/run_prototype_checkpoint.py:310: in status
    state, plan = _load(directory)
                  ^^^^^^^^^^^^^^^^
_ _ _ _ _ _ _ _ _ _ _ _ _ _ _ _ _ _ _ _ _ _ _ _ _ _ _ _ _ _ _ _ _ _ _ _ _ _ _ _ 

directory = PosixPath('/home/stev/.codex/worktrees/publish-main/SpecOrganon/experiments/development/prototype_checkpoint_compatibility_2026-09-30/attempt')

    def _load(directory: Path) -> tuple[dict, dict]:
        state = _json(_read(directory / "run.json"))
        plan_raw = _read(directory / "plan.json")
        if state.get("plan") != _record(plan_raw):
            raise CheckpointError("plan changed")
        plan = _json(plan_raw)
        authority_path, authority_sha = _authority(plan.get("study_id", "D095"))
        if (plan["protocol_path"] != str(authority_path.resolve(strict=True))
                or plan["protocol_sha256"] != authority_sha):
>           raise CheckpointError("runtime protocol differs from the fixed study authority")
E           run_prototype_checkpoint.CheckpointError: runtime protocol differs from the fixed study authority

scripts/run_prototype_checkpoint.py:253: CheckpointError
___ test_failed_generation_retains_raw_trace_and_forbids_retry[unknown_item] ___

tmp_path = PosixPath('/tmp/pytest-of-stev/pytest-295/test_failed_generation_retains1')
monkeypatch = <_pytest.monkeypatch.MonkeyPatch object at 0x7f247e5870e0>
admission = None, behavior = 'unknown_item'

    @pytest.mark.parametrize("behavior", ["tool", "unknown_item", "error", "zero", "incoherent", "exit", "api_key"])
    def test_failed_generation_retains_raw_trace_and_forbids_retry(tmp_path, monkeypatch, admission, behavior):
>       directory = _prepare(tmp_path)
                    ^^^^^^^^^^^^^^^^^^

tests/test_bread_continuation.py:190: 
_ _ _ _ _ _ _ _ _ _ _ _ _ _ _ _ _ _ _ _ _ _ _ _ _ _ _ _ _ _ _ _ _ _ _ _ _ _ _ _ 
tests/test_bread_continuation.py:86: in _prepare
    result = continuation.prepare(continuation.ROOT if repo is None else repo, directory)
             ^^^^^^^^^^^^^^^^^^^^^^^^^^^^^^^^^^^^^^^^^^^^^^^^^^^^^^^^^^^^^^^^^^^^^^^^^^^^
scripts/run_bread_continuation.py:222: in prepare
    blobs = _blobs(repo, protocol, protocol_raw)
            ^^^^^^^^^^^^^^^^^^^^^^^^^^^^^^^^^^^^
scripts/run_bread_continuation.py:168: in _blobs
    blobs, _ = _parent(repo, protocol)
               ^^^^^^^^^^^^^^^^^^^^^^^
scripts/run_bread_continuation.py:129: in _parent
    verified = checkpoint.status(directory)
               ^^^^^^^^^^^^^^^^^^^^^^^^^^^^
scripts/run_prototype_checkpoint.py:310: in status
    state, plan = _load(directory)
                  ^^^^^^^^^^^^^^^^
_ _ _ _ _ _ _ _ _ _ _ _ _ _ _ _ _ _ _ _ _ _ _ _ _ _ _ _ _ _ _ _ _ _ _ _ _ _ _ _ 

directory = PosixPath('/home/stev/.codex/worktrees/publish-main/SpecOrganon/experiments/development/prototype_checkpoint_compatibility_2026-09-30/attempt')

    def _load(directory: Path) -> tuple[dict, dict]:
        state = _json(_read(directory / "run.json"))
        plan_raw = _read(directory / "plan.json")
        if state.get("plan") != _record(plan_raw):
            raise CheckpointError("plan changed")
        plan = _json(plan_raw)
        authority_path, authority_sha = _authority(plan.get("study_id", "D095"))
        if (plan["protocol_path"] != str(authority_path.resolve(strict=True))
                or plan["protocol_sha256"] != authority_sha):
>           raise CheckpointError("runtime protocol differs from the fixed study authority")
E           run_prototype_checkpoint.CheckpointError: runtime protocol differs from the fixed study authority

scripts/run_prototype_checkpoint.py:253: CheckpointError
______ test_failed_generation_retains_raw_trace_and_forbids_retry[error] _______

tmp_path = PosixPath('/tmp/pytest-of-stev/pytest-295/test_failed_generation_retains2')
monkeypatch = <_pytest.monkeypatch.MonkeyPatch object at 0x7f247e606c80>
admission = None, behavior = 'error'

    @pytest.mark.parametrize("behavior", ["tool", "unknown_item", "error", "zero", "incoherent", "exit", "api_key"])
    def test_failed_generation_retains_raw_trace_and_forbids_retry(tmp_path, monkeypatch, admission, behavior):
>       directory = _prepare(tmp_path)
                    ^^^^^^^^^^^^^^^^^^

tests/test_bread_continuation.py:190: 
_ _ _ _ _ _ _ _ _ _ _ _ _ _ _ _ _ _ _ _ _ _ _ _ _ _ _ _ _ _ _ _ _ _ _ _ _ _ _ _ 
tests/test_bread_continuation.py:86: in _prepare
    result = continuation.prepare(continuation.ROOT if repo is None else repo, directory)
             ^^^^^^^^^^^^^^^^^^^^^^^^^^^^^^^^^^^^^^^^^^^^^^^^^^^^^^^^^^^^^^^^^^^^^^^^^^^^
scripts/run_bread_continuation.py:222: in prepare
    blobs = _blobs(repo, protocol, protocol_raw)
            ^^^^^^^^^^^^^^^^^^^^^^^^^^^^^^^^^^^^
scripts/run_bread_continuation.py:168: in _blobs
    blobs, _ = _parent(repo, protocol)
               ^^^^^^^^^^^^^^^^^^^^^^^
scripts/run_bread_continuation.py:129: in _parent
    verified = checkpoint.status(directory)
               ^^^^^^^^^^^^^^^^^^^^^^^^^^^^
scripts/run_prototype_checkpoint.py:310: in status
    state, plan = _load(directory)
                  ^^^^^^^^^^^^^^^^
_ _ _ _ _ _ _ _ _ _ _ _ _ _ _ _ _ _ _ _ _ _ _ _ _ _ _ _ _ _ _ _ _ _ _ _ _ _ _ _ 

directory = PosixPath('/home/stev/.codex/worktrees/publish-main/SpecOrganon/experiments/development/prototype_checkpoint_compatibility_2026-09-30/attempt')

    def _load(directory: Path) -> tuple[dict, dict]:
        state = _json(_read(directory / "run.json"))
        plan_raw = _read(directory / "plan.json")
        if state.get("plan") != _record(plan_raw):
            raise CheckpointError("plan changed")
        plan = _json(plan_raw)
        authority_path, authority_sha = _authority(plan.get("study_id", "D095"))
        if (plan["protocol_path"] != str(authority_path.resolve(strict=True))
                or plan["protocol_sha256"] != authority_sha):
>           raise CheckpointError("runtime protocol differs from the fixed study authority")
E           run_prototype_checkpoint.CheckpointError: runtime protocol differs from the fixed study authority

scripts/run_prototype_checkpoint.py:253: CheckpointError
_______ test_failed_generation_retains_raw_trace_and_forbids_retry[zero] _______

tmp_path = PosixPath('/tmp/pytest-of-stev/pytest-295/test_failed_generation_retains3')
monkeypatch = <_pytest.monkeypatch.MonkeyPatch object at 0x7f247e5a99b0>
admission = None, behavior = 'zero'

    @pytest.mark.parametrize("behavior", ["tool", "unknown_item", "error", "zero", "incoherent", "exit", "api_key"])
    def test_failed_generation_retains_raw_trace_and_forbids_retry(tmp_path, monkeypatch, admission, behavior):
>       directory = _prepare(tmp_path)
                    ^^^^^^^^^^^^^^^^^^

tests/test_bread_continuation.py:190: 
_ _ _ _ _ _ _ _ _ _ _ _ _ _ _ _ _ _ _ _ _ _ _ _ _ _ _ _ _ _ _ _ _ _ _ _ _ _ _ _ 
tests/test_bread_continuation.py:86: in _prepare
    result = continuation.prepare(continuation.ROOT if repo is None else repo, directory)
             ^^^^^^^^^^^^^^^^^^^^^^^^^^^^^^^^^^^^^^^^^^^^^^^^^^^^^^^^^^^^^^^^^^^^^^^^^^^^
scripts/run_bread_continuation.py:222: in prepare
    blobs = _blobs(repo, protocol, protocol_raw)
            ^^^^^^^^^^^^^^^^^^^^^^^^^^^^^^^^^^^^
scripts/run_bread_continuation.py:168: in _blobs
    blobs, _ = _parent(repo, protocol)
               ^^^^^^^^^^^^^^^^^^^^^^^
scripts/run_bread_continuation.py:129: in _parent
    verified = checkpoint.status(directory)
               ^^^^^^^^^^^^^^^^^^^^^^^^^^^^
scripts/run_prototype_checkpoint.py:310: in status
    state, plan = _load(directory)
                  ^^^^^^^^^^^^^^^^
_ _ _ _ _ _ _ _ _ _ _ _ _ _ _ _ _ _ _ _ _ _ _ _ _ _ _ _ _ _ _ _ _ _ _ _ _ _ _ _ 

directory = PosixPath('/home/stev/.codex/worktrees/publish-main/SpecOrganon/experiments/development/prototype_checkpoint_compatibility_2026-09-30/attempt')

    def _load(directory: Path) -> tuple[dict, dict]:
        state = _json(_read(directory / "run.json"))
        plan_raw = _read(directory / "plan.json")
        if state.get("plan") != _record(plan_raw):
            raise CheckpointError("plan changed")
        plan = _json(plan_raw)
        authority_path, authority_sha = _authority(plan.get("study_id", "D095"))
        if (plan["protocol_path"] != str(authority_path.resolve(strict=True))
                or plan["protocol_sha256"] != authority_sha):
>           raise CheckpointError("runtime protocol differs from the fixed study authority")
E           run_prototype_checkpoint.CheckpointError: runtime protocol differs from the fixed study authority

scripts/run_prototype_checkpoint.py:253: CheckpointError
____ test_failed_generation_retains_raw_trace_and_forbids_retry[incoherent] ____

tmp_path = PosixPath('/tmp/pytest-of-stev/pytest-295/test_failed_generation_retains4')
monkeypatch = <_pytest.monkeypatch.MonkeyPatch object at 0x7f247e59af20>
admission = None, behavior = 'incoherent'

    @pytest.mark.parametrize("behavior", ["tool", "unknown_item", "error", "zero", "incoherent", "exit", "api_key"])
    def test_failed_generation_retains_raw_trace_and_forbids_retry(tmp_path, monkeypatch, admission, behavior):
>       directory = _prepare(tmp_path)
                    ^^^^^^^^^^^^^^^^^^

tests/test_bread_continuation.py:190: 
_ _ _ _ _ _ _ _ _ _ _ _ _ _ _ _ _ _ _ _ _ _ _ _ _ _ _ _ _ _ _ _ _ _ _ _ _ _ _ _ 
tests/test_bread_continuation.py:86: in _prepare
    result = continuation.prepare(continuation.ROOT if repo is None else repo, directory)
             ^^^^^^^^^^^^^^^^^^^^^^^^^^^^^^^^^^^^^^^^^^^^^^^^^^^^^^^^^^^^^^^^^^^^^^^^^^^^
scripts/run_bread_continuation.py:222: in prepare
    blobs = _blobs(repo, protocol, protocol_raw)
            ^^^^^^^^^^^^^^^^^^^^^^^^^^^^^^^^^^^^
scripts/run_bread_continuation.py:168: in _blobs
    blobs, _ = _parent(repo, protocol)
               ^^^^^^^^^^^^^^^^^^^^^^^
scripts/run_bread_continuation.py:129: in _parent
    verified = checkpoint.status(directory)
               ^^^^^^^^^^^^^^^^^^^^^^^^^^^^
scripts/run_prototype_checkpoint.py:310: in status
    state, plan = _load(directory)
                  ^^^^^^^^^^^^^^^^
_ _ _ _ _ _ _ _ _ _ _ _ _ _ _ _ _ _ _ _ _ _ _ _ _ _ _ _ _ _ _ _ _ _ _ _ _ _ _ _ 

directory = PosixPath('/home/stev/.codex/worktrees/publish-main/SpecOrganon/experiments/development/prototype_checkpoint_compatibility_2026-09-30/attempt')

    def _load(directory: Path) -> tuple[dict, dict]:
        state = _json(_read(directory / "run.json"))
        plan_raw = _read(directory / "plan.json")
        if state.get("plan") != _record(plan_raw):
            raise CheckpointError("plan changed")
        plan = _json(plan_raw)
        authority_path, authority_sha = _authority(plan.get("study_id", "D095"))
        if (plan["protocol_path"] != str(authority_path.resolve(strict=True))
                or plan["protocol_sha256"] != authority_sha):
>           raise CheckpointError("runtime protocol differs from the fixed study authority")
E           run_prototype_checkpoint.CheckpointError: runtime protocol differs from the fixed study authority

scripts/run_prototype_checkpoint.py:253: CheckpointError
_______ test_failed_generation_retains_raw_trace_and_forbids_retry[exit] _______

tmp_path = PosixPath('/tmp/pytest-of-stev/pytest-295/test_failed_generation_retains5')
monkeypatch = <_pytest.monkeypatch.MonkeyPatch object at 0x7f247e598440>
admission = None, behavior = 'exit'

    @pytest.mark.parametrize("behavior", ["tool", "unknown_item", "error", "zero", "incoherent", "exit", "api_key"])
    def test_failed_generation_retains_raw_trace_and_forbids_retry(tmp_path, monkeypatch, admission, behavior):
>       directory = _prepare(tmp_path)
                    ^^^^^^^^^^^^^^^^^^

tests/test_bread_continuation.py:190: 
_ _ _ _ _ _ _ _ _ _ _ _ _ _ _ _ _ _ _ _ _ _ _ _ _ _ _ _ _ _ _ _ _ _ _ _ _ _ _ _ 
tests/test_bread_continuation.py:86: in _prepare
    result = continuation.prepare(continuation.ROOT if repo is None else repo, directory)
             ^^^^^^^^^^^^^^^^^^^^^^^^^^^^^^^^^^^^^^^^^^^^^^^^^^^^^^^^^^^^^^^^^^^^^^^^^^^^
scripts/run_bread_continuation.py:222: in prepare
    blobs = _blobs(repo, protocol, protocol_raw)
            ^^^^^^^^^^^^^^^^^^^^^^^^^^^^^^^^^^^^
scripts/run_bread_continuation.py:168: in _blobs
    blobs, _ = _parent(repo, protocol)
               ^^^^^^^^^^^^^^^^^^^^^^^
scripts/run_bread_continuation.py:129: in _parent
    verified = checkpoint.status(directory)
               ^^^^^^^^^^^^^^^^^^^^^^^^^^^^
scripts/run_prototype_checkpoint.py:310: in status
    state, plan = _load(directory)
                  ^^^^^^^^^^^^^^^^
_ _ _ _ _ _ _ _ _ _ _ _ _ _ _ _ _ _ _ _ _ _ _ _ _ _ _ _ _ _ _ _ _ _ _ _ _ _ _ _ 

directory = PosixPath('/home/stev/.codex/worktrees/publish-main/SpecOrganon/experiments/development/prototype_checkpoint_compatibility_2026-09-30/attempt')

    def _load(directory: Path) -> tuple[dict, dict]:
        state = _json(_read(directory / "run.json"))
        plan_raw = _read(directory / "plan.json")
        if state.get("plan") != _record(plan_raw):
            raise CheckpointError("plan changed")
        plan = _json(plan_raw)
        authority_path, authority_sha = _authority(plan.get("study_id", "D095"))
        if (plan["protocol_path"] != str(authority_path.resolve(strict=True))
                or plan["protocol_sha256"] != authority_sha):
>           raise CheckpointError("runtime protocol differs from the fixed study authority")
E           run_prototype_checkpoint.CheckpointError: runtime protocol differs from the fixed study authority

scripts/run_prototype_checkpoint.py:253: CheckpointError
_____ test_failed_generation_retains_raw_trace_and_forbids_retry[api_key] ______

tmp_path = PosixPath('/tmp/pytest-of-stev/pytest-295/test_failed_generation_retains6')
monkeypatch = <_pytest.monkeypatch.MonkeyPatch object at 0x7f247e6e4b40>
admission = None, behavior = 'api_key'

    @pytest.mark.parametrize("behavior", ["tool", "unknown_item", "error", "zero", "incoherent", "exit", "api_key"])
    def test_failed_generation_retains_raw_trace_and_forbids_retry(tmp_path, monkeypatch, admission, behavior):
>       directory = _prepare(tmp_path)
                    ^^^^^^^^^^^^^^^^^^

tests/test_bread_continuation.py:190: 
_ _ _ _ _ _ _ _ _ _ _ _ _ _ _ _ _ _ _ _ _ _ _ _ _ _ _ _ _ _ _ _ _ _ _ _ _ _ _ _ 
tests/test_bread_continuation.py:86: in _prepare
    result = continuation.prepare(continuation.ROOT if repo is None else repo, directory)
             ^^^^^^^^^^^^^^^^^^^^^^^^^^^^^^^^^^^^^^^^^^^^^^^^^^^^^^^^^^^^^^^^^^^^^^^^^^^^
scripts/run_bread_continuation.py:222: in prepare
    blobs = _blobs(repo, protocol, protocol_raw)
            ^^^^^^^^^^^^^^^^^^^^^^^^^^^^^^^^^^^^
scripts/run_bread_continuation.py:168: in _blobs
    blobs, _ = _parent(repo, protocol)
               ^^^^^^^^^^^^^^^^^^^^^^^
scripts/run_bread_continuation.py:129: in _parent
    verified = checkpoint.status(directory)
               ^^^^^^^^^^^^^^^^^^^^^^^^^^^^
scripts/run_prototype_checkpoint.py:310: in status
    state, plan = _load(directory)
                  ^^^^^^^^^^^^^^^^
_ _ _ _ _ _ _ _ _ _ _ _ _ _ _ _ _ _ _ _ _ _ _ _ _ _ _ _ _ _ _ _ _ _ _ _ _ _ _ _ 

directory = PosixPath('/home/stev/.codex/worktrees/publish-main/SpecOrganon/experiments/development/prototype_checkpoint_compatibility_2026-09-30/attempt')

    def _load(directory: Path) -> tuple[dict, dict]:
        state = _json(_read(directory / "run.json"))
        plan_raw = _read(directory / "plan.json")
        if state.get("plan") != _record(plan_raw):
            raise CheckpointError("plan changed")
        plan = _json(plan_raw)
        authority_path, authority_sha = _authority(plan.get("study_id", "D095"))
        if (plan["protocol_path"] != str(authority_path.resolve(strict=True))
                or plan["protocol_sha256"] != authority_sha):
>           raise CheckpointError("runtime protocol differs from the fixed study authority")
E           run_prototype_checkpoint.CheckpointError: runtime protocol differs from the fixed study authority

scripts/run_prototype_checkpoint.py:253: CheckpointError
______________ test_real_model_capture_timeout_preserves_partial _______________

tmp_path = PosixPath('/tmp/pytest-of-stev/pytest-295/test_real_model_capture_timeou0')
monkeypatch = <_pytest.monkeypatch.MonkeyPatch object at 0x7f247e6e6660>
admission = None

    def test_real_model_capture_timeout_preserves_partial(tmp_path, monkeypatch, admission):
>       directory = _prepare(tmp_path)
                    ^^^^^^^^^^^^^^^^^^

tests/test_bread_continuation.py:206: 
_ _ _ _ _ _ _ _ _ _ _ _ _ _ _ _ _ _ _ _ _ _ _ _ _ _ _ _ _ _ _ _ _ _ _ _ _ _ _ _ 
tests/test_bread_continuation.py:86: in _prepare
    result = continuation.prepare(continuation.ROOT if repo is None else repo, directory)
             ^^^^^^^^^^^^^^^^^^^^^^^^^^^^^^^^^^^^^^^^^^^^^^^^^^^^^^^^^^^^^^^^^^^^^^^^^^^^
scripts/run_bread_continuation.py:222: in prepare
    blobs = _blobs(repo, protocol, protocol_raw)
            ^^^^^^^^^^^^^^^^^^^^^^^^^^^^^^^^^^^^
scripts/run_bread_continuation.py:168: in _blobs
    blobs, _ = _parent(repo, protocol)
               ^^^^^^^^^^^^^^^^^^^^^^^
scripts/run_bread_continuation.py:129: in _parent
    verified = checkpoint.status(directory)
               ^^^^^^^^^^^^^^^^^^^^^^^^^^^^
scripts/run_prototype_checkpoint.py:310: in status
    state, plan = _load(directory)
                  ^^^^^^^^^^^^^^^^
_ _ _ _ _ _ _ _ _ _ _ _ _ _ _ _ _ _ _ _ _ _ _ _ _ _ _ _ _ _ _ _ _ _ _ _ _ _ _ _ 

directory = PosixPath('/home/stev/.codex/worktrees/publish-main/SpecOrganon/experiments/development/prototype_checkpoint_compatibility_2026-09-30/attempt')

    def _load(directory: Path) -> tuple[dict, dict]:
        state = _json(_read(directory / "run.json"))
        plan_raw = _read(directory / "plan.json")
        if state.get("plan") != _record(plan_raw):
            raise CheckpointError("plan changed")
        plan = _json(plan_raw)
        authority_path, authority_sha = _authority(plan.get("study_id", "D095"))
        if (plan["protocol_path"] != str(authority_path.resolve(strict=True))
                or plan["protocol_sha256"] != authority_sha):
>           raise CheckpointError("runtime protocol differs from the fixed study authority")
E           run_prototype_checkpoint.CheckpointError: runtime protocol differs from the fixed study authority

scripts/run_prototype_checkpoint.py:253: CheckpointError
_____________ test_large_failed_stream_is_hashed_with_no_relaunch ______________

tmp_path = PosixPath('/tmp/pytest-of-stev/pytest-295/test_large_failed_stream_is_ha0')
monkeypatch = <_pytest.monkeypatch.MonkeyPatch object at 0x7f247e34bf50>
admission = None

    def test_large_failed_stream_is_hashed_with_no_relaunch(tmp_path, monkeypatch, admission):
>       directory = _prepare(tmp_path)
                    ^^^^^^^^^^^^^^^^^^

tests/test_bread_continuation.py:224: 
_ _ _ _ _ _ _ _ _ _ _ _ _ _ _ _ _ _ _ _ _ _ _ _ _ _ _ _ _ _ _ _ _ _ _ _ _ _ _ _ 
tests/test_bread_continuation.py:86: in _prepare
    result = continuation.prepare(continuation.ROOT if repo is None else repo, directory)
             ^^^^^^^^^^^^^^^^^^^^^^^^^^^^^^^^^^^^^^^^^^^^^^^^^^^^^^^^^^^^^^^^^^^^^^^^^^^^
scripts/run_bread_continuation.py:222: in prepare
    blobs = _blobs(repo, protocol, protocol_raw)
            ^^^^^^^^^^^^^^^^^^^^^^^^^^^^^^^^^^^^
scripts/run_bread_continuation.py:168: in _blobs
    blobs, _ = _parent(repo, protocol)
               ^^^^^^^^^^^^^^^^^^^^^^^
scripts/run_bread_continuation.py:129: in _parent
    verified = checkpoint.status(directory)
               ^^^^^^^^^^^^^^^^^^^^^^^^^^^^
scripts/run_prototype_checkpoint.py:310: in status
    state, plan = _load(directory)
                  ^^^^^^^^^^^^^^^^
_ _ _ _ _ _ _ _ _ _ _ _ _ _ _ _ _ _ _ _ _ _ _ _ _ _ _ _ _ _ _ _ _ _ _ _ _ _ _ _ 

directory = PosixPath('/home/stev/.codex/worktrees/publish-main/SpecOrganon/experiments/development/prototype_checkpoint_compatibility_2026-09-30/attempt')

    def _load(directory: Path) -> tuple[dict, dict]:
        state = _json(_read(directory / "run.json"))
        plan_raw = _read(directory / "plan.json")
        if state.get("plan") != _record(plan_raw):
            raise CheckpointError("plan changed")
        plan = _json(plan_raw)
        authority_path, authority_sha = _authority(plan.get("study_id", "D095"))
        if (plan["protocol_path"] != str(authority_path.resolve(strict=True))
                or plan["protocol_sha256"] != authority_sha):
>           raise CheckpointError("runtime protocol differs from the fixed study authority")
E           run_prototype_checkpoint.CheckpointError: runtime protocol differs from the fixed study authority

scripts/run_prototype_checkpoint.py:253: CheckpointError
______________ test_bad_proposal_not_repaired_or_published[extra] ______________

tmp_path = PosixPath('/tmp/pytest-of-stev/pytest-295/test_bad_proposal_not_repaired0')
monkeypatch = <_pytest.monkeypatch.MonkeyPatch object at 0x7f247e424a60>
admission = None, defect = 'extra'

    @pytest.mark.parametrize("defect", ["extra", "type", "sources_array", "sources_duplicate", "sources_nonfinite",
                                      "script_large", "sources_large", "report_large"])
    def test_bad_proposal_not_repaired_or_published(tmp_path, monkeypatch, admission, defect):
        proposal = _proposal()
        if defect == "extra":
            proposal["extra"] = "unexpected"
        elif defect == "type":
            proposal["analysis_py"] = []
        elif defect == "sources_array":
            proposal["sources_json"] = "[]"
        elif defect == "sources_duplicate":
            proposal["sources_json"] = '{"x":1,"x":2}'
        elif defect == "sources_nonfinite":
            proposal["sources_json"] = '{"x":1e400}'
        elif defect == "script_large":
            proposal["analysis_py"] = "#" * (32 * 1024 + 1)
        elif defect == "sources_large":
            proposal["sources_json"] = json.dumps({"text": "x" * (32 * 1024)})
        else:
            proposal["report_md"] = "word " * 1201
>       directory = _prepare(tmp_path)
                    ^^^^^^^^^^^^^^^^^^

tests/test_bread_continuation.py:254: 
_ _ _ _ _ _ _ _ _ _ _ _ _ _ _ _ _ _ _ _ _ _ _ _ _ _ _ _ _ _ _ _ _ _ _ _ _ _ _ _ 
tests/test_bread_continuation.py:86: in _prepare
    result = continuation.prepare(continuation.ROOT if repo is None else repo, directory)
             ^^^^^^^^^^^^^^^^^^^^^^^^^^^^^^^^^^^^^^^^^^^^^^^^^^^^^^^^^^^^^^^^^^^^^^^^^^^^
scripts/run_bread_continuation.py:222: in prepare
    blobs = _blobs(repo, protocol, protocol_raw)
            ^^^^^^^^^^^^^^^^^^^^^^^^^^^^^^^^^^^^
scripts/run_bread_continuation.py:168: in _blobs
    blobs, _ = _parent(repo, protocol)
               ^^^^^^^^^^^^^^^^^^^^^^^
scripts/run_bread_continuation.py:129: in _parent
    verified = checkpoint.status(directory)
               ^^^^^^^^^^^^^^^^^^^^^^^^^^^^
scripts/run_prototype_checkpoint.py:310: in status
    state, plan = _load(directory)
                  ^^^^^^^^^^^^^^^^
_ _ _ _ _ _ _ _ _ _ _ _ _ _ _ _ _ _ _ _ _ _ _ _ _ _ _ _ _ _ _ _ _ _ _ _ _ _ _ _ 

directory = PosixPath('/home/stev/.codex/worktrees/publish-main/SpecOrganon/experiments/development/prototype_checkpoint_compatibility_2026-09-30/attempt')

    def _load(directory: Path) -> tuple[dict, dict]:
        state = _json(_read(directory / "run.json"))
        plan_raw = _read(directory / "plan.json")
        if state.get("plan") != _record(plan_raw):
            raise CheckpointError("plan changed")
        plan = _json(plan_raw)
        authority_path, authority_sha = _authority(plan.get("study_id", "D095"))
        if (plan["protocol_path"] != str(authority_path.resolve(strict=True))
                or plan["protocol_sha256"] != authority_sha):
>           raise CheckpointError("runtime protocol differs from the fixed study authority")
E           run_prototype_checkpoint.CheckpointError: runtime protocol differs from the fixed study authority

scripts/run_prototype_checkpoint.py:253: CheckpointError
______________ test_bad_proposal_not_repaired_or_published[type] _______________

tmp_path = PosixPath('/tmp/pytest-of-stev/pytest-295/test_bad_proposal_not_repaired1')
monkeypatch = <_pytest.monkeypatch.MonkeyPatch object at 0x7f247e34ad60>
admission = None, defect = 'type'

    @pytest.mark.parametrize("defect", ["extra", "type", "sources_array", "sources_duplicate", "sources_nonfinite",
                                      "script_large", "sources_large", "report_large"])
    def test_bad_proposal_not_repaired_or_published(tmp_path, monkeypatch, admission, defect):
        proposal = _proposal()
        if defect == "extra":
            proposal["extra"] = "unexpected"
        elif defect == "type":
            proposal["analysis_py"] = []
        elif defect == "sources_array":
            proposal["sources_json"] = "[]"
        elif defect == "sources_duplicate":
            proposal["sources_json"] = '{"x":1,"x":2}'
        elif defect == "sources_nonfinite":
            proposal["sources_json"] = '{"x":1e400}'
        elif defect == "script_large":
            proposal["analysis_py"] = "#" * (32 * 1024 + 1)
        elif defect == "sources_large":
            proposal["sources_json"] = json.dumps({"text": "x" * (32 * 1024)})
        else:
            proposal["report_md"] = "word " * 1201
>       directory = _prepare(tmp_path)
                    ^^^^^^^^^^^^^^^^^^

tests/test_bread_continuation.py:254: 
_ _ _ _ _ _ _ _ _ _ _ _ _ _ _ _ _ _ _ _ _ _ _ _ _ _ _ _ _ _ _ _ _ _ _ _ _ _ _ _ 
tests/test_bread_continuation.py:86: in _prepare
    result = continuation.prepare(continuation.ROOT if repo is None else repo, directory)
             ^^^^^^^^^^^^^^^^^^^^^^^^^^^^^^^^^^^^^^^^^^^^^^^^^^^^^^^^^^^^^^^^^^^^^^^^^^^^
scripts/run_bread_continuation.py:222: in prepare
    blobs = _blobs(repo, protocol, protocol_raw)
            ^^^^^^^^^^^^^^^^^^^^^^^^^^^^^^^^^^^^
scripts/run_bread_continuation.py:168: in _blobs
    blobs, _ = _parent(repo, protocol)
               ^^^^^^^^^^^^^^^^^^^^^^^
scripts/run_bread_continuation.py:129: in _parent
    verified = checkpoint.status(directory)
               ^^^^^^^^^^^^^^^^^^^^^^^^^^^^
scripts/run_prototype_checkpoint.py:310: in status
    state, plan = _load(directory)
                  ^^^^^^^^^^^^^^^^
_ _ _ _ _ _ _ _ _ _ _ _ _ _ _ _ _ _ _ _ _ _ _ _ _ _ _ _ _ _ _ _ _ _ _ _ _ _ _ _ 

directory = PosixPath('/home/stev/.codex/worktrees/publish-main/SpecOrganon/experiments/development/prototype_checkpoint_compatibility_2026-09-30/attempt')

    def _load(directory: Path) -> tuple[dict, dict]:
        state = _json(_read(directory / "run.json"))
        plan_raw = _read(directory / "plan.json")
        if state.get("plan") != _record(plan_raw):
            raise CheckpointError("plan changed")
        plan = _json(plan_raw)
        authority_path, authority_sha = _authority(plan.get("study_id", "D095"))
        if (plan["protocol_path"] != str(authority_path.resolve(strict=True))
                or plan["protocol_sha256"] != authority_sha):
>           raise CheckpointError("runtime protocol differs from the fixed study authority")
E           run_prototype_checkpoint.CheckpointError: runtime protocol differs from the fixed study authority

scripts/run_prototype_checkpoint.py:253: CheckpointError
__________ test_bad_proposal_not_repaired_or_published[sources_array] __________

tmp_path = PosixPath('/tmp/pytest-of-stev/pytest-295/test_bad_proposal_not_repaired2')
monkeypatch = <_pytest.monkeypatch.MonkeyPatch object at 0x7f247e6e5160>
admission = None, defect = 'sources_array'

    @pytest.mark.parametrize("defect", ["extra", "type", "sources_array", "sources_duplicate", "sources_nonfinite",
                                      "script_large", "sources_large", "report_large"])
    def test_bad_proposal_not_repaired_or_published(tmp_path, monkeypatch, admission, defect):
        proposal = _proposal()
        if defect == "extra":
            proposal["extra"] = "unexpected"
        elif defect == "type":
            proposal["analysis_py"] = []
        elif defect == "sources_array":
            proposal["sources_json"] = "[]"
        elif defect == "sources_duplicate":
            proposal["sources_json"] = '{"x":1,"x":2}'
        elif defect == "sources_nonfinite":
            proposal["sources_json"] = '{"x":1e400}'
        elif defect == "script_large":
            proposal["analysis_py"] = "#" * (32 * 1024 + 1)
        elif defect == "sources_large":
            proposal["sources_json"] = json.dumps({"text": "x" * (32 * 1024)})
        else:
            proposal["report_md"] = "word " * 1201
>       directory = _prepare(tmp_path)
                    ^^^^^^^^^^^^^^^^^^

tests/test_bread_continuation.py:254: 
_ _ _ _ _ _ _ _ _ _ _ _ _ _ _ _ _ _ _ _ _ _ _ _ _ _ _ _ _ _ _ _ _ _ _ _ _ _ _ _ 
tests/test_bread_continuation.py:86: in _prepare
    result = continuation.prepare(continuation.ROOT if repo is None else repo, directory)
             ^^^^^^^^^^^^^^^^^^^^^^^^^^^^^^^^^^^^^^^^^^^^^^^^^^^^^^^^^^^^^^^^^^^^^^^^^^^^
scripts/run_bread_continuation.py:222: in prepare
    blobs = _blobs(repo, protocol, protocol_raw)
            ^^^^^^^^^^^^^^^^^^^^^^^^^^^^^^^^^^^^
scripts/run_bread_continuation.py:168: in _blobs
    blobs, _ = _parent(repo, protocol)
               ^^^^^^^^^^^^^^^^^^^^^^^
scripts/run_bread_continuation.py:129: in _parent
    verified = checkpoint.status(directory)
               ^^^^^^^^^^^^^^^^^^^^^^^^^^^^
scripts/run_prototype_checkpoint.py:310: in status
    state, plan = _load(directory)
                  ^^^^^^^^^^^^^^^^
_ _ _ _ _ _ _ _ _ _ _ _ _ _ _ _ _ _ _ _ _ _ _ _ _ _ _ _ _ _ _ _ _ _ _ _ _ _ _ _ 

directory = PosixPath('/home/stev/.codex/worktrees/publish-main/SpecOrganon/experiments/development/prototype_checkpoint_compatibility_2026-09-30/attempt')

    def _load(directory: Path) -> tuple[dict, dict]:
        state = _json(_read(directory / "run.json"))
        plan_raw = _read(directory / "plan.json")
        if state.get("plan") != _record(plan_raw):
            raise CheckpointError("plan changed")
        plan = _json(plan_raw)
        authority_path, authority_sha = _authority(plan.get("study_id", "D095"))
        if (plan["protocol_path"] != str(authority_path.resolve(strict=True))
                or plan["protocol_sha256"] != authority_sha):
>           raise CheckpointError("runtime protocol differs from the fixed study authority")
E           run_prototype_checkpoint.CheckpointError: runtime protocol differs from the fixed study authority

scripts/run_prototype_checkpoint.py:253: CheckpointError
________ test_bad_proposal_not_repaired_or_published[sources_duplicate] ________

tmp_path = PosixPath('/tmp/pytest-of-stev/pytest-295/test_bad_proposal_not_repaired3')
monkeypatch = <_pytest.monkeypatch.MonkeyPatch object at 0x7f247e59ba10>
admission = None, defect = 'sources_duplicate'

    @pytest.mark.parametrize("defect", ["extra", "type", "sources_array", "sources_duplicate", "sources_nonfinite",
                                      "script_large", "sources_large", "report_large"])
    def test_bad_proposal_not_repaired_or_published(tmp_path, monkeypatch, admission, defect):
        proposal = _proposal()
        if defect == "extra":
            proposal["extra"] = "unexpected"
        elif defect == "type":
            proposal["analysis_py"] = []
        elif defect == "sources_array":
            proposal["sources_json"] = "[]"
        elif defect == "sources_duplicate":
            proposal["sources_json"] = '{"x":1,"x":2}'
        elif defect == "sources_nonfinite":
            proposal["sources_json"] = '{"x":1e400}'
        elif defect == "script_large":
            proposal["analysis_py"] = "#" * (32 * 1024 + 1)
        elif defect == "sources_large":
            proposal["sources_json"] = json.dumps({"text": "x" * (32 * 1024)})
        else:
            proposal["report_md"] = "word " * 1201
>       directory = _prepare(tmp_path)
                    ^^^^^^^^^^^^^^^^^^

tests/test_bread_continuation.py:254: 
_ _ _ _ _ _ _ _ _ _ _ _ _ _ _ _ _ _ _ _ _ _ _ _ _ _ _ _ _ _ _ _ _ _ _ _ _ _ _ _ 
tests/test_bread_continuation.py:86: in _prepare
    result = continuation.prepare(continuation.ROOT if repo is None else repo, directory)
             ^^^^^^^^^^^^^^^^^^^^^^^^^^^^^^^^^^^^^^^^^^^^^^^^^^^^^^^^^^^^^^^^^^^^^^^^^^^^
scripts/run_bread_continuation.py:222: in prepare
    blobs = _blobs(repo, protocol, protocol_raw)
            ^^^^^^^^^^^^^^^^^^^^^^^^^^^^^^^^^^^^
scripts/run_bread_continuation.py:168: in _blobs
    blobs, _ = _parent(repo, protocol)
               ^^^^^^^^^^^^^^^^^^^^^^^
scripts/run_bread_continuation.py:129: in _parent
    verified = checkpoint.status(directory)
               ^^^^^^^^^^^^^^^^^^^^^^^^^^^^
scripts/run_prototype_checkpoint.py:310: in status
    state, plan = _load(directory)
                  ^^^^^^^^^^^^^^^^
_ _ _ _ _ _ _ _ _ _ _ _ _ _ _ _ _ _ _ _ _ _ _ _ _ _ _ _ _ _ _ _ _ _ _ _ _ _ _ _ 

directory = PosixPath('/home/stev/.codex/worktrees/publish-main/SpecOrganon/experiments/development/prototype_checkpoint_compatibility_2026-09-30/attempt')

    def _load(directory: Path) -> tuple[dict, dict]:
        state = _json(_read(directory / "run.json"))
        plan_raw = _read(directory / "plan.json")
        if state.get("plan") != _record(plan_raw):
            raise CheckpointError("plan changed")
        plan = _json(plan_raw)
        authority_path, authority_sha = _authority(plan.get("study_id", "D095"))
        if (plan["protocol_path"] != str(authority_path.resolve(strict=True))
                or plan["protocol_sha256"] != authority_sha):
>           raise CheckpointError("runtime protocol differs from the fixed study authority")
E           run_prototype_checkpoint.CheckpointError: runtime protocol differs from the fixed study authority

scripts/run_prototype_checkpoint.py:253: CheckpointError
________ test_bad_proposal_not_repaired_or_published[sources_nonfinite] ________

tmp_path = PosixPath('/tmp/pytest-of-stev/pytest-295/test_bad_proposal_not_repaired4')
monkeypatch = <_pytest.monkeypatch.MonkeyPatch object at 0x7f247e40a820>
admission = None, defect = 'sources_nonfinite'

    @pytest.mark.parametrize("defect", ["extra", "type", "sources_array", "sources_duplicate", "sources_nonfinite",
                                      "script_large", "sources_large", "report_large"])
    def test_bad_proposal_not_repaired_or_published(tmp_path, monkeypatch, admission, defect):
        proposal = _proposal()
        if defect == "extra":
            proposal["extra"] = "unexpected"
        elif defect == "type":
            proposal["analysis_py"] = []
        elif defect == "sources_array":
            proposal["sources_json"] = "[]"
        elif defect == "sources_duplicate":
            proposal["sources_json"] = '{"x":1,"x":2}'
        elif defect == "sources_nonfinite":
            proposal["sources_json"] = '{"x":1e400}'
        elif defect == "script_large":
            proposal["analysis_py"] = "#" * (32 * 1024 + 1)
        elif defect == "sources_large":
            proposal["sources_json"] = json.dumps({"text": "x" * (32 * 1024)})
        else:
            proposal["report_md"] = "word " * 1201
>       directory = _prepare(tmp_path)
                    ^^^^^^^^^^^^^^^^^^

tests/test_bread_continuation.py:254: 
_ _ _ _ _ _ _ _ _ _ _ _ _ _ _ _ _ _ _ _ _ _ _ _ _ _ _ _ _ _ _ _ _ _ _ _ _ _ _ _ 
tests/test_bread_continuation.py:86: in _prepare
    result = continuation.prepare(continuation.ROOT if repo is None else repo, directory)
             ^^^^^^^^^^^^^^^^^^^^^^^^^^^^^^^^^^^^^^^^^^^^^^^^^^^^^^^^^^^^^^^^^^^^^^^^^^^^
scripts/run_bread_continuation.py:222: in prepare
    blobs = _blobs(repo, protocol, protocol_raw)
            ^^^^^^^^^^^^^^^^^^^^^^^^^^^^^^^^^^^^
scripts/run_bread_continuation.py:168: in _blobs
    blobs, _ = _parent(repo, protocol)
               ^^^^^^^^^^^^^^^^^^^^^^^
scripts/run_bread_continuation.py:129: in _parent
    verified = checkpoint.status(directory)
               ^^^^^^^^^^^^^^^^^^^^^^^^^^^^
scripts/run_prototype_checkpoint.py:310: in status
    state, plan = _load(directory)
                  ^^^^^^^^^^^^^^^^
_ _ _ _ _ _ _ _ _ _ _ _ _ _ _ _ _ _ _ _ _ _ _ _ _ _ _ _ _ _ _ _ _ _ _ _ _ _ _ _ 

directory = PosixPath('/home/stev/.codex/worktrees/publish-main/SpecOrganon/experiments/development/prototype_checkpoint_compatibility_2026-09-30/attempt')

    def _load(directory: Path) -> tuple[dict, dict]:
        state = _json(_read(directory / "run.json"))
        plan_raw = _read(directory / "plan.json")
        if state.get("plan") != _record(plan_raw):
            raise CheckpointError("plan changed")
        plan = _json(plan_raw)
        authority_path, authority_sha = _authority(plan.get("study_id", "D095"))
        if (plan["protocol_path"] != str(authority_path.resolve(strict=True))
                or plan["protocol_sha256"] != authority_sha):
>           raise CheckpointError("runtime protocol differs from the fixed study authority")
E           run_prototype_checkpoint.CheckpointError: runtime protocol differs from the fixed study authority

scripts/run_prototype_checkpoint.py:253: CheckpointError
__________ test_bad_proposal_not_repaired_or_published[script_large] ___________

tmp_path = PosixPath('/tmp/pytest-of-stev/pytest-295/test_bad_proposal_not_repaired5')
monkeypatch = <_pytest.monkeypatch.MonkeyPatch object at 0x7f247e6e6190>
admission = None, defect = 'script_large'

    @pytest.mark.parametrize("defect", ["extra", "type", "sources_array", "sources_duplicate", "sources_nonfinite",
                                      "script_large", "sources_large", "report_large"])
    def test_bad_proposal_not_repaired_or_published(tmp_path, monkeypatch, admission, defect):
        proposal = _proposal()
        if defect == "extra":
            proposal["extra"] = "unexpected"
        elif defect == "type":
            proposal["analysis_py"] = []
        elif defect == "sources_array":
            proposal["sources_json"] = "[]"
        elif defect == "sources_duplicate":
            proposal["sources_json"] = '{"x":1,"x":2}'
        elif defect == "sources_nonfinite":
            proposal["sources_json"] = '{"x":1e400}'
        elif defect == "script_large":
            proposal["analysis_py"] = "#" * (32 * 1024 + 1)
        elif defect == "sources_large":
            proposal["sources_json"] = json.dumps({"text": "x" * (32 * 1024)})
        else:
            proposal["report_md"] = "word " * 1201
>       directory = _prepare(tmp_path)
                    ^^^^^^^^^^^^^^^^^^

tests/test_bread_continuation.py:254: 
_ _ _ _ _ _ _ _ _ _ _ _ _ _ _ _ _ _ _ _ _ _ _ _ _ _ _ _ _ _ _ _ _ _ _ _ _ _ _ _ 
tests/test_bread_continuation.py:86: in _prepare
    result = continuation.prepare(continuation.ROOT if repo is None else repo, directory)
             ^^^^^^^^^^^^^^^^^^^^^^^^^^^^^^^^^^^^^^^^^^^^^^^^^^^^^^^^^^^^^^^^^^^^^^^^^^^^
scripts/run_bread_continuation.py:222: in prepare
    blobs = _blobs(repo, protocol, protocol_raw)
            ^^^^^^^^^^^^^^^^^^^^^^^^^^^^^^^^^^^^
scripts/run_bread_continuation.py:168: in _blobs
    blobs, _ = _parent(repo, protocol)
               ^^^^^^^^^^^^^^^^^^^^^^^
scripts/run_bread_continuation.py:129: in _parent
    verified = checkpoint.status(directory)
               ^^^^^^^^^^^^^^^^^^^^^^^^^^^^
scripts/run_prototype_checkpoint.py:310: in status
    state, plan = _load(directory)
                  ^^^^^^^^^^^^^^^^
_ _ _ _ _ _ _ _ _ _ _ _ _ _ _ _ _ _ _ _ _ _ _ _ _ _ _ _ _ _ _ _ _ _ _ _ _ _ _ _ 

directory = PosixPath('/home/stev/.codex/worktrees/publish-main/SpecOrganon/experiments/development/prototype_checkpoint_compatibility_2026-09-30/attempt')

    def _load(directory: Path) -> tuple[dict, dict]:
        state = _json(_read(directory / "run.json"))
        plan_raw = _read(directory / "plan.json")
        if state.get("plan") != _record(plan_raw):
            raise CheckpointError("plan changed")
        plan = _json(plan_raw)
        authority_path, authority_sha = _authority(plan.get("study_id", "D095"))
        if (plan["protocol_path"] != str(authority_path.resolve(strict=True))
                or plan["protocol_sha256"] != authority_sha):
>           raise CheckpointError("runtime protocol differs from the fixed study authority")
E           run_prototype_checkpoint.CheckpointError: runtime protocol differs from the fixed study authority

scripts/run_prototype_checkpoint.py:253: CheckpointError
__________ test_bad_proposal_not_repaired_or_published[sources_large] __________

tmp_path = PosixPath('/tmp/pytest-of-stev/pytest-295/test_bad_proposal_not_repaired6')
monkeypatch = <_pytest.monkeypatch.MonkeyPatch object at 0x7f247e3484b0>
admission = None, defect = 'sources_large'

    @pytest.mark.parametrize("defect", ["extra", "type", "sources_array", "sources_duplicate", "sources_nonfinite",
                                      "script_large", "sources_large", "report_large"])
    def test_bad_proposal_not_repaired_or_published(tmp_path, monkeypatch, admission, defect):
        proposal = _proposal()
        if defect == "extra":
            proposal["extra"] = "unexpected"
        elif defect == "type":
            proposal["analysis_py"] = []
        elif defect == "sources_array":
            proposal["sources_json"] = "[]"
        elif defect == "sources_duplicate":
            proposal["sources_json"] = '{"x":1,"x":2}'
        elif defect == "sources_nonfinite":
            proposal["sources_json"] = '{"x":1e400}'
        elif defect == "script_large":
            proposal["analysis_py"] = "#" * (32 * 1024 + 1)
        elif defect == "sources_large":
            proposal["sources_json"] = json.dumps({"text": "x" * (32 * 1024)})
        else:
            proposal["report_md"] = "word " * 1201
>       directory = _prepare(tmp_path)
                    ^^^^^^^^^^^^^^^^^^

tests/test_bread_continuation.py:254: 
_ _ _ _ _ _ _ _ _ _ _ _ _ _ _ _ _ _ _ _ _ _ _ _ _ _ _ _ _ _ _ _ _ _ _ _ _ _ _ _ 
tests/test_bread_continuation.py:86: in _prepare
    result = continuation.prepare(continuation.ROOT if repo is None else repo, directory)
             ^^^^^^^^^^^^^^^^^^^^^^^^^^^^^^^^^^^^^^^^^^^^^^^^^^^^^^^^^^^^^^^^^^^^^^^^^^^^
scripts/run_bread_continuation.py:222: in prepare
    blobs = _blobs(repo, protocol, protocol_raw)
            ^^^^^^^^^^^^^^^^^^^^^^^^^^^^^^^^^^^^
scripts/run_bread_continuation.py:168: in _blobs
    blobs, _ = _parent(repo, protocol)
               ^^^^^^^^^^^^^^^^^^^^^^^
scripts/run_bread_continuation.py:129: in _parent
    verified = checkpoint.status(directory)
               ^^^^^^^^^^^^^^^^^^^^^^^^^^^^
scripts/run_prototype_checkpoint.py:310: in status
    state, plan = _load(directory)
                  ^^^^^^^^^^^^^^^^
_ _ _ _ _ _ _ _ _ _ _ _ _ _ _ _ _ _ _ _ _ _ _ _ _ _ _ _ _ _ _ _ _ _ _ _ _ _ _ _ 

directory = PosixPath('/home/stev/.codex/worktrees/publish-main/SpecOrganon/experiments/development/prototype_checkpoint_compatibility_2026-09-30/attempt')

    def _load(directory: Path) -> tuple[dict, dict]:
        state = _json(_read(directory / "run.json"))
        plan_raw = _read(directory / "plan.json")
        if state.get("plan") != _record(plan_raw):
            raise CheckpointError("plan changed")
        plan = _json(plan_raw)
        authority_path, authority_sha = _authority(plan.get("study_id", "D095"))
        if (plan["protocol_path"] != str(authority_path.resolve(strict=True))
                or plan["protocol_sha256"] != authority_sha):
>           raise CheckpointError("runtime protocol differs from the fixed study authority")
E           run_prototype_checkpoint.CheckpointError: runtime protocol differs from the fixed study authority

scripts/run_prototype_checkpoint.py:253: CheckpointError
__________ test_bad_proposal_not_repaired_or_published[report_large] ___________

tmp_path = PosixPath('/tmp/pytest-of-stev/pytest-295/test_bad_proposal_not_repaired7')
monkeypatch = <_pytest.monkeypatch.MonkeyPatch object at 0x7f2480e5c830>
admission = None, defect = 'report_large'

    @pytest.mark.parametrize("defect", ["extra", "type", "sources_array", "sources_duplicate", "sources_nonfinite",
                                      "script_large", "sources_large", "report_large"])
    def test_bad_proposal_not_repaired_or_published(tmp_path, monkeypatch, admission, defect):
        proposal = _proposal()
        if defect == "extra":
            proposal["extra"] = "unexpected"
        elif defect == "type":
            proposal["analysis_py"] = []
        elif defect == "sources_array":
            proposal["sources_json"] = "[]"
        elif defect == "sources_duplicate":
            proposal["sources_json"] = '{"x":1,"x":2}'
        elif defect == "sources_nonfinite":
            proposal["sources_json"] = '{"x":1e400}'
        elif defect == "script_large":
            proposal["analysis_py"] = "#" * (32 * 1024 + 1)
        elif defect == "sources_large":
            proposal["sources_json"] = json.dumps({"text": "x" * (32 * 1024)})
        else:
            proposal["report_md"] = "word " * 1201
>       directory = _prepare(tmp_path)
                    ^^^^^^^^^^^^^^^^^^

tests/test_bread_continuation.py:254: 
_ _ _ _ _ _ _ _ _ _ _ _ _ _ _ _ _ _ _ _ _ _ _ _ _ _ _ _ _ _ _ _ _ _ _ _ _ _ _ _ 
tests/test_bread_continuation.py:86: in _prepare
    result = continuation.prepare(continuation.ROOT if repo is None else repo, directory)
             ^^^^^^^^^^^^^^^^^^^^^^^^^^^^^^^^^^^^^^^^^^^^^^^^^^^^^^^^^^^^^^^^^^^^^^^^^^^^
scripts/run_bread_continuation.py:222: in prepare
    blobs = _blobs(repo, protocol, protocol_raw)
            ^^^^^^^^^^^^^^^^^^^^^^^^^^^^^^^^^^^^
scripts/run_bread_continuation.py:168: in _blobs
    blobs, _ = _parent(repo, protocol)
               ^^^^^^^^^^^^^^^^^^^^^^^
scripts/run_bread_continuation.py:129: in _parent
    verified = checkpoint.status(directory)
               ^^^^^^^^^^^^^^^^^^^^^^^^^^^^
scripts/run_prototype_checkpoint.py:310: in status
    state, plan = _load(directory)
                  ^^^^^^^^^^^^^^^^
_ _ _ _ _ _ _ _ _ _ _ _ _ _ _ _ _ _ _ _ _ _ _ _ _ _ _ _ _ _ _ _ _ _ _ _ _ _ _ _ 

directory = PosixPath('/home/stev/.codex/worktrees/publish-main/SpecOrganon/experiments/development/prototype_checkpoint_compatibility_2026-09-30/attempt')

    def _load(directory: Path) -> tuple[dict, dict]:
        state = _json(_read(directory / "run.json"))
        plan_raw = _read(directory / "plan.json")
        if state.get("plan") != _record(plan_raw):
            raise CheckpointError("plan changed")
        plan = _json(plan_raw)
        authority_path, authority_sha = _authority(plan.get("study_id", "D095"))
        if (plan["protocol_path"] != str(authority_path.resolve(strict=True))
                or plan["protocol_sha256"] != authority_sha):
>           raise CheckpointError("runtime protocol differs from the fixed study authority")
E           run_prototype_checkpoint.CheckpointError: runtime protocol differs from the fixed study authority

scripts/run_prototype_checkpoint.py:253: CheckpointError
___________ test_shared_protocol_admission_blocks_second_destination ___________

tmp_path = PosixPath('/tmp/pytest-of-stev/pytest-295/test_shared_protocol_admission0')
monkeypatch = <_pytest.monkeypatch.MonkeyPatch object at 0x7f2480e5c590>
admission = None

    def test_shared_protocol_admission_blocks_second_destination(tmp_path, monkeypatch, admission):
>       first = _prepare(tmp_path, name="first")
                ^^^^^^^^^^^^^^^^^^^^^^^^^^^^^^^^

tests/test_bread_continuation.py:264: 
_ _ _ _ _ _ _ _ _ _ _ _ _ _ _ _ _ _ _ _ _ _ _ _ _ _ _ _ _ _ _ _ _ _ _ _ _ _ _ _ 
tests/test_bread_continuation.py:86: in _prepare
    result = continuation.prepare(continuation.ROOT if repo is None else repo, directory)
             ^^^^^^^^^^^^^^^^^^^^^^^^^^^^^^^^^^^^^^^^^^^^^^^^^^^^^^^^^^^^^^^^^^^^^^^^^^^^
scripts/run_bread_continuation.py:222: in prepare
    blobs = _blobs(repo, protocol, protocol_raw)
            ^^^^^^^^^^^^^^^^^^^^^^^^^^^^^^^^^^^^
scripts/run_bread_continuation.py:168: in _blobs
    blobs, _ = _parent(repo, protocol)
               ^^^^^^^^^^^^^^^^^^^^^^^
scripts/run_bread_continuation.py:129: in _parent
    verified = checkpoint.status(directory)
               ^^^^^^^^^^^^^^^^^^^^^^^^^^^^
scripts/run_prototype_checkpoint.py:310: in status
    state, plan = _load(directory)
                  ^^^^^^^^^^^^^^^^
_ _ _ _ _ _ _ _ _ _ _ _ _ _ _ _ _ _ _ _ _ _ _ _ _ _ _ _ _ _ _ _ _ _ _ _ _ _ _ _ 

directory = PosixPath('/home/stev/.codex/worktrees/publish-main/SpecOrganon/experiments/development/prototype_checkpoint_compatibility_2026-09-30/attempt')

    def _load(directory: Path) -> tuple[dict, dict]:
        state = _json(_read(directory / "run.json"))
        plan_raw = _read(directory / "plan.json")
        if state.get("plan") != _record(plan_raw):
            raise CheckpointError("plan changed")
        plan = _json(plan_raw)
        authority_path, authority_sha = _authority(plan.get("study_id", "D095"))
        if (plan["protocol_path"] != str(authority_path.resolve(strict=True))
                or plan["protocol_sha256"] != authority_sha):
>           raise CheckpointError("runtime protocol differs from the fixed study authority")
E           run_prototype_checkpoint.CheckpointError: runtime protocol differs from the fixed study authority

scripts/run_prototype_checkpoint.py:253: CheckpointError
______ test_mutated_input_or_output_pin_is_rejected[input/source_lca.txt] ______

tmp_path = PosixPath('/tmp/pytest-of-stev/pytest-295/test_mutated_input_or_output_p0')
monkeypatch = <_pytest.monkeypatch.MonkeyPatch object at 0x7f247e3995c0>
admission = None, target = 'input/source_lca.txt'

    @pytest.mark.parametrize("target", ["input/source_lca.txt", "input/prototype_case.json", "prompt.txt", "schema.json",
                                      "analysis.py", "sources.json", "report.md", "model.stdout.jsonl"])
    def test_mutated_input_or_output_pin_is_rejected(tmp_path, monkeypatch, admission, target):
>       directory = _prepare(tmp_path)
                    ^^^^^^^^^^^^^^^^^^

tests/test_bread_continuation.py:276: 
_ _ _ _ _ _ _ _ _ _ _ _ _ _ _ _ _ _ _ _ _ _ _ _ _ _ _ _ _ _ _ _ _ _ _ _ _ _ _ _ 
tests/test_bread_continuation.py:86: in _prepare
    result = continuation.prepare(continuation.ROOT if repo is None else repo, directory)
             ^^^^^^^^^^^^^^^^^^^^^^^^^^^^^^^^^^^^^^^^^^^^^^^^^^^^^^^^^^^^^^^^^^^^^^^^^^^^
scripts/run_bread_continuation.py:222: in prepare
    blobs = _blobs(repo, protocol, protocol_raw)
            ^^^^^^^^^^^^^^^^^^^^^^^^^^^^^^^^^^^^
scripts/run_bread_continuation.py:168: in _blobs
    blobs, _ = _parent(repo, protocol)
               ^^^^^^^^^^^^^^^^^^^^^^^
scripts/run_bread_continuation.py:129: in _parent
    verified = checkpoint.status(directory)
               ^^^^^^^^^^^^^^^^^^^^^^^^^^^^
scripts/run_prototype_checkpoint.py:310: in status
    state, plan = _load(directory)
                  ^^^^^^^^^^^^^^^^
_ _ _ _ _ _ _ _ _ _ _ _ _ _ _ _ _ _ _ _ _ _ _ _ _ _ _ _ _ _ _ _ _ _ _ _ _ _ _ _ 

directory = PosixPath('/home/stev/.codex/worktrees/publish-main/SpecOrganon/experiments/development/prototype_checkpoint_compatibility_2026-09-30/attempt')

    def _load(directory: Path) -> tuple[dict, dict]:
        state = _json(_read(directory / "run.json"))
        plan_raw = _read(directory / "plan.json")
        if state.get("plan") != _record(plan_raw):
            raise CheckpointError("plan changed")
        plan = _json(plan_raw)
        authority_path, authority_sha = _authority(plan.get("study_id", "D095"))
        if (plan["protocol_path"] != str(authority_path.resolve(strict=True))
                or plan["protocol_sha256"] != authority_sha):
>           raise CheckpointError("runtime protocol differs from the fixed study authority")
E           run_prototype_checkpoint.CheckpointError: runtime protocol differs from the fixed study authority

scripts/run_prototype_checkpoint.py:253: CheckpointError
___ test_mutated_input_or_output_pin_is_rejected[input/prototype_case.json] ____

tmp_path = PosixPath('/tmp/pytest-of-stev/pytest-295/test_mutated_input_or_output_p1')
monkeypatch = <_pytest.monkeypatch.MonkeyPatch object at 0x7f247e420c90>
admission = None, target = 'input/prototype_case.json'

    @pytest.mark.parametrize("target", ["input/source_lca.txt", "input/prototype_case.json", "prompt.txt", "schema.json",
                                      "analysis.py", "sources.json", "report.md", "model.stdout.jsonl"])
    def test_mutated_input_or_output_pin_is_rejected(tmp_path, monkeypatch, admission, target):
>       directory = _prepare(tmp_path)
                    ^^^^^^^^^^^^^^^^^^

tests/test_bread_continuation.py:276: 
_ _ _ _ _ _ _ _ _ _ _ _ _ _ _ _ _ _ _ _ _ _ _ _ _ _ _ _ _ _ _ _ _ _ _ _ _ _ _ _ 
tests/test_bread_continuation.py:86: in _prepare
    result = continuation.prepare(continuation.ROOT if repo is None else repo, directory)
             ^^^^^^^^^^^^^^^^^^^^^^^^^^^^^^^^^^^^^^^^^^^^^^^^^^^^^^^^^^^^^^^^^^^^^^^^^^^^
scripts/run_bread_continuation.py:222: in prepare
    blobs = _blobs(repo, protocol, protocol_raw)
            ^^^^^^^^^^^^^^^^^^^^^^^^^^^^^^^^^^^^
scripts/run_bread_continuation.py:168: in _blobs
    blobs, _ = _parent(repo, protocol)
               ^^^^^^^^^^^^^^^^^^^^^^^
scripts/run_bread_continuation.py:129: in _parent
    verified = checkpoint.status(directory)
               ^^^^^^^^^^^^^^^^^^^^^^^^^^^^
scripts/run_prototype_checkpoint.py:310: in status
    state, plan = _load(directory)
                  ^^^^^^^^^^^^^^^^
_ _ _ _ _ _ _ _ _ _ _ _ _ _ _ _ _ _ _ _ _ _ _ _ _ _ _ _ _ _ _ _ _ _ _ _ _ _ _ _ 

directory = PosixPath('/home/stev/.codex/worktrees/publish-main/SpecOrganon/experiments/development/prototype_checkpoint_compatibility_2026-09-30/attempt')

    def _load(directory: Path) -> tuple[dict, dict]:
        state = _json(_read(directory / "run.json"))
        plan_raw = _read(directory / "plan.json")
        if state.get("plan") != _record(plan_raw):
            raise CheckpointError("plan changed")
        plan = _json(plan_raw)
        authority_path, authority_sha = _authority(plan.get("study_id", "D095"))
        if (plan["protocol_path"] != str(authority_path.resolve(strict=True))
                or plan["protocol_sha256"] != authority_sha):
>           raise CheckpointError("runtime protocol differs from the fixed study authority")
E           run_prototype_checkpoint.CheckpointError: runtime protocol differs from the fixed study authority

scripts/run_prototype_checkpoint.py:253: CheckpointError
___________ test_mutated_input_or_output_pin_is_rejected[prompt.txt] ___________

tmp_path = PosixPath('/tmp/pytest-of-stev/pytest-295/test_mutated_input_or_output_p2')
monkeypatch = <_pytest.monkeypatch.MonkeyPatch object at 0x7f247e5a82f0>
admission = None, target = 'prompt.txt'

    @pytest.mark.parametrize("target", ["input/source_lca.txt", "input/prototype_case.json", "prompt.txt", "schema.json",
                                      "analysis.py", "sources.json", "report.md", "model.stdout.jsonl"])
    def test_mutated_input_or_output_pin_is_rejected(tmp_path, monkeypatch, admission, target):
>       directory = _prepare(tmp_path)
                    ^^^^^^^^^^^^^^^^^^

tests/test_bread_continuation.py:276: 
_ _ _ _ _ _ _ _ _ _ _ _ _ _ _ _ _ _ _ _ _ _ _ _ _ _ _ _ _ _ _ _ _ _ _ _ _ _ _ _ 
tests/test_bread_continuation.py:86: in _prepare
    result = continuation.prepare(continuation.ROOT if repo is None else repo, directory)
             ^^^^^^^^^^^^^^^^^^^^^^^^^^^^^^^^^^^^^^^^^^^^^^^^^^^^^^^^^^^^^^^^^^^^^^^^^^^^
scripts/run_bread_continuation.py:222: in prepare
    blobs = _blobs(repo, protocol, protocol_raw)
            ^^^^^^^^^^^^^^^^^^^^^^^^^^^^^^^^^^^^
scripts/run_bread_continuation.py:168: in _blobs
    blobs, _ = _parent(repo, protocol)
               ^^^^^^^^^^^^^^^^^^^^^^^
scripts/run_bread_continuation.py:129: in _parent
    verified = checkpoint.status(directory)
               ^^^^^^^^^^^^^^^^^^^^^^^^^^^^
scripts/run_prototype_checkpoint.py:310: in status
    state, plan = _load(directory)
                  ^^^^^^^^^^^^^^^^
_ _ _ _ _ _ _ _ _ _ _ _ _ _ _ _ _ _ _ _ _ _ _ _ _ _ _ _ _ _ _ _ _ _ _ _ _ _ _ _ 

directory = PosixPath('/home/stev/.codex/worktrees/publish-main/SpecOrganon/experiments/development/prototype_checkpoint_compatibility_2026-09-30/attempt')

    def _load(directory: Path) -> tuple[dict, dict]:
        state = _json(_read(directory / "run.json"))
        plan_raw = _read(directory / "plan.json")
        if state.get("plan") != _record(plan_raw):
            raise CheckpointError("plan changed")
        plan = _json(plan_raw)
        authority_path, authority_sha = _authority(plan.get("study_id", "D095"))
        if (plan["protocol_path"] != str(authority_path.resolve(strict=True))
                or plan["protocol_sha256"] != authority_sha):
>           raise CheckpointError("runtime protocol differs from the fixed study authority")
E           run_prototype_checkpoint.CheckpointError: runtime protocol differs from the fixed study authority

scripts/run_prototype_checkpoint.py:253: CheckpointError
__________ test_mutated_input_or_output_pin_is_rejected[schema.json] ___________

tmp_path = PosixPath('/tmp/pytest-of-stev/pytest-295/test_mutated_input_or_output_p3')
monkeypatch = <_pytest.monkeypatch.MonkeyPatch object at 0x7f247e607c40>
admission = None, target = 'schema.json'

    @pytest.mark.parametrize("target", ["input/source_lca.txt", "input/prototype_case.json", "prompt.txt", "schema.json",
                                      "analysis.py", "sources.json", "report.md", "model.stdout.jsonl"])
    def test_mutated_input_or_output_pin_is_rejected(tmp_path, monkeypatch, admission, target):
>       directory = _prepare(tmp_path)
                    ^^^^^^^^^^^^^^^^^^

tests/test_bread_continuation.py:276: 
_ _ _ _ _ _ _ _ _ _ _ _ _ _ _ _ _ _ _ _ _ _ _ _ _ _ _ _ _ _ _ _ _ _ _ _ _ _ _ _ 
tests/test_bread_continuation.py:86: in _prepare
    result = continuation.prepare(continuation.ROOT if repo is None else repo, directory)
             ^^^^^^^^^^^^^^^^^^^^^^^^^^^^^^^^^^^^^^^^^^^^^^^^^^^^^^^^^^^^^^^^^^^^^^^^^^^^
scripts/run_bread_continuation.py:222: in prepare
    blobs = _blobs(repo, protocol, protocol_raw)
            ^^^^^^^^^^^^^^^^^^^^^^^^^^^^^^^^^^^^
scripts/run_bread_continuation.py:168: in _blobs
    blobs, _ = _parent(repo, protocol)
               ^^^^^^^^^^^^^^^^^^^^^^^
scripts/run_bread_continuation.py:129: in _parent
    verified = checkpoint.status(directory)
               ^^^^^^^^^^^^^^^^^^^^^^^^^^^^
scripts/run_prototype_checkpoint.py:310: in status
    state, plan = _load(directory)
                  ^^^^^^^^^^^^^^^^
_ _ _ _ _ _ _ _ _ _ _ _ _ _ _ _ _ _ _ _ _ _ _ _ _ _ _ _ _ _ _ _ _ _ _ _ _ _ _ _ 

directory = PosixPath('/home/stev/.codex/worktrees/publish-main/SpecOrganon/experiments/development/prototype_checkpoint_compatibility_2026-09-30/attempt')

    def _load(directory: Path) -> tuple[dict, dict]:
        state = _json(_read(directory / "run.json"))
        plan_raw = _read(directory / "plan.json")
        if state.get("plan") != _record(plan_raw):
            raise CheckpointError("plan changed")
        plan = _json(plan_raw)
        authority_path, authority_sha = _authority(plan.get("study_id", "D095"))
        if (plan["protocol_path"] != str(authority_path.resolve(strict=True))
                or plan["protocol_sha256"] != authority_sha):
>           raise CheckpointError("runtime protocol differs from the fixed study authority")
E           run_prototype_checkpoint.CheckpointError: runtime protocol differs from the fixed study authority

scripts/run_prototype_checkpoint.py:253: CheckpointError
__________ test_mutated_input_or_output_pin_is_rejected[analysis.py] ___________

tmp_path = PosixPath('/tmp/pytest-of-stev/pytest-295/test_mutated_input_or_output_p4')
monkeypatch = <_pytest.monkeypatch.MonkeyPatch object at 0x7f247e5a9c50>
admission = None, target = 'analysis.py'

    @pytest.mark.parametrize("target", ["input/source_lca.txt", "input/prototype_case.json", "prompt.txt", "schema.json",
                                      "analysis.py", "sources.json", "report.md", "model.stdout.jsonl"])
    def test_mutated_input_or_output_pin_is_rejected(tmp_path, monkeypatch, admission, target):
>       directory = _prepare(tmp_path)
                    ^^^^^^^^^^^^^^^^^^

tests/test_bread_continuation.py:276: 
_ _ _ _ _ _ _ _ _ _ _ _ _ _ _ _ _ _ _ _ _ _ _ _ _ _ _ _ _ _ _ _ _ _ _ _ _ _ _ _ 
tests/test_bread_continuation.py:86: in _prepare
    result = continuation.prepare(continuation.ROOT if repo is None else repo, directory)
             ^^^^^^^^^^^^^^^^^^^^^^^^^^^^^^^^^^^^^^^^^^^^^^^^^^^^^^^^^^^^^^^^^^^^^^^^^^^^
scripts/run_bread_continuation.py:222: in prepare
    blobs = _blobs(repo, protocol, protocol_raw)
            ^^^^^^^^^^^^^^^^^^^^^^^^^^^^^^^^^^^^
scripts/run_bread_continuation.py:168: in _blobs
    blobs, _ = _parent(repo, protocol)
               ^^^^^^^^^^^^^^^^^^^^^^^
scripts/run_bread_continuation.py:129: in _parent
    verified = checkpoint.status(directory)
               ^^^^^^^^^^^^^^^^^^^^^^^^^^^^
scripts/run_prototype_checkpoint.py:310: in status
    state, plan = _load(directory)
                  ^^^^^^^^^^^^^^^^
_ _ _ _ _ _ _ _ _ _ _ _ _ _ _ _ _ _ _ _ _ _ _ _ _ _ _ _ _ _ _ _ _ _ _ _ _ _ _ _ 

directory = PosixPath('/home/stev/.codex/worktrees/publish-main/SpecOrganon/experiments/development/prototype_checkpoint_compatibility_2026-09-30/attempt')

    def _load(directory: Path) -> tuple[dict, dict]:
        state = _json(_read(directory / "run.json"))
        plan_raw = _read(directory / "plan.json")
        if state.get("plan") != _record(plan_raw):
            raise CheckpointError("plan changed")
        plan = _json(plan_raw)
        authority_path, authority_sha = _authority(plan.get("study_id", "D095"))
        if (plan["protocol_path"] != str(authority_path.resolve(strict=True))
                or plan["protocol_sha256"] != authority_sha):
>           raise CheckpointError("runtime protocol differs from the fixed study authority")
E           run_prototype_checkpoint.CheckpointError: runtime protocol differs from the fixed study authority

scripts/run_prototype_checkpoint.py:253: CheckpointError
__________ test_mutated_input_or_output_pin_is_rejected[sources.json] __________

tmp_path = PosixPath('/tmp/pytest-of-stev/pytest-295/test_mutated_input_or_output_p5')
monkeypatch = <_pytest.monkeypatch.MonkeyPatch object at 0x7f24805411d0>
admission = None, target = 'sources.json'

    @pytest.mark.parametrize("target", ["input/source_lca.txt", "input/prototype_case.json", "prompt.txt", "schema.json",
                                      "analysis.py", "sources.json", "report.md", "model.stdout.jsonl"])
    def test_mutated_input_or_output_pin_is_rejected(tmp_path, monkeypatch, admission, target):
>       directory = _prepare(tmp_path)
                    ^^^^^^^^^^^^^^^^^^

tests/test_bread_continuation.py:276: 
_ _ _ _ _ _ _ _ _ _ _ _ _ _ _ _ _ _ _ _ _ _ _ _ _ _ _ _ _ _ _ _ _ _ _ _ _ _ _ _ 
tests/test_bread_continuation.py:86: in _prepare
    result = continuation.prepare(continuation.ROOT if repo is None else repo, directory)
             ^^^^^^^^^^^^^^^^^^^^^^^^^^^^^^^^^^^^^^^^^^^^^^^^^^^^^^^^^^^^^^^^^^^^^^^^^^^^
scripts/run_bread_continuation.py:222: in prepare
    blobs = _blobs(repo, protocol, protocol_raw)
            ^^^^^^^^^^^^^^^^^^^^^^^^^^^^^^^^^^^^
scripts/run_bread_continuation.py:168: in _blobs
    blobs, _ = _parent(repo, protocol)
               ^^^^^^^^^^^^^^^^^^^^^^^
scripts/run_bread_continuation.py:129: in _parent
    verified = checkpoint.status(directory)
               ^^^^^^^^^^^^^^^^^^^^^^^^^^^^
scripts/run_prototype_checkpoint.py:310: in status
    state, plan = _load(directory)
                  ^^^^^^^^^^^^^^^^
_ _ _ _ _ _ _ _ _ _ _ _ _ _ _ _ _ _ _ _ _ _ _ _ _ _ _ _ _ _ _ _ _ _ _ _ _ _ _ _ 

directory = PosixPath('/home/stev/.codex/worktrees/publish-main/SpecOrganon/experiments/development/prototype_checkpoint_compatibility_2026-09-30/attempt')

    def _load(directory: Path) -> tuple[dict, dict]:
        state = _json(_read(directory / "run.json"))
        plan_raw = _read(directory / "plan.json")
        if state.get("plan") != _record(plan_raw):
            raise CheckpointError("plan changed")
        plan = _json(plan_raw)
        authority_path, authority_sha = _authority(plan.get("study_id", "D095"))
        if (plan["protocol_path"] != str(authority_path.resolve(strict=True))
                or plan["protocol_sha256"] != authority_sha):
>           raise CheckpointError("runtime protocol differs from the fixed study authority")
E           run_prototype_checkpoint.CheckpointError: runtime protocol differs from the fixed study authority

scripts/run_prototype_checkpoint.py:253: CheckpointError
___________ test_mutated_input_or_output_pin_is_rejected[report.md] ____________

tmp_path = PosixPath('/tmp/pytest-of-stev/pytest-295/test_mutated_input_or_output_p6')
monkeypatch = <_pytest.monkeypatch.MonkeyPatch object at 0x7f247e3484b0>
admission = None, target = 'report.md'

    @pytest.mark.parametrize("target", ["input/source_lca.txt", "input/prototype_case.json", "prompt.txt", "schema.json",
                                      "analysis.py", "sources.json", "report.md", "model.stdout.jsonl"])
    def test_mutated_input_or_output_pin_is_rejected(tmp_path, monkeypatch, admission, target):
>       directory = _prepare(tmp_path)
                    ^^^^^^^^^^^^^^^^^^

tests/test_bread_continuation.py:276: 
_ _ _ _ _ _ _ _ _ _ _ _ _ _ _ _ _ _ _ _ _ _ _ _ _ _ _ _ _ _ _ _ _ _ _ _ _ _ _ _ 
tests/test_bread_continuation.py:86: in _prepare
    result = continuation.prepare(continuation.ROOT if repo is None else repo, directory)
             ^^^^^^^^^^^^^^^^^^^^^^^^^^^^^^^^^^^^^^^^^^^^^^^^^^^^^^^^^^^^^^^^^^^^^^^^^^^^
scripts/run_bread_continuation.py:222: in prepare
    blobs = _blobs(repo, protocol, protocol_raw)
            ^^^^^^^^^^^^^^^^^^^^^^^^^^^^^^^^^^^^
scripts/run_bread_continuation.py:168: in _blobs
    blobs, _ = _parent(repo, protocol)
               ^^^^^^^^^^^^^^^^^^^^^^^
scripts/run_bread_continuation.py:129: in _parent
    verified = checkpoint.status(directory)
               ^^^^^^^^^^^^^^^^^^^^^^^^^^^^
scripts/run_prototype_checkpoint.py:310: in status
    state, plan = _load(directory)
                  ^^^^^^^^^^^^^^^^
_ _ _ _ _ _ _ _ _ _ _ _ _ _ _ _ _ _ _ _ _ _ _ _ _ _ _ _ _ _ _ _ _ _ _ _ _ _ _ _ 

directory = PosixPath('/home/stev/.codex/worktrees/publish-main/SpecOrganon/experiments/development/prototype_checkpoint_compatibility_2026-09-30/attempt')

    def _load(directory: Path) -> tuple[dict, dict]:
        state = _json(_read(directory / "run.json"))
        plan_raw = _read(directory / "plan.json")
        if state.get("plan") != _record(plan_raw):
            raise CheckpointError("plan changed")
        plan = _json(plan_raw)
        authority_path, authority_sha = _authority(plan.get("study_id", "D095"))
        if (plan["protocol_path"] != str(authority_path.resolve(strict=True))
                or plan["protocol_sha256"] != authority_sha):
>           raise CheckpointError("runtime protocol differs from the fixed study authority")
E           run_prototype_checkpoint.CheckpointError: runtime protocol differs from the fixed study authority

scripts/run_prototype_checkpoint.py:253: CheckpointError
_______ test_mutated_input_or_output_pin_is_rejected[model.stdout.jsonl] _______

tmp_path = PosixPath('/tmp/pytest-of-stev/pytest-295/test_mutated_input_or_output_p7')
monkeypatch = <_pytest.monkeypatch.MonkeyPatch object at 0x7f2480ee7700>
admission = None, target = 'model.stdout.jsonl'

    @pytest.mark.parametrize("target", ["input/source_lca.txt", "input/prototype_case.json", "prompt.txt", "schema.json",
                                      "analysis.py", "sources.json", "report.md", "model.stdout.jsonl"])
    def test_mutated_input_or_output_pin_is_rejected(tmp_path, monkeypatch, admission, target):
>       directory = _prepare(tmp_path)
                    ^^^^^^^^^^^^^^^^^^

tests/test_bread_continuation.py:276: 
_ _ _ _ _ _ _ _ _ _ _ _ _ _ _ _ _ _ _ _ _ _ _ _ _ _ _ _ _ _ _ _ _ _ _ _ _ _ _ _ 
tests/test_bread_continuation.py:86: in _prepare
    result = continuation.prepare(continuation.ROOT if repo is None else repo, directory)
             ^^^^^^^^^^^^^^^^^^^^^^^^^^^^^^^^^^^^^^^^^^^^^^^^^^^^^^^^^^^^^^^^^^^^^^^^^^^^
scripts/run_bread_continuation.py:222: in prepare
    blobs = _blobs(repo, protocol, protocol_raw)
            ^^^^^^^^^^^^^^^^^^^^^^^^^^^^^^^^^^^^
scripts/run_bread_continuation.py:168: in _blobs
    blobs, _ = _parent(repo, protocol)
               ^^^^^^^^^^^^^^^^^^^^^^^
scripts/run_bread_continuation.py:129: in _parent
    verified = checkpoint.status(directory)
               ^^^^^^^^^^^^^^^^^^^^^^^^^^^^
scripts/run_prototype_checkpoint.py:310: in status
    state, plan = _load(directory)
                  ^^^^^^^^^^^^^^^^
_ _ _ _ _ _ _ _ _ _ _ _ _ _ _ _ _ _ _ _ _ _ _ _ _ _ _ _ _ _ _ _ _ _ _ _ _ _ _ _ 

directory = PosixPath('/home/stev/.codex/worktrees/publish-main/SpecOrganon/experiments/development/prototype_checkpoint_compatibility_2026-09-30/attempt')

    def _load(directory: Path) -> tuple[dict, dict]:
        state = _json(_read(directory / "run.json"))
        plan_raw = _read(directory / "plan.json")
        if state.get("plan") != _record(plan_raw):
            raise CheckpointError("plan changed")
        plan = _json(plan_raw)
        authority_path, authority_sha = _authority(plan.get("study_id", "D095"))
        if (plan["protocol_path"] != str(authority_path.resolve(strict=True))
                or plan["protocol_sha256"] != authority_sha):
>           raise CheckpointError("runtime protocol differs from the fixed study authority")
E           run_prototype_checkpoint.CheckpointError: runtime protocol differs from the fixed study authority

scripts/run_prototype_checkpoint.py:253: CheckpointError
______________ test_changed_source_rejected_before_new_directory _______________

tmp_path = PosixPath('/tmp/pytest-of-stev/pytest-295/test_changed_source_rejected_b0')
admission = None

    def test_changed_source_rejected_before_new_directory(tmp_path, admission):
        repo = _copy_repo(tmp_path)
        protocol, _ = continuation._authority()
        changed = repo / protocol["source_files"]["source_lca.txt"]["path"]
        with changed.open("ab") as stream:
            stream.write(b"\n")
        destination = tmp_path / "invalid"
        with pytest.raises(continuation.ContinuationError, match="registered bytes changed"):
>           continuation.prepare(repo, destination)

tests/test_bread_continuation.py:295: 
_ _ _ _ _ _ _ _ _ _ _ _ _ _ _ _ _ _ _ _ _ _ _ _ _ _ _ _ _ _ _ _ _ _ _ _ _ _ _ _ 
scripts/run_bread_continuation.py:222: in prepare
    blobs = _blobs(repo, protocol, protocol_raw)
            ^^^^^^^^^^^^^^^^^^^^^^^^^^^^^^^^^^^^
scripts/run_bread_continuation.py:168: in _blobs
    blobs, _ = _parent(repo, protocol)
               ^^^^^^^^^^^^^^^^^^^^^^^
scripts/run_bread_continuation.py:129: in _parent
    verified = checkpoint.status(directory)
               ^^^^^^^^^^^^^^^^^^^^^^^^^^^^
scripts/run_prototype_checkpoint.py:310: in status
    state, plan = _load(directory)
                  ^^^^^^^^^^^^^^^^
_ _ _ _ _ _ _ _ _ _ _ _ _ _ _ _ _ _ _ _ _ _ _ _ _ _ _ _ _ _ _ _ _ _ _ _ _ _ _ _ 

directory = PosixPath('/tmp/pytest-of-stev/pytest-295/test_changed_source_rejected_b0/repo/experiments/development/prototype_checkpoint_compatibility_2026-09-30/attempt')

    def _load(directory: Path) -> tuple[dict, dict]:
        state = _json(_read(directory / "run.json"))
        plan_raw = _read(directory / "plan.json")
        if state.get("plan") != _record(plan_raw):
            raise CheckpointError("plan changed")
        plan = _json(plan_raw)
        authority_path, authority_sha = _authority(plan.get("study_id", "D095"))
        if (plan["protocol_path"] != str(authority_path.resolve(strict=True))
                or plan["protocol_sha256"] != authority_sha):
>           raise CheckpointError("runtime protocol differs from the fixed study authority")
E           run_prototype_checkpoint.CheckpointError: runtime protocol differs from the fixed study authority

scripts/run_prototype_checkpoint.py:253: CheckpointError
____________ test_parent_changes_rejected_without_touching_original ____________

tmp_path = PosixPath('/tmp/pytest-of-stev/pytest-295/test_parent_changes_rejected_w0')
admission = None

    def test_parent_changes_rejected_without_touching_original(tmp_path, admission):
        repo = _copy_repo(tmp_path)
>       directory = _prepare(tmp_path, repo=repo)
                    ^^^^^^^^^^^^^^^^^^^^^^^^^^^^^

tests/test_bread_continuation.py:301: 
_ _ _ _ _ _ _ _ _ _ _ _ _ _ _ _ _ _ _ _ _ _ _ _ _ _ _ _ _ _ _ _ _ _ _ _ _ _ _ _ 
tests/test_bread_continuation.py:86: in _prepare
    result = continuation.prepare(continuation.ROOT if repo is None else repo, directory)
             ^^^^^^^^^^^^^^^^^^^^^^^^^^^^^^^^^^^^^^^^^^^^^^^^^^^^^^^^^^^^^^^^^^^^^^^^^^^^
scripts/run_bread_continuation.py:222: in prepare
    blobs = _blobs(repo, protocol, protocol_raw)
            ^^^^^^^^^^^^^^^^^^^^^^^^^^^^^^^^^^^^
scripts/run_bread_continuation.py:168: in _blobs
    blobs, _ = _parent(repo, protocol)
               ^^^^^^^^^^^^^^^^^^^^^^^
scripts/run_bread_continuation.py:129: in _parent
    verified = checkpoint.status(directory)
               ^^^^^^^^^^^^^^^^^^^^^^^^^^^^
scripts/run_prototype_checkpoint.py:310: in status
    state, plan = _load(directory)
                  ^^^^^^^^^^^^^^^^
_ _ _ _ _ _ _ _ _ _ _ _ _ _ _ _ _ _ _ _ _ _ _ _ _ _ _ _ _ _ _ _ _ _ _ _ _ _ _ _ 

directory = PosixPath('/tmp/pytest-of-stev/pytest-295/test_parent_changes_rejected_w0/repo/experiments/development/prototype_checkpoint_compatibility_2026-09-30/attempt')

    def _load(directory: Path) -> tuple[dict, dict]:
        state = _json(_read(directory / "run.json"))
        plan_raw = _read(directory / "plan.json")
        if state.get("plan") != _record(plan_raw):
            raise CheckpointError("plan changed")
        plan = _json(plan_raw)
        authority_path, authority_sha = _authority(plan.get("study_id", "D095"))
        if (plan["protocol_path"] != str(authority_path.resolve(strict=True))
                or plan["protocol_sha256"] != authority_sha):
>           raise CheckpointError("runtime protocol differs from the fixed study authority")
E           run_prototype_checkpoint.CheckpointError: runtime protocol differs from the fixed study authority

scripts/run_prototype_checkpoint.py:253: CheckpointError
____ test_coherent_runtime_plan_mutation_cannot_authorize_change[override] _____

tmp_path = PosixPath('/tmp/pytest-of-stev/pytest-295/test_coherent_runtime_plan_mut0')
admission = None, mutation = 'override'

    @pytest.mark.parametrize("mutation", ["override", "config", "remove_input_pin"])
    def test_coherent_runtime_plan_mutation_cannot_authorize_change(tmp_path, admission, mutation):
>       directory = _prepare(tmp_path)
                    ^^^^^^^^^^^^^^^^^^

tests/test_bread_continuation.py:343: 
_ _ _ _ _ _ _ _ _ _ _ _ _ _ _ _ _ _ _ _ _ _ _ _ _ _ _ _ _ _ _ _ _ _ _ _ _ _ _ _ 
tests/test_bread_continuation.py:86: in _prepare
    result = continuation.prepare(continuation.ROOT if repo is None else repo, directory)
             ^^^^^^^^^^^^^^^^^^^^^^^^^^^^^^^^^^^^^^^^^^^^^^^^^^^^^^^^^^^^^^^^^^^^^^^^^^^^
scripts/run_bread_continuation.py:222: in prepare
    blobs = _blobs(repo, protocol, protocol_raw)
            ^^^^^^^^^^^^^^^^^^^^^^^^^^^^^^^^^^^^
scripts/run_bread_continuation.py:168: in _blobs
    blobs, _ = _parent(repo, protocol)
               ^^^^^^^^^^^^^^^^^^^^^^^
scripts/run_bread_continuation.py:129: in _parent
    verified = checkpoint.status(directory)
               ^^^^^^^^^^^^^^^^^^^^^^^^^^^^
scripts/run_prototype_checkpoint.py:310: in status
    state, plan = _load(directory)
                  ^^^^^^^^^^^^^^^^
_ _ _ _ _ _ _ _ _ _ _ _ _ _ _ _ _ _ _ _ _ _ _ _ _ _ _ _ _ _ _ _ _ _ _ _ _ _ _ _ 

directory = PosixPath('/home/stev/.codex/worktrees/publish-main/SpecOrganon/experiments/development/prototype_checkpoint_compatibility_2026-09-30/attempt')

    def _load(directory: Path) -> tuple[dict, dict]:
        state = _json(_read(directory / "run.json"))
        plan_raw = _read(directory / "plan.json")
        if state.get("plan") != _record(plan_raw):
            raise CheckpointError("plan changed")
        plan = _json(plan_raw)
        authority_path, authority_sha = _authority(plan.get("study_id", "D095"))
        if (plan["protocol_path"] != str(authority_path.resolve(strict=True))
                or plan["protocol_sha256"] != authority_sha):
>           raise CheckpointError("runtime protocol differs from the fixed study authority")
E           run_prototype_checkpoint.CheckpointError: runtime protocol differs from the fixed study authority

scripts/run_prototype_checkpoint.py:253: CheckpointError
_____ test_coherent_runtime_plan_mutation_cannot_authorize_change[config] ______

tmp_path = PosixPath('/tmp/pytest-of-stev/pytest-295/test_coherent_runtime_plan_mut1')
admission = None, mutation = 'config'

    @pytest.mark.parametrize("mutation", ["override", "config", "remove_input_pin"])
    def test_coherent_runtime_plan_mutation_cannot_authorize_change(tmp_path, admission, mutation):
>       directory = _prepare(tmp_path)
                    ^^^^^^^^^^^^^^^^^^

tests/test_bread_continuation.py:343: 
_ _ _ _ _ _ _ _ _ _ _ _ _ _ _ _ _ _ _ _ _ _ _ _ _ _ _ _ _ _ _ _ _ _ _ _ _ _ _ _ 
tests/test_bread_continuation.py:86: in _prepare
    result = continuation.prepare(continuation.ROOT if repo is None else repo, directory)
             ^^^^^^^^^^^^^^^^^^^^^^^^^^^^^^^^^^^^^^^^^^^^^^^^^^^^^^^^^^^^^^^^^^^^^^^^^^^^
scripts/run_bread_continuation.py:222: in prepare
    blobs = _blobs(repo, protocol, protocol_raw)
            ^^^^^^^^^^^^^^^^^^^^^^^^^^^^^^^^^^^^
scripts/run_bread_continuation.py:168: in _blobs
    blobs, _ = _parent(repo, protocol)
               ^^^^^^^^^^^^^^^^^^^^^^^
scripts/run_bread_continuation.py:129: in _parent
    verified = checkpoint.status(directory)
               ^^^^^^^^^^^^^^^^^^^^^^^^^^^^
scripts/run_prototype_checkpoint.py:310: in status
    state, plan = _load(directory)
                  ^^^^^^^^^^^^^^^^
_ _ _ _ _ _ _ _ _ _ _ _ _ _ _ _ _ _ _ _ _ _ _ _ _ _ _ _ _ _ _ _ _ _ _ _ _ _ _ _ 

directory = PosixPath('/home/stev/.codex/worktrees/publish-main/SpecOrganon/experiments/development/prototype_checkpoint_compatibility_2026-09-30/attempt')

    def _load(directory: Path) -> tuple[dict, dict]:
        state = _json(_read(directory / "run.json"))
        plan_raw = _read(directory / "plan.json")
        if state.get("plan") != _record(plan_raw):
            raise CheckpointError("plan changed")
        plan = _json(plan_raw)
        authority_path, authority_sha = _authority(plan.get("study_id", "D095"))
        if (plan["protocol_path"] != str(authority_path.resolve(strict=True))
                or plan["protocol_sha256"] != authority_sha):
>           raise CheckpointError("runtime protocol differs from the fixed study authority")
E           run_prototype_checkpoint.CheckpointError: runtime protocol differs from the fixed study authority

scripts/run_prototype_checkpoint.py:253: CheckpointError
_ test_coherent_runtime_plan_mutation_cannot_authorize_change[remove_input_pin] _

tmp_path = PosixPath('/tmp/pytest-of-stev/pytest-295/test_coherent_runtime_plan_mut2')
admission = None, mutation = 'remove_input_pin'

    @pytest.mark.parametrize("mutation", ["override", "config", "remove_input_pin"])
    def test_coherent_runtime_plan_mutation_cannot_authorize_change(tmp_path, admission, mutation):
>       directory = _prepare(tmp_path)
                    ^^^^^^^^^^^^^^^^^^

tests/test_bread_continuation.py:343: 
_ _ _ _ _ _ _ _ _ _ _ _ _ _ _ _ _ _ _ _ _ _ _ _ _ _ _ _ _ _ _ _ _ _ _ _ _ _ _ _ 
tests/test_bread_continuation.py:86: in _prepare
    result = continuation.prepare(continuation.ROOT if repo is None else repo, directory)
             ^^^^^^^^^^^^^^^^^^^^^^^^^^^^^^^^^^^^^^^^^^^^^^^^^^^^^^^^^^^^^^^^^^^^^^^^^^^^
scripts/run_bread_continuation.py:222: in prepare
    blobs = _blobs(repo, protocol, protocol_raw)
            ^^^^^^^^^^^^^^^^^^^^^^^^^^^^^^^^^^^^
scripts/run_bread_continuation.py:168: in _blobs
    blobs, _ = _parent(repo, protocol)
               ^^^^^^^^^^^^^^^^^^^^^^^
scripts/run_bread_continuation.py:129: in _parent
    verified = checkpoint.status(directory)
               ^^^^^^^^^^^^^^^^^^^^^^^^^^^^
scripts/run_prototype_checkpoint.py:310: in status
    state, plan = _load(directory)
                  ^^^^^^^^^^^^^^^^
_ _ _ _ _ _ _ _ _ _ _ _ _ _ _ _ _ _ _ _ _ _ _ _ _ _ _ _ _ _ _ _ _ _ _ _ _ _ _ _ 

directory = PosixPath('/home/stev/.codex/worktrees/publish-main/SpecOrganon/experiments/development/prototype_checkpoint_compatibility_2026-09-30/attempt')

    def _load(directory: Path) -> tuple[dict, dict]:
        state = _json(_read(directory / "run.json"))
        plan_raw = _read(directory / "plan.json")
        if state.get("plan") != _record(plan_raw):
            raise CheckpointError("plan changed")
        plan = _json(plan_raw)
        authority_path, authority_sha = _authority(plan.get("study_id", "D095"))
        if (plan["protocol_path"] != str(authority_path.resolve(strict=True))
                or plan["protocol_sha256"] != authority_sha):
>           raise CheckpointError("runtime protocol differs from the fixed study authority")
E           run_prototype_checkpoint.CheckpointError: runtime protocol differs from the fixed study authority

scripts/run_prototype_checkpoint.py:253: CheckpointError
________ test_invalid_baseline_is_terminal_and_raw_preserved[{"x":NaN}] ________

tmp_path = PosixPath('/tmp/pytest-of-stev/pytest-295/test_invalid_baseline_is_termi0')
monkeypatch = <_pytest.monkeypatch.MonkeyPatch object at 0x7f247e420910>
admission = None, baseline = '{"x":NaN}'

    @pytest.mark.parametrize("baseline", ['{"x":NaN}', '{"x":1e400}', '{"x":1,"x":2}', '[]'])
    def test_invalid_baseline_is_terminal_and_raw_preserved(tmp_path, monkeypatch, admission, baseline):
        from scripts.local_replay_sandbox import probe_sandbox
        if not probe_sandbox().available:
            pytest.skip("required sandbox unavailable")
        script = f"print({baseline!r})\n"
>       directory = _prepare(tmp_path)
                    ^^^^^^^^^^^^^^^^^^

tests/test_bread_continuation.py:377: 
_ _ _ _ _ _ _ _ _ _ _ _ _ _ _ _ _ _ _ _ _ _ _ _ _ _ _ _ _ _ _ _ _ _ _ _ _ _ _ _ 
tests/test_bread_continuation.py:86: in _prepare
    result = continuation.prepare(continuation.ROOT if repo is None else repo, directory)
             ^^^^^^^^^^^^^^^^^^^^^^^^^^^^^^^^^^^^^^^^^^^^^^^^^^^^^^^^^^^^^^^^^^^^^^^^^^^^
scripts/run_bread_continuation.py:222: in prepare
    blobs = _blobs(repo, protocol, protocol_raw)
            ^^^^^^^^^^^^^^^^^^^^^^^^^^^^^^^^^^^^
scripts/run_bread_continuation.py:168: in _blobs
    blobs, _ = _parent(repo, protocol)
               ^^^^^^^^^^^^^^^^^^^^^^^
scripts/run_bread_continuation.py:129: in _parent
    verified = checkpoint.status(directory)
               ^^^^^^^^^^^^^^^^^^^^^^^^^^^^
scripts/run_prototype_checkpoint.py:310: in status
    state, plan = _load(directory)
                  ^^^^^^^^^^^^^^^^
_ _ _ _ _ _ _ _ _ _ _ _ _ _ _ _ _ _ _ _ _ _ _ _ _ _ _ _ _ _ _ _ _ _ _ _ _ _ _ _ 

directory = PosixPath('/home/stev/.codex/worktrees/publish-main/SpecOrganon/experiments/development/prototype_checkpoint_compatibility_2026-09-30/attempt')

    def _load(directory: Path) -> tuple[dict, dict]:
        state = _json(_read(directory / "run.json"))
        plan_raw = _read(directory / "plan.json")
        if state.get("plan") != _record(plan_raw):
            raise CheckpointError("plan changed")
        plan = _json(plan_raw)
        authority_path, authority_sha = _authority(plan.get("study_id", "D095"))
        if (plan["protocol_path"] != str(authority_path.resolve(strict=True))
                or plan["protocol_sha256"] != authority_sha):
>           raise CheckpointError("runtime protocol differs from the fixed study authority")
E           run_prototype_checkpoint.CheckpointError: runtime protocol differs from the fixed study authority

scripts/run_prototype_checkpoint.py:253: CheckpointError
_______ test_invalid_baseline_is_terminal_and_raw_preserved[{"x":1e400}] _______

tmp_path = PosixPath('/tmp/pytest-of-stev/pytest-295/test_invalid_baseline_is_termi1')
monkeypatch = <_pytest.monkeypatch.MonkeyPatch object at 0x7f247e613000>
admission = None, baseline = '{"x":1e400}'

    @pytest.mark.parametrize("baseline", ['{"x":NaN}', '{"x":1e400}', '{"x":1,"x":2}', '[]'])
    def test_invalid_baseline_is_terminal_and_raw_preserved(tmp_path, monkeypatch, admission, baseline):
        from scripts.local_replay_sandbox import probe_sandbox
        if not probe_sandbox().available:
            pytest.skip("required sandbox unavailable")
        script = f"print({baseline!r})\n"
>       directory = _prepare(tmp_path)
                    ^^^^^^^^^^^^^^^^^^

tests/test_bread_continuation.py:377: 
_ _ _ _ _ _ _ _ _ _ _ _ _ _ _ _ _ _ _ _ _ _ _ _ _ _ _ _ _ _ _ _ _ _ _ _ _ _ _ _ 
tests/test_bread_continuation.py:86: in _prepare
    result = continuation.prepare(continuation.ROOT if repo is None else repo, directory)
             ^^^^^^^^^^^^^^^^^^^^^^^^^^^^^^^^^^^^^^^^^^^^^^^^^^^^^^^^^^^^^^^^^^^^^^^^^^^^
scripts/run_bread_continuation.py:222: in prepare
    blobs = _blobs(repo, protocol, protocol_raw)
            ^^^^^^^^^^^^^^^^^^^^^^^^^^^^^^^^^^^^
scripts/run_bread_continuation.py:168: in _blobs
    blobs, _ = _parent(repo, protocol)
               ^^^^^^^^^^^^^^^^^^^^^^^
scripts/run_bread_continuation.py:129: in _parent
    verified = checkpoint.status(directory)
               ^^^^^^^^^^^^^^^^^^^^^^^^^^^^
scripts/run_prototype_checkpoint.py:310: in status
    state, plan = _load(directory)
                  ^^^^^^^^^^^^^^^^
_ _ _ _ _ _ _ _ _ _ _ _ _ _ _ _ _ _ _ _ _ _ _ _ _ _ _ _ _ _ _ _ _ _ _ _ _ _ _ _ 

directory = PosixPath('/home/stev/.codex/worktrees/publish-main/SpecOrganon/experiments/development/prototype_checkpoint_compatibility_2026-09-30/attempt')

    def _load(directory: Path) -> tuple[dict, dict]:
        state = _json(_read(directory / "run.json"))
        plan_raw = _read(directory / "plan.json")
        if state.get("plan") != _record(plan_raw):
            raise CheckpointError("plan changed")
        plan = _json(plan_raw)
        authority_path, authority_sha = _authority(plan.get("study_id", "D095"))
        if (plan["protocol_path"] != str(authority_path.resolve(strict=True))
                or plan["protocol_sha256"] != authority_sha):
>           raise CheckpointError("runtime protocol differs from the fixed study authority")
E           run_prototype_checkpoint.CheckpointError: runtime protocol differs from the fixed study authority

scripts/run_prototype_checkpoint.py:253: CheckpointError
______ test_invalid_baseline_is_terminal_and_raw_preserved[{"x":1,"x":2}] ______

tmp_path = PosixPath('/tmp/pytest-of-stev/pytest-295/test_invalid_baseline_is_termi2')
monkeypatch = <_pytest.monkeypatch.MonkeyPatch object at 0x7f247e611f60>
admission = None, baseline = '{"x":1,"x":2}'

    @pytest.mark.parametrize("baseline", ['{"x":NaN}', '{"x":1e400}', '{"x":1,"x":2}', '[]'])
    def test_invalid_baseline_is_terminal_and_raw_preserved(tmp_path, monkeypatch, admission, baseline):
        from scripts.local_replay_sandbox import probe_sandbox
        if not probe_sandbox().available:
            pytest.skip("required sandbox unavailable")
        script = f"print({baseline!r})\n"
>       directory = _prepare(tmp_path)
                    ^^^^^^^^^^^^^^^^^^

tests/test_bread_continuation.py:377: 
_ _ _ _ _ _ _ _ _ _ _ _ _ _ _ _ _ _ _ _ _ _ _ _ _ _ _ _ _ _ _ _ _ _ _ _ _ _ _ _ 
tests/test_bread_continuation.py:86: in _prepare
    result = continuation.prepare(continuation.ROOT if repo is None else repo, directory)
             ^^^^^^^^^^^^^^^^^^^^^^^^^^^^^^^^^^^^^^^^^^^^^^^^^^^^^^^^^^^^^^^^^^^^^^^^^^^^
scripts/run_bread_continuation.py:222: in prepare
    blobs = _blobs(repo, protocol, protocol_raw)
            ^^^^^^^^^^^^^^^^^^^^^^^^^^^^^^^^^^^^
scripts/run_bread_continuation.py:168: in _blobs
    blobs, _ = _parent(repo, protocol)
               ^^^^^^^^^^^^^^^^^^^^^^^
scripts/run_bread_continuation.py:129: in _parent
    verified = checkpoint.status(directory)
               ^^^^^^^^^^^^^^^^^^^^^^^^^^^^
scripts/run_prototype_checkpoint.py:310: in status
    state, plan = _load(directory)
                  ^^^^^^^^^^^^^^^^
_ _ _ _ _ _ _ _ _ _ _ _ _ _ _ _ _ _ _ _ _ _ _ _ _ _ _ _ _ _ _ _ _ _ _ _ _ _ _ _ 

directory = PosixPath('/home/stev/.codex/worktrees/publish-main/SpecOrganon/experiments/development/prototype_checkpoint_compatibility_2026-09-30/attempt')

    def _load(directory: Path) -> tuple[dict, dict]:
        state = _json(_read(directory / "run.json"))
        plan_raw = _read(directory / "plan.json")
        if state.get("plan") != _record(plan_raw):
            raise CheckpointError("plan changed")
        plan = _json(plan_raw)
        authority_path, authority_sha = _authority(plan.get("study_id", "D095"))
        if (plan["protocol_path"] != str(authority_path.resolve(strict=True))
                or plan["protocol_sha256"] != authority_sha):
>           raise CheckpointError("runtime protocol differs from the fixed study authority")
E           run_prototype_checkpoint.CheckpointError: runtime protocol differs from the fixed study authority

scripts/run_prototype_checkpoint.py:253: CheckpointError
___________ test_invalid_baseline_is_terminal_and_raw_preserved[[]] ____________

tmp_path = PosixPath('/tmp/pytest-of-stev/pytest-295/test_invalid_baseline_is_termi3')
monkeypatch = <_pytest.monkeypatch.MonkeyPatch object at 0x7f247e6e6190>
admission = None, baseline = '[]'

    @pytest.mark.parametrize("baseline", ['{"x":NaN}', '{"x":1e400}', '{"x":1,"x":2}', '[]'])
    def test_invalid_baseline_is_terminal_and_raw_preserved(tmp_path, monkeypatch, admission, baseline):
        from scripts.local_replay_sandbox import probe_sandbox
        if not probe_sandbox().available:
            pytest.skip("required sandbox unavailable")
        script = f"print({baseline!r})\n"
>       directory = _prepare(tmp_path)
                    ^^^^^^^^^^^^^^^^^^

tests/test_bread_continuation.py:377: 
_ _ _ _ _ _ _ _ _ _ _ _ _ _ _ _ _ _ _ _ _ _ _ _ _ _ _ _ _ _ _ _ _ _ _ _ _ _ _ _ 
tests/test_bread_continuation.py:86: in _prepare
    result = continuation.prepare(continuation.ROOT if repo is None else repo, directory)
             ^^^^^^^^^^^^^^^^^^^^^^^^^^^^^^^^^^^^^^^^^^^^^^^^^^^^^^^^^^^^^^^^^^^^^^^^^^^^
scripts/run_bread_continuation.py:222: in prepare
    blobs = _blobs(repo, protocol, protocol_raw)
            ^^^^^^^^^^^^^^^^^^^^^^^^^^^^^^^^^^^^
scripts/run_bread_continuation.py:168: in _blobs
    blobs, _ = _parent(repo, protocol)
               ^^^^^^^^^^^^^^^^^^^^^^^
scripts/run_bread_continuation.py:129: in _parent
    verified = checkpoint.status(directory)
               ^^^^^^^^^^^^^^^^^^^^^^^^^^^^
scripts/run_prototype_checkpoint.py:310: in status
    state, plan = _load(directory)
                  ^^^^^^^^^^^^^^^^
_ _ _ _ _ _ _ _ _ _ _ _ _ _ _ _ _ _ _ _ _ _ _ _ _ _ _ _ _ _ _ _ _ _ _ _ _ _ _ _ 

directory = PosixPath('/home/stev/.codex/worktrees/publish-main/SpecOrganon/experiments/development/prototype_checkpoint_compatibility_2026-09-30/attempt')

    def _load(directory: Path) -> tuple[dict, dict]:
        state = _json(_read(directory / "run.json"))
        plan_raw = _read(directory / "plan.json")
        if state.get("plan") != _record(plan_raw):
            raise CheckpointError("plan changed")
        plan = _json(plan_raw)
        authority_path, authority_sha = _authority(plan.get("study_id", "D095"))
        if (plan["protocol_path"] != str(authority_path.resolve(strict=True))
                or plan["protocol_sha256"] != authority_sha):
>           raise CheckpointError("runtime protocol differs from the fixed study authority")
E           run_prototype_checkpoint.CheckpointError: runtime protocol differs from the fixed study authority

scripts/run_prototype_checkpoint.py:253: CheckpointError
__________ test_replaying_marker_prevents_restart_after_interruption ___________

tmp_path = PosixPath('/tmp/pytest-of-stev/pytest-295/test_replaying_marker_prevents0')
monkeypatch = <_pytest.monkeypatch.MonkeyPatch object at 0x7f247e604de0>
admission = None

    def test_replaying_marker_prevents_restart_after_interruption(tmp_path, monkeypatch, admission):
>       directory = _prepare(tmp_path)
                    ^^^^^^^^^^^^^^^^^^

tests/test_bread_continuation.py:391: 
_ _ _ _ _ _ _ _ _ _ _ _ _ _ _ _ _ _ _ _ _ _ _ _ _ _ _ _ _ _ _ _ _ _ _ _ _ _ _ _ 
tests/test_bread_continuation.py:86: in _prepare
    result = continuation.prepare(continuation.ROOT if repo is None else repo, directory)
             ^^^^^^^^^^^^^^^^^^^^^^^^^^^^^^^^^^^^^^^^^^^^^^^^^^^^^^^^^^^^^^^^^^^^^^^^^^^^
scripts/run_bread_continuation.py:222: in prepare
    blobs = _blobs(repo, protocol, protocol_raw)
            ^^^^^^^^^^^^^^^^^^^^^^^^^^^^^^^^^^^^
scripts/run_bread_continuation.py:168: in _blobs
    blobs, _ = _parent(repo, protocol)
               ^^^^^^^^^^^^^^^^^^^^^^^
scripts/run_bread_continuation.py:129: in _parent
    verified = checkpoint.status(directory)
               ^^^^^^^^^^^^^^^^^^^^^^^^^^^^
scripts/run_prototype_checkpoint.py:310: in status
    state, plan = _load(directory)
                  ^^^^^^^^^^^^^^^^
_ _ _ _ _ _ _ _ _ _ _ _ _ _ _ _ _ _ _ _ _ _ _ _ _ _ _ _ _ _ _ _ _ _ _ _ _ _ _ _ 

directory = PosixPath('/home/stev/.codex/worktrees/publish-main/SpecOrganon/experiments/development/prototype_checkpoint_compatibility_2026-09-30/attempt')

    def _load(directory: Path) -> tuple[dict, dict]:
        state = _json(_read(directory / "run.json"))
        plan_raw = _read(directory / "plan.json")
        if state.get("plan") != _record(plan_raw):
            raise CheckpointError("plan changed")
        plan = _json(plan_raw)
        authority_path, authority_sha = _authority(plan.get("study_id", "D095"))
        if (plan["protocol_path"] != str(authority_path.resolve(strict=True))
                or plan["protocol_sha256"] != authority_sha):
>           raise CheckpointError("runtime protocol differs from the fixed study authority")
E           run_prototype_checkpoint.CheckpointError: runtime protocol differs from the fixed study authority

scripts/run_prototype_checkpoint.py:253: CheckpointError
_ test_real_sandbox_rejects_false_green_negative_and_blocks_second_evaluation __

tmp_path = PosixPath('/tmp/pytest-of-stev/pytest-295/test_real_sandbox_rejects_fals0')
monkeypatch = <_pytest.monkeypatch.MonkeyPatch object at 0x7f2480127bd0>

    def test_real_sandbox_rejects_false_green_negative_and_blocks_second_evaluation(tmp_path, monkeypatch):
        import run_bread_continuation as workflow
    
        monkeypatch.setattr(workflow, "status", lambda _: {"state": "replayed"})
        stage = tmp_path / "stage"
        stage.mkdir()
        inputs = stage / "input"
        inputs.mkdir()
        plan = json.loads(workflow.PLAN.read_text())
        for name, record in plan["source_files"].items():
            shutil.copyfile(ROOT / record["path"], inputs / name)
        (stage / "analysis.py").write_text('print(\'{"milling":{},"baking_energy":{},"survey":{}}\')\n')
        (stage / "metrics.json").write_text('{}\n')
>       result = evaluator.evaluate(stage)
                 ^^^^^^^^^^^^^^^^^^^^^^^^^

tests/test_bread_continuation_evaluate.py:77: 
_ _ _ _ _ _ _ _ _ _ _ _ _ _ _ _ _ _ _ _ _ _ _ _ _ _ _ _ _ _ _ _ _ _ _ _ _ _ _ _ 
experiments/development/bread_continuation_2026-09-30/evaluate.py:129: in evaluate
    write_roots=[], runtime_roots=(*default_python_runtime_roots(), Path("/usr/bin/python3.12").resolve(strict=True)),
                                                                    ^^^^^^^^^^^^^^^^^^^^^^^^^^^^^^^^^^^^^^^^^^^^^^^^
/home/stev/.local/share/uv/python/cpython-3.13.14-linux-x86_64-gnu/lib/python3.13/pathlib/_local.py:670: in resolve
    return self.with_segments(os.path.realpath(self, strict=strict))
                              ^^^^^^^^^^^^^^^^^^^^^^^^^^^^^^^^^^^^^
_ _ _ _ _ _ _ _ _ _ _ _ _ _ _ _ _ _ _ _ _ _ _ _ _ _ _ _ _ _ _ _ _ _ _ _ _ _ _ _ 

filename = '/usr/bin/python3.12', strict = True

>   ???
E   FileNotFoundError: [Errno 2] No such file or directory: '/usr/bin/python3.12'

<frozen posixpath>:451: FileNotFoundError
___ test_changed_archived_claim_after_documentary_prepare_is_not_republished ___

tmp_path = PosixPath('/tmp/pytest-of-stev/pytest-295/test_changed_archived_claim_af0')
monkeypatch = <_pytest.monkeypatch.MonkeyPatch object at 0x7f247e706510>

    def test_changed_archived_claim_after_documentary_prepare_is_not_republished(tmp_path, monkeypatch):
        real_prepare = prospectus.base.prepare
    
        def prepare_then_alter(repo, directory, *args, **kwargs):
            result = real_prepare(repo, directory, *args, **kwargs)
            claims_path = directory / "case/source_claims.json"
            claims = _json(claims_path)
            next(claim for claim in claims["claims"] if claim["key"] == "piece_mass")["value"] = 737
            claims_path.write_text(json.dumps(claims), encoding="utf-8")
            return result
    
        monkeypatch.setattr(prospectus.base, "prepare", prepare_then_alter)
        directory = tmp_path / "changed-source-packet"
        with pytest.raises(prospectus.base.RecipeError):
            prospectus.prepare(directory)
        assert not list(directory.rglob("organon.json"))
>       assert _json(directory / "binding.json")["study_id"] == "D101"
               ^^^^^^^^^^^^^^^^^^^^^^^^^^^^^^^^^

tests/test_bread_prospectus.py:186: 
_ _ _ _ _ _ _ _ _ _ _ _ _ _ _ _ _ _ _ _ _ _ _ _ _ _ _ _ _ _ _ _ _ _ _ _ _ _ _ _ 
tests/test_bread_prospectus.py:23: in _json
    return json.loads(path.read_bytes())
                      ^^^^^^^^^^^^^^^^^
/home/stev/.local/share/uv/python/cpython-3.13.14-linux-x86_64-gnu/lib/python3.13/pathlib/_abc.py:625: in read_bytes
    with self.open(mode='rb') as f:
         ^^^^^^^^^^^^^^^^^^^^
_ _ _ _ _ _ _ _ _ _ _ _ _ _ _ _ _ _ _ _ _ _ _ _ _ _ _ _ _ _ _ _ _ _ _ _ _ _ _ _ 

self = PosixPath('/tmp/pytest-of-stev/pytest-295/test_changed_archived_claim_af0/changed-source-packet/binding.json')
mode = 'rb', buffering = -1, encoding = None, errors = None, newline = None

    def open(self, mode='r', buffering=-1, encoding=None,
             errors=None, newline=None):
        """
        Open the file pointed to by this path and return a file object, as
        the built-in open() function does.
        """
        if "b" not in mode:
            encoding = io.text_encoding(encoding)
>       return io.open(self, mode, buffering, encoding, errors, newline)
               ^^^^^^^^^^^^^^^^^^^^^^^^^^^^^^^^^^^^^^^^^^^^^^^^^^^^^^^^^
E       FileNotFoundError: [Errno 2] No such file or directory: '/tmp/pytest-of-stev/pytest-295/test_changed_archived_claim_af0/changed-source-packet/binding.json'

/home/stev/.local/share/uv/python/cpython-3.13.14-linux-x86_64-gnu/lib/python3.13/pathlib/_local.py:537: FileNotFoundError
_______ test_new_prospectus_preserves_separate_original_d101_preparation _______

repo = PosixPath('/home/stev/.codex/worktrees/publish-main/SpecOrganon')
directory = PosixPath('/tmp/pytest-of-stev/pytest-295/test_new_prospectus_preserves_0/original-d101')
claims_path = None, table_path = None

    def prepare(repo: Path, directory: Path, claims_path: Path | None = None,
                table_path: Path | None = None) -> dict:
        directory = directory.absolute()
        if directory.exists():
            raise RecipeError("recipe destination must be new")
        directory.mkdir(parents=True)
        case = directory / "case"
        case.mkdir()
        (directory / "public_keys.json").write_bytes(_render({"schema": 2, "cases": {}}))
        source = repo / "cases/bread_norway"
        files = {
            "source_claims.json": claims_path or repo / "cases/bread_development/source_claims.json",
            "survey_table1.json": table_path or source / "survey_table1.json",
            "source_lca.pdf": source / "source_lca.pdf", "source_survey.pdf": source / "source_survey.pdf",
            "audit_contract.json": auditor.CONTRACT,
        }
        for name, path in files.items():
            (case / name).write_bytes(_raw(path))
        try:
>           report = auditor.audit_bread_sources(case / "source_claims.json", case / "survey_table1.json", case)
                     ^^^^^^^^^^^^^^^^^^^^^^^^^^^^^^^^^^^^^^^^^^^^^^^^^^^^^^^^^^^^^^^^^^^^^^^^^^^^^^^^^^^^^^^^^^^

scripts/run_audited_bread_recipe.py:179: 
_ _ _ _ _ _ _ _ _ _ _ _ _ _ _ _ _ _ _ _ _ _ _ _ _ _ _ _ _ _ _ _ _ _ _ _ _ _ _ _ 
scripts/audit_bread_sources.py:143: in audit_bread_sources
    name: read_pdf_pages(pdf_root / identity["visible_file"],
src/specorganon/source_passages.py:147: in read_pdf_pages
    with _sealed_extractor(extractor) as (executable, fd), tempfile.TemporaryDirectory(
         ^^^^^^^^^^^^^^^^^^^^^^^^^^^^
/home/stev/.local/share/uv/python/cpython-3.13.14-linux-x86_64-gnu/lib/python3.13/contextlib.py:141: in __enter__
    return next(self.gen)
           ^^^^^^^^^^^^^^
_ _ _ _ _ _ _ _ _ _ _ _ _ _ _ _ _ _ _ _ _ _ _ _ _ _ _ _ _ _ _ _ _ _ _ _ _ _ _ _ 

spec = ExtractorSpec(path=PosixPath('/usr/bin/pdftotext'), sha256='0fb98ea179e19154a90202608c164f2a319b79f16576fa6534b2d601033565e7')

    @contextmanager
    def _sealed_extractor(spec: ExtractorSpec):
        """Execute the verified binary bytes, without a second path lookup."""
        if not all(hasattr(os, name) for name in ("memfd_create", "MFD_CLOEXEC", "MFD_ALLOW_SEALING")):
            raise SourceAuditError("runtime lacks sealed memfd extractor support")
        if (not spec.path.is_absolute()
                or re.fullmatch(r"[0-9a-f]{64}", spec.sha256) is None):
            raise SourceAuditError("extractor needs an absolute path and reviewed digest")
        sealed = None
        try:
            fd = os.open(spec.path, os.O_RDONLY | os.O_NOFOLLOW | os.O_NONBLOCK)
            with os.fdopen(fd, "rb") as stream:
                info = os.fstat(stream.fileno())
                if not stat.S_ISREG(info.st_mode) or not 0 < info.st_size <= 20_000_000:
                    raise SourceAuditError("extractor is not a bounded regular file")
                raw = stream.read(20_000_001)
            if hashlib.sha256(raw).hexdigest() != spec.sha256:
>               raise SourceAuditError("extractor bytes differ from reviewed digest")
E               specorganon.source_passages.SourceAuditError: extractor bytes differ from reviewed digest

src/specorganon/source_passages.py:110: SourceAuditError

The above exception was the direct cause of the following exception:

tmp_path = PosixPath('/tmp/pytest-of-stev/pytest-295/test_new_prospectus_preserves_0')

    def test_new_prospectus_preserves_separate_original_d101_preparation(tmp_path):
        original = tmp_path / "original-d101"
>       prospectus.base.prepare(ROOT, original)

tests/test_bread_prospectus.py:193: 
_ _ _ _ _ _ _ _ _ _ _ _ _ _ _ _ _ _ _ _ _ _ _ _ _ _ _ _ _ _ _ _ _ _ _ _ _ _ _ _ 

repo = PosixPath('/home/stev/.codex/worktrees/publish-main/SpecOrganon')
directory = PosixPath('/tmp/pytest-of-stev/pytest-295/test_new_prospectus_preserves_0/original-d101')
claims_path = None, table_path = None

    def prepare(repo: Path, directory: Path, claims_path: Path | None = None,
                table_path: Path | None = None) -> dict:
        directory = directory.absolute()
        if directory.exists():
            raise RecipeError("recipe destination must be new")
        directory.mkdir(parents=True)
        case = directory / "case"
        case.mkdir()
        (directory / "public_keys.json").write_bytes(_render({"schema": 2, "cases": {}}))
        source = repo / "cases/bread_norway"
        files = {
            "source_claims.json": claims_path or repo / "cases/bread_development/source_claims.json",
            "survey_table1.json": table_path or source / "survey_table1.json",
            "source_lca.pdf": source / "source_lca.pdf", "source_survey.pdf": source / "source_survey.pdf",
            "audit_contract.json": auditor.CONTRACT,
        }
        for name, path in files.items():
            (case / name).write_bytes(_raw(path))
        try:
            report = auditor.audit_bread_sources(case / "source_claims.json", case / "survey_table1.json", case)
        except auditor.SourceAuditError as exc:
            (directory / "precondition_rejection.json").write_bytes(_render({"state": "rejected", "reason": str(exc), "ledger_created": False}))
>           raise RecipeError(f"source precondition rejected: {exc}") from exc
E           scripts.run_audited_bread_recipe.RecipeError: source precondition rejected: extractor bytes differ from reviewed digest

scripts/run_audited_bread_recipe.py:182: RecipeError
=========================== short test summary info ============================
FAILED tests/test_audit_bread_sources.py::test_real_archives_and_reserialized_transcriptions_are_verified
FAILED tests/test_audit_bread_sources.py::test_path_shim_cannot_change_numeric_audit_outcome
FAILED tests/test_audit_bread_sources.py::test_cli_positive_creates_explicit_json_result
FAILED tests/test_bread_continuation.py::test_prepare_and_generation_exact_outputs_without_automatic_execution
FAILED tests/test_bread_continuation.py::test_real_reviewed_sealed_baseline_and_no_repetition
FAILED tests/test_bread_continuation.py::test_real_sandbox_replay_cannot_create_files_network_or_descendants
FAILED tests/test_bread_continuation.py::test_failed_generation_retains_raw_trace_and_forbids_retry[tool]
FAILED tests/test_bread_continuation.py::test_failed_generation_retains_raw_trace_and_forbids_retry[unknown_item]
FAILED tests/test_bread_continuation.py::test_failed_generation_retains_raw_trace_and_forbids_retry[error]
FAILED tests/test_bread_continuation.py::test_failed_generation_retains_raw_trace_and_forbids_retry[zero]
FAILED tests/test_bread_continuation.py::test_failed_generation_retains_raw_trace_and_forbids_retry[incoherent]
FAILED tests/test_bread_continuation.py::test_failed_generation_retains_raw_trace_and_forbids_retry[exit]
FAILED tests/test_bread_continuation.py::test_failed_generation_retains_raw_trace_and_forbids_retry[api_key]
FAILED tests/test_bread_continuation.py::test_real_model_capture_timeout_preserves_partial
FAILED tests/test_bread_continuation.py::test_large_failed_stream_is_hashed_with_no_relaunch
FAILED tests/test_bread_continuation.py::test_bad_proposal_not_repaired_or_published[extra]
FAILED tests/test_bread_continuation.py::test_bad_proposal_not_repaired_or_published[type]
FAILED tests/test_bread_continuation.py::test_bad_proposal_not_repaired_or_published[sources_array]
FAILED tests/test_bread_continuation.py::test_bad_proposal_not_repaired_or_published[sources_duplicate]
FAILED tests/test_bread_continuation.py::test_bad_proposal_not_repaired_or_published[sources_nonfinite]
FAILED tests/test_bread_continuation.py::test_bad_proposal_not_repaired_or_published[script_large]
FAILED tests/test_bread_continuation.py::test_bad_proposal_not_repaired_or_published[sources_large]
FAILED tests/test_bread_continuation.py::test_bad_proposal_not_repaired_or_published[report_large]
FAILED tests/test_bread_continuation.py::test_shared_protocol_admission_blocks_second_destination
FAILED tests/test_bread_continuation.py::test_mutated_input_or_output_pin_is_rejected[input/source_lca.txt]
FAILED tests/test_bread_continuation.py::test_mutated_input_or_output_pin_is_rejected[input/prototype_case.json]
FAILED tests/test_bread_continuation.py::test_mutated_input_or_output_pin_is_rejected[prompt.txt]
FAILED tests/test_bread_continuation.py::test_mutated_input_or_output_pin_is_rejected[schema.json]
FAILED tests/test_bread_continuation.py::test_mutated_input_or_output_pin_is_rejected[analysis.py]
FAILED tests/test_bread_continuation.py::test_mutated_input_or_output_pin_is_rejected[sources.json]
FAILED tests/test_bread_continuation.py::test_mutated_input_or_output_pin_is_rejected[report.md]
FAILED tests/test_bread_continuation.py::test_mutated_input_or_output_pin_is_rejected[model.stdout.jsonl]
FAILED tests/test_bread_continuation.py::test_changed_source_rejected_before_new_directory
FAILED tests/test_bread_continuation.py::test_parent_changes_rejected_without_touching_original
FAILED tests/test_bread_continuation.py::test_coherent_runtime_plan_mutation_cannot_authorize_change[override]
FAILED tests/test_bread_continuation.py::test_coherent_runtime_plan_mutation_cannot_authorize_change[config]
FAILED tests/test_bread_continuation.py::test_coherent_runtime_plan_mutation_cannot_authorize_change[remove_input_pin]
FAILED tests/test_bread_continuation.py::test_invalid_baseline_is_terminal_and_raw_preserved[{"x":NaN}]
FAILED tests/test_bread_continuation.py::test_invalid_baseline_is_terminal_and_raw_preserved[{"x":1e400}]
FAILED tests/test_bread_continuation.py::test_invalid_baseline_is_terminal_and_raw_preserved[{"x":1,"x":2}]
FAILED tests/test_bread_continuation.py::test_invalid_baseline_is_terminal_and_raw_preserved[[]]
FAILED tests/test_bread_continuation.py::test_replaying_marker_prevents_restart_after_interruption
FAILED tests/test_bread_continuation_evaluate.py::test_real_sandbox_rejects_false_green_negative_and_blocks_second_evaluation
FAILED tests/test_bread_prospectus.py::test_changed_archived_claim_after_documentary_prepare_is_not_republished
FAILED tests/test_bread_prospectus.py::test_new_prospectus_preserves_separate_original_d101_preparation
ERROR tests/test_audited_bread_recipe.py::test_prepare_preserves_audited_inputs_without_creating_a_ledger
ERROR tests/test_audited_bread_recipe.py::test_archived_input_tamper_is_rejected_before_execute[source_claims.json]
ERROR tests/test_audited_bread_recipe.py::test_archived_input_tamper_is_rejected_before_execute[survey_table1.json]
ERROR tests/test_audited_bread_recipe.py::test_archived_input_tamper_is_rejected_before_execute[source_lca.pdf]
ERROR tests/test_audited_bread_recipe.py::test_archived_input_tamper_is_rejected_before_execute[source_survey.pdf]
ERROR tests/test_audited_bread_recipe.py::test_archived_input_tamper_is_rejected_before_execute[audit_contract.json]
ERROR tests/test_audited_bread_recipe.py::test_archived_input_tamper_is_rejected_before_execute[audit_report.json]
ERROR tests/test_audited_bread_recipe.py::test_forged_passed_report_and_coherent_hashes_cannot_bypass_fresh_audit[value-737]
ERROR tests/test_audited_bread_recipe.py::test_forged_passed_report_and_coherent_hashes_cannot_bypass_fresh_audit[unit-kg/piece]
ERROR tests/test_audited_bread_recipe.py::test_forged_passed_report_and_coherent_hashes_cannot_bypass_fresh_audit[base-Per household per day]
ERROR tests/test_audited_bread_recipe.py::test_forged_passed_report_and_coherent_hashes_cannot_bypass_fresh_audit[provenance-field_observation]
ERROR tests/test_audited_bread_recipe.py::test_forged_audit_receipt_with_coherent_manifest_is_compared_to_new_extraction
ERROR tests/test_audited_bread_recipe.py::test_coherent_forged_survey_rows_are_reextracted_before_publication
ERROR tests/test_audited_bread_recipe.py::test_binding_cannot_overstate_coverage_or_change_pending_signed_contract[coverage-value0]
ERROR tests/test_audited_bread_recipe.py::test_binding_cannot_overstate_coverage_or_change_pending_signed_contract[approval_policy-fixture]
ERROR tests/test_audited_bread_recipe.py::test_binding_cannot_overstate_coverage_or_change_pending_signed_contract[phase_advances-1]
ERROR tests/test_audited_bread_recipe.py::test_binding_cannot_overstate_coverage_or_change_pending_signed_contract[human_approvals-1]
ERROR tests/test_audited_bread_recipe.py::test_equal_bytes_through_symlink_are_rejected[case/source_lca.pdf]
ERROR tests/test_audited_bread_recipe.py::test_equal_bytes_through_symlink_are_rejected[case/source_claims.json]
ERROR tests/test_audited_bread_recipe.py::test_equal_bytes_through_symlink_are_rejected[case/audit_report.json]
ERROR tests/test_audited_bread_recipe.py::test_equal_bytes_through_symlink_are_rejected[manifest.json]
ERROR tests/test_audited_bread_recipe.py::test_equal_bytes_through_symlink_are_rejected[binding.json]
ERROR tests/test_audited_bread_recipe.py::test_manifest_override_cannot_publish_an_unaudited_number
ERROR tests/test_audited_bread_recipe.py::test_real_cli_recipe_is_pending_and_restart_writes_zero_events
ERROR tests/test_audited_bread_recipe.py::test_cli_uses_sealed_audited_manifest_when_disk_manifest_changes_at_launch
ERROR tests/test_audited_bread_recipe.py::test_item_review_in_partial_checkpoint_requires_explicit_recipe_revision[accept]
ERROR tests/test_audited_bread_recipe.py::test_item_review_in_partial_checkpoint_requires_explicit_recipe_revision[reject]
ERROR tests/test_audited_bread_recipe.py::test_checkpoint_project_identity_must_match_signed_recipe[approval_policy-fixture]
ERROR tests/test_audited_bread_recipe.py::test_checkpoint_project_identity_must_match_signed_recipe[title-Different documentary case]
ERROR tests/test_audited_bread_recipe.py::test_checkpoint_project_identity_must_match_signed_recipe[domain-fixture]
ERROR tests/test_audited_bread_recipe.py::test_checkpoint_project_identity_must_match_signed_recipe[actor-agent:different_controller]
ERROR tests/test_audited_bread_recipe.py::test_checkpoint_project_identity_must_match_signed_recipe[test_gate_policy-signed_observed]
ERROR tests/test_audited_bread_recipe.py::test_transport_response_without_actual_ledger_cannot_claim_publication[reported0]
ERROR tests/test_audited_bread_recipe.py::test_transport_response_without_actual_ledger_cannot_claim_publication[reported1]
ERROR tests/test_audited_bread_recipe.py::test_archive_changed_at_run_leaves_retained_negative_checkpoint
ERROR tests/test_audited_bread_recipe.py::test_engine_source_invalidity_reaches_actual_dependents[source_lca.pdf]
ERROR tests/test_audited_bread_recipe.py::test_engine_source_invalidity_reaches_actual_dependents[source_survey.pdf]
ERROR tests/test_audited_bread_recipe.py::test_engine_source_invalidity_reaches_actual_dependents[survey_table1.json]
ERROR tests/test_audited_bread_recipe.py::test_revised_checkpoint_is_rejected_without_overwrite
ERROR tests/test_bread_prospectus.py::test_real_d100_sources_prepare_closed_new_pending_prospectus
ERROR tests/test_bread_prospectus.py::test_documentary_normalization_keeps_units_and_does_not_become_an_observed_lot
ERROR tests/test_bread_prospectus.py::test_example_arithmetic_is_incremental_balanced_and_dry_pending
ERROR tests/test_bread_prospectus.py::test_real_engine_accepts_all_puts_as_pending_and_requirements_trace_sources
!!!!!!!!!!!!!!!!!!!!!!!!!!!!!! KeyboardInterrupt !!!!!!!!!!!!!!!!!!!!!!!!!!!!!!!
/home/stev/.local/share/uv/python/cpython-3.13.14-linux-x86_64-gnu/lib/python3.13/json/encoder.py:263: KeyboardInterrupt
(to show a full traceback on KeyboardInterrupt use --full-trace)
45 failed, 696 passed, 43 errors, 13 subtests passed in 216.66s (0:03:36)
