.................................................................... [  1%]
........................................................................ [  3%]
........................................................................ [  5%]
........................................................................ [  7%]
.....................................................................F.. [  9%]
........................................................................ [ 10%]
........................................................................ [ 12%]
........................................................................ [ 14%]
..........................................................FF.......FFFFF [ 16%]
FF............................................................. [ 17%]
........................................................................ [ 19%]
........................................................................ [ 21%]
..........................................F............................. [ 23%]
........................................................................ [ 25%]
s....................................................................... [ 27%]
....................FFFFFFF..FF
=================================== FAILURES ===================================
_____________ test_six_fake_cli_runs_are_observed_as_one_local_set _____________

tmp_path = PosixPath('/runs/pytest/test_six_fake_cli_runs_are_obs0')
monkeypatch = <_pytest.monkeypatch.MonkeyPatch object at 0x7fb6a3756990>

>   ???

/datos/workspaces/personal/SpecOrganon/tests/test_audit_development_triplet.py:389: 
_ _ _ _ _ _ _ _ _ _ _ _ _ _ _ _ _ _ _ _ _ _ _ _ _ _ _ _ _ _ _ _ _ _ _ _ _ _ _ _ 

arm = 'T', provider = 'codex', model = 'test-model', effort = 'medium'
output_root = PosixPath('/runs/pytest/test_six_fake_cli_runs_are_obs0/runs')
timeout_seconds = 10, replay_timeout_seconds = 90, setup_timeout_seconds = 180
toolkit_wheel = PosixPath('/runs/pytest/test_six_fake_cli_runs_are_obs0/asset-root/dist/specorganon-0.1.0-py3-none-any.whl')
active_budget_seconds = 37, agy_no_command_tool = False
pilot_triplet_plan = PosixPath('/runs/pytest/test_six_fake_cli_runs_are_obs0/plan.json')
pilot_triplet_plan_sha256 = '07ced687181acdb70918002220e6816391debd723b68c6f6566e56bf02b8b5fa'
activation_dossier = PosixPath('/runs/pytest/test_six_fake_cli_runs_are_obs0/activation.json')
activation_dossier_sha256 = 'f1d6b24e277c959711c767dd061b1a0e791ab85f83a63767bf39699a008d103a'
family_slot = 'A'

    def run_development_arm(
        *, arm: str, provider: str, model: str, effort: str, output_root: Path,
        timeout_seconds: int = 600, replay_timeout_seconds: int = 90,
        setup_timeout_seconds: int = 180, toolkit_wheel: Path | None = None,
        active_budget_seconds: int = MAX_ACTIVE_BUDGET_SECONDS,
        agy_no_command_tool: bool = False,
        pilot_triplet_plan: Path | None = None, pilot_triplet_plan_sha256: str | None = None,
        activation_dossier: Path | None = None, activation_dossier_sha256: str | None = None,
        family_slot: str | None = None,
    ) -> tuple[Path, dict[str, Any]]:
        """Execute one exposed arm; a pilot plan binds requested local configuration only."""
        started_monotonic = time.monotonic()
        budget_started_at_utc = _utc_now()
        _validate_arm_request(arm, provider, model, effort, timeout_seconds,
                              replay_timeout_seconds, setup_timeout_seconds,
                              agy_no_command_tool, active_budget_seconds)
        active_deadline = started_monotonic + active_budget_seconds
        pilot_options = (pilot_triplet_plan, pilot_triplet_plan_sha256, activation_dossier,
                         activation_dossier_sha256, family_slot)
        if any(option is not None for option in pilot_options) and not all(
            option is not None for option in pilot_options
        ):
            raise RunError("pilot triplet mode requires plan, plan SHA-256, dossier, dossier SHA-256 and family slot")
        pilot_preflight: tuple[bytes, bytes, dict[str, str], dict[str, Any]] | None = None
        if pilot_triplet_plan is not None:
            assert pilot_triplet_plan_sha256 is not None and activation_dossier is not None
            assert activation_dossier_sha256 is not None and family_slot is not None
            pilot_triplet_plan = pilot_triplet_plan.expanduser()
            activation_dossier = activation_dossier.expanduser()
            pilot_preflight = _pilot_triplet_preflight(
                pilot_triplet_plan, pilot_triplet_plan_sha256,
                activation_dossier, activation_dossier_sha256,
                family_slot, arm, provider, model, effort, active_budget_seconds, toolkit_wheel,
                agy_no_command_tool,
            )
        executable = shutil.which(provider)
        if executable is None:
            raise RunError(f"{provider} executable is unavailable")
        if arm == "T" and (toolkit_wheel is None or not _regular_file(toolkit_wheel)):
            raise RunError("T requires a real toolkit wheel; no model call was made")
        tracer = _system_strace() if arm == "T" else None
        if arm == "T" and tracer is None:
>           raise RunError("T requires an available strace executable for local tool observation")
E           run_development_arm.RunError: T requires an available strace executable for local tool observation

scripts/run_development_arm.py:1819: RunError
________ test_real_cli_recipe_is_pending_and_restart_writes_zero_events ________

prepared = (PosixPath('/runs/pytest/test_real_cli_recipe_is_pendin0/trial'), {'state': 'prepared', 'coverage': {'published_numeric_claims': 17, 'audited_archived_survey_rows': 7}, 'manifest_steps': 37, 'ledger_created': False, ...})

>   ???

/datos/workspaces/personal/SpecOrganon/tests/test_audited_bread_recipe.py:277: 
_ _ _ _ _ _ _ _ _ _ _ _ _ _ _ _ _ _ _ _ _ _ _ _ _ _ _ _ _ _ _ _ _ _ _ _ _ _ _ _ 
/usr/lib/python3.12/asyncio/runners.py:194: in run
    return runner.run(main)
           ^^^^^^^^^^^^^^^^
/usr/lib/python3.12/asyncio/runners.py:118: in run
    return self._loop.run_until_complete(task)
           ^^^^^^^^^^^^^^^^^^^^^^^^^^^^^^^^^^^
/usr/lib/python3.12/asyncio/base_events.py:687: in run_until_complete
    return future.result()
           ^^^^^^^^^^^^^^^
scripts/run_audited_bread_recipe.py:291: in execute
    _cli(cli, "init", case, "--title", kwargs["title"], "--domain", "food", "--actor", ACTOR, "--approval-policy", "signed")
scripts/run_audited_bread_recipe.py:273: in _cli
    result = subprocess.run([str(executable), *args], capture_output=True, text=True,
/usr/lib/python3.12/subprocess.py:548: in run
    with Popen(*popenargs, **kwargs) as process:
         ^^^^^^^^^^^^^^^^^^^^^^^^^^^
/usr/lib/python3.12/subprocess.py:1026: in __init__
    self._execute_child(args, executable, preexec_fn, close_fds,
_ _ _ _ _ _ _ _ _ _ _ _ _ _ _ _ _ _ _ _ _ _ _ _ _ _ _ _ _ _ _ _ _ _ _ _ _ _ _ _ 

self = <Popen: returncode: 255 args: ['/workspace/SpecOrganon/.venv/bin/organon', '...>
args = ['/workspace/SpecOrganon/.venv/bin/organon', 'init', '/runs/pytest/test_real_cli_recipe_is_pendin0/trial/case', '--title', 'D101 source-audited bread documentary case', '--domain', ...]
executable = b'/workspace/SpecOrganon/.venv/bin/organon', preexec_fn = None
close_fds = True, pass_fds = (), cwd = None, env = None, startupinfo = None
creationflags = 0, shell = False, p2cread = -1, p2cwrite = -1, c2pread = 14
c2pwrite = 15, errread = 16, errwrite = 17, restore_signals = True, gid = None
gids = None, uid = None, umask = -1, start_new_session = False
process_group = -1

    def _execute_child(self, args, executable, preexec_fn, close_fds,
                       pass_fds, cwd, env,
                       startupinfo, creationflags, shell,
                       p2cread, p2cwrite,
                       c2pread, c2pwrite,
                       errread, errwrite,
                       restore_signals,
                       gid, gids, uid, umask,
                       start_new_session, process_group):
        """Execute program (POSIX version)"""
    
        if isinstance(args, (str, bytes)):
            args = [args]
        elif isinstance(args, os.PathLike):
            if shell:
                raise TypeError('path-like args is not allowed when '
                                'shell is true')
            args = [args]
        else:
            args = list(args)
    
        if shell:
            # On Android the default shell is at '/system/bin/sh'.
            unix_shell = ('/system/bin/sh' if
                      hasattr(sys, 'getandroidapilevel') else '/bin/sh')
            args = [unix_shell, "-c"] + args
            if executable:
                args[0] = executable
    
        if executable is None:
            executable = args[0]
    
        sys.audit("subprocess.Popen", executable, args, cwd, env)
    
        if (_USE_POSIX_SPAWN
                and os.path.dirname(executable)
                and preexec_fn is None
                and not close_fds
                and not pass_fds
                and cwd is None
                and (p2cread == -1 or p2cread > 2)
                and (c2pwrite == -1 or c2pwrite > 2)
                and (errwrite == -1 or errwrite > 2)
                and not start_new_session
                and process_group == -1
                and gid is None
                and gids is None
                and uid is None
                and umask < 0):
            self._posix_spawn(args, executable, env, restore_signals,
                              p2cread, p2cwrite,
                              c2pread, c2pwrite,
                              errread, errwrite)
            return
    
        orig_executable = executable
    
        # For transferring possible exec failure from child to parent.
        # Data format: "exception name:hex errno:description"
        # Pickle is not used; it is complex and involves memory allocation.
        errpipe_read, errpipe_write = os.pipe()
        # errpipe_write must not be in the standard io 0, 1, or 2 fd range.
        low_fds_to_close = []
        while errpipe_write < 3:
            low_fds_to_close.append(errpipe_write)
            errpipe_write = os.dup(errpipe_write)
        for low_fd in low_fds_to_close:
            os.close(low_fd)
        try:
            try:
                # We must avoid complex work that could involve
                # malloc or free in the child process to avoid
                # potential deadlocks, thus we do all this here.
                # and pass it to fork_exec()
    
                if env is not None:
                    env_list = []
                    for k, v in env.items():
                        k = os.fsencode(k)
                        if b'=' in k:
                            raise ValueError("illegal environment variable name")
                        env_list.append(k + b'=' + os.fsencode(v))
                else:
                    env_list = None  # Use execv instead of execve.
                executable = os.fsencode(executable)
                if os.path.dirname(executable):
                    executable_list = (executable,)
                else:
                    # This matches the behavior of os._execvpe().
                    executable_list = tuple(
                        os.path.join(os.fsencode(dir), executable)
                        for dir in os.get_exec_path(env))
                fds_to_keep = set(pass_fds)
                fds_to_keep.add(errpipe_write)
                self.pid = _fork_exec(
                        args, executable_list,
                        close_fds, tuple(sorted(map(int, fds_to_keep))),
                        cwd, env_list,
                        p2cread, p2cwrite, c2pread, c2pwrite,
                        errread, errwrite,
                        errpipe_read, errpipe_write,
                        restore_signals, start_new_session,
                        process_group, gid, gids, uid, umask,
                        preexec_fn, _USE_VFORK)
                self._child_created = True
            finally:
                # be sure the FD is closed no matter what
                os.close(errpipe_write)
    
            self._close_pipe_fds(p2cread, p2cwrite,
                                 c2pread, c2pwrite,
                                 errread, errwrite)
    
            # Wait for exec to fail or succeed; possibly raising an
            # exception (limited in size)
            errpipe_data = bytearray()
            while True:
                part = os.read(errpipe_read, 50000)
                errpipe_data += part
                if not part or len(errpipe_data) > 50000:
                    break
        finally:
            # be sure the FD is closed no matter what
            os.close(errpipe_read)
    
        if errpipe_data:
            try:
                pid, sts = os.waitpid(self.pid, 0)
                if pid == self.pid:
                    self._handle_exitstatus(sts)
                else:
                    self.returncode = sys.maxsize
            except ChildProcessError:
                pass
    
            try:
                exception_name, hex_errno, err_msg = (
                        errpipe_data.split(b':', 2))
                # The encoding here should match the encoding
                # written in by the subprocess implementations
                # like _posixsubprocess
                err_msg = err_msg.decode()
            except ValueError:
                exception_name = b'SubprocessError'
                hex_errno = b'0'
                err_msg = 'Bad exception data from child: {!r}'.format(
                              bytes(errpipe_data))
            child_exception_type = getattr(
                    builtins, exception_name.decode('ascii'),
                    SubprocessError)
            if issubclass(child_exception_type, OSError) and hex_errno:
                errno_num = int(hex_errno, 16)
                if err_msg == "noexec:chdir":
                    err_msg = ""
                    # The error must be from chdir(cwd).
                    err_filename = cwd
                elif err_msg == "noexec":
                    err_msg = ""
                    err_filename = None
                else:
                    err_filename = orig_executable
                if errno_num != 0:
                    err_msg = os.strerror(errno_num)
                if err_filename is not None:
>                   raise child_exception_type(errno_num, err_msg, err_filename)
E                   FileNotFoundError: [Errno 2] No such file or directory: '/workspace/SpecOrganon/.venv/bin/organon'

/usr/lib/python3.12/subprocess.py:1955: FileNotFoundError
__ test_cli_uses_sealed_audited_manifest_when_disk_manifest_changes_at_launch __

prepared = (PosixPath('/runs/pytest/test_cli_uses_sealed_audited_m0/trial'), {'state': 'prepared', 'coverage': {'published_numeric_claims': 17, 'audited_archived_survey_rows': 7}, 'manifest_steps': 37, 'ledger_created': False, ...})
monkeypatch = <_pytest.monkeypatch.MonkeyPatch object at 0x7fb6a39d9fa0>

>   ???

/datos/workspaces/personal/SpecOrganon/tests/test_audited_bread_recipe.py:333: 
_ _ _ _ _ _ _ _ _ _ _ _ _ _ _ _ _ _ _ _ _ _ _ _ _ _ _ _ _ _ _ _ _ _ _ _ _ _ _ _ 
/usr/lib/python3.12/asyncio/runners.py:194: in run
    return runner.run(main)
           ^^^^^^^^^^^^^^^^
/usr/lib/python3.12/asyncio/runners.py:118: in run
    return self._loop.run_until_complete(task)
           ^^^^^^^^^^^^^^^^^^^^^^^^^^^^^^^^^^^
/usr/lib/python3.12/asyncio/base_events.py:687: in run_until_complete
    return future.result()
           ^^^^^^^^^^^^^^^
scripts/run_audited_bread_recipe.py:291: in execute
    _cli(cli, "init", case, "--title", kwargs["title"], "--domain", "food", "--actor", ACTOR, "--approval-policy", "signed")
/datos/workspaces/personal/SpecOrganon/tests/test_audited_bread_recipe.py:310: in mutate_before_run
    ???
scripts/run_audited_bread_recipe.py:273: in _cli
    result = subprocess.run([str(executable), *args], capture_output=True, text=True,
/usr/lib/python3.12/subprocess.py:548: in run
    with Popen(*popenargs, **kwargs) as process:
         ^^^^^^^^^^^^^^^^^^^^^^^^^^^
/usr/lib/python3.12/subprocess.py:1026: in __init__
    self._execute_child(args, executable, preexec_fn, close_fds,
_ _ _ _ _ _ _ _ _ _ _ _ _ _ _ _ _ _ _ _ _ _ _ _ _ _ _ _ _ _ _ _ _ _ _ _ _ _ _ _ 

self = <Popen: returncode: 255 args: ['/workspace/SpecOrganon/.venv/bin/organon', '...>
args = ['/workspace/SpecOrganon/.venv/bin/organon', 'init', '/runs/pytest/test_cli_uses_sealed_audited_m0/trial/case', '--title', 'D101 source-audited bread documentary case', '--domain', ...]
executable = b'/workspace/SpecOrganon/.venv/bin/organon', preexec_fn = None
close_fds = True, pass_fds = (), cwd = None, env = None, startupinfo = None
creationflags = 0, shell = False, p2cread = -1, p2cwrite = -1, c2pread = 14
c2pwrite = 15, errread = 16, errwrite = 17, restore_signals = True, gid = None
gids = None, uid = None, umask = -1, start_new_session = False
process_group = -1

    def _execute_child(self, args, executable, preexec_fn, close_fds,
                       pass_fds, cwd, env,
                       startupinfo, creationflags, shell,
                       p2cread, p2cwrite,
                       c2pread, c2pwrite,
                       errread, errwrite,
                       restore_signals,
                       gid, gids, uid, umask,
                       start_new_session, process_group):
        """Execute program (POSIX version)"""
    
        if isinstance(args, (str, bytes)):
            args = [args]
        elif isinstance(args, os.PathLike):
            if shell:
                raise TypeError('path-like args is not allowed when '
                                'shell is true')
            args = [args]
        else:
            args = list(args)
    
        if shell:
            # On Android the default shell is at '/system/bin/sh'.
            unix_shell = ('/system/bin/sh' if
                      hasattr(sys, 'getandroidapilevel') else '/bin/sh')
            args = [unix_shell, "-c"] + args
            if executable:
                args[0] = executable
    
        if executable is None:
            executable = args[0]
    
        sys.audit("subprocess.Popen", executable, args, cwd, env)
    
        if (_USE_POSIX_SPAWN
                and os.path.dirname(executable)
                and preexec_fn is None
                and not close_fds
                and not pass_fds
                and cwd is None
                and (p2cread == -1 or p2cread > 2)
                and (c2pwrite == -1 or c2pwrite > 2)
                and (errwrite == -1 or errwrite > 2)
                and not start_new_session
                and process_group == -1
                and gid is None
                and gids is None
                and uid is None
                and umask < 0):
            self._posix_spawn(args, executable, env, restore_signals,
                              p2cread, p2cwrite,
                              c2pread, c2pwrite,
                              errread, errwrite)
            return
    
        orig_executable = executable
    
        # For transferring possible exec failure from child to parent.
        # Data format: "exception name:hex errno:description"
        # Pickle is not used; it is complex and involves memory allocation.
        errpipe_read, errpipe_write = os.pipe()
        # errpipe_write must not be in the standard io 0, 1, or 2 fd range.
        low_fds_to_close = []
        while errpipe_write < 3:
            low_fds_to_close.append(errpipe_write)
            errpipe_write = os.dup(errpipe_write)
        for low_fd in low_fds_to_close:
            os.close(low_fd)
        try:
            try:
                # We must avoid complex work that could involve
                # malloc or free in the child process to avoid
                # potential deadlocks, thus we do all this here.
                # and pass it to fork_exec()
    
                if env is not None:
                    env_list = []
                    for k, v in env.items():
                        k = os.fsencode(k)
                        if b'=' in k:
                            raise ValueError("illegal environment variable name")
                        env_list.append(k + b'=' + os.fsencode(v))
                else:
                    env_list = None  # Use execv instead of execve.
                executable = os.fsencode(executable)
                if os.path.dirname(executable):
                    executable_list = (executable,)
                else:
                    # This matches the behavior of os._execvpe().
                    executable_list = tuple(
                        os.path.join(os.fsencode(dir), executable)
                        for dir in os.get_exec_path(env))
                fds_to_keep = set(pass_fds)
                fds_to_keep.add(errpipe_write)
                self.pid = _fork_exec(
                        args, executable_list,
                        close_fds, tuple(sorted(map(int, fds_to_keep))),
                        cwd, env_list,
                        p2cread, p2cwrite, c2pread, c2pwrite,
                        errread, errwrite,
                        errpipe_read, errpipe_write,
                        restore_signals, start_new_session,
                        process_group, gid, gids, uid, umask,
                        preexec_fn, _USE_VFORK)
                self._child_created = True
            finally:
                # be sure the FD is closed no matter what
                os.close(errpipe_write)
    
            self._close_pipe_fds(p2cread, p2cwrite,
                                 c2pread, c2pwrite,
                                 errread, errwrite)
    
            # Wait for exec to fail or succeed; possibly raising an
            # exception (limited in size)
            errpipe_data = bytearray()
            while True:
                part = os.read(errpipe_read, 50000)
                errpipe_data += part
                if not part or len(errpipe_data) > 50000:
                    break
        finally:
            # be sure the FD is closed no matter what
            os.close(errpipe_read)
    
        if errpipe_data:
            try:
                pid, sts = os.waitpid(self.pid, 0)
                if pid == self.pid:
                    self._handle_exitstatus(sts)
                else:
                    self.returncode = sys.maxsize
            except ChildProcessError:
                pass
    
            try:
                exception_name, hex_errno, err_msg = (
                        errpipe_data.split(b':', 2))
                # The encoding here should match the encoding
                # written in by the subprocess implementations
                # like _posixsubprocess
                err_msg = err_msg.decode()
            except ValueError:
                exception_name = b'SubprocessError'
                hex_errno = b'0'
                err_msg = 'Bad exception data from child: {!r}'.format(
                              bytes(errpipe_data))
            child_exception_type = getattr(
                    builtins, exception_name.decode('ascii'),
                    SubprocessError)
            if issubclass(child_exception_type, OSError) and hex_errno:
                errno_num = int(hex_errno, 16)
                if err_msg == "noexec:chdir":
                    err_msg = ""
                    # The error must be from chdir(cwd).
                    err_filename = cwd
                elif err_msg == "noexec":
                    err_msg = ""
                    err_filename = None
                else:
                    err_filename = orig_executable
                if errno_num != 0:
                    err_msg = os.strerror(errno_num)
                if err_filename is not None:
>                   raise child_exception_type(errno_num, err_msg, err_filename)
E                   FileNotFoundError: [Errno 2] No such file or directory: '/workspace/SpecOrganon/.venv/bin/organon'

/usr/lib/python3.12/subprocess.py:1955: FileNotFoundError
_ test_transport_response_without_actual_ledger_cannot_claim_publication[reported0] _

prepared = (PosixPath('/runs/pytest/test_transport_response_withou0/trial'), {'state': 'prepared', 'coverage': {'published_numeric_claims': 17, 'audited_archived_survey_rows': 7}, 'manifest_steps': 37, 'ledger_created': False, ...})
tmp_path = PosixPath('/runs/pytest/test_transport_response_withou0')
reported = {}

>   ???

/datos/workspaces/personal/SpecOrganon/tests/test_audited_bread_recipe.py:400: 
_ _ _ _ _ _ _ _ _ _ _ _ _ _ _ _ _ _ _ _ _ _ _ _ _ _ _ _ _ _ _ _ _ _ _ _ _ _ _ _ 
/usr/lib/python3.12/asyncio/runners.py:194: in run
    return runner.run(main)
           ^^^^^^^^^^^^^^^^
/usr/lib/python3.12/asyncio/runners.py:118: in run
    return self._loop.run_until_complete(task)
           ^^^^^^^^^^^^^^^^^^^^^^^^^^^^^^^^^^^
/usr/lib/python3.12/asyncio/base_events.py:687: in run_until_complete
    return future.result()
           ^^^^^^^^^^^^^^^
scripts/run_audited_bread_recipe.py:291: in execute
    _cli(cli, "init", case, "--title", kwargs["title"], "--domain", "food", "--actor", ACTOR, "--approval-policy", "signed")
scripts/run_audited_bread_recipe.py:273: in _cli
    result = subprocess.run([str(executable), *args], capture_output=True, text=True,
/usr/lib/python3.12/subprocess.py:548: in run
    with Popen(*popenargs, **kwargs) as process:
         ^^^^^^^^^^^^^^^^^^^^^^^^^^^
/usr/lib/python3.12/subprocess.py:1026: in __init__
    self._execute_child(args, executable, preexec_fn, close_fds,
_ _ _ _ _ _ _ _ _ _ _ _ _ _ _ _ _ _ _ _ _ _ _ _ _ _ _ _ _ _ _ _ _ _ _ _ _ _ _ _ 

self = <Popen: returncode: 255 args: ['/runs/pytest/test_transport_response_withou0...>
args = ['/runs/pytest/test_transport_response_withou0/fake-organon', 'init', '/runs/pytest/test_transport_response_withou0/trial/case', '--title', 'D101 source-audited bread documentary case', '--domain', ...]
executable = b'/runs/pytest/test_transport_response_withou0/fake-organon'
preexec_fn = None, close_fds = True, pass_fds = (), cwd = None, env = None
startupinfo = None, creationflags = 0, shell = False, p2cread = -1
p2cwrite = -1, c2pread = 14, c2pwrite = 15, errread = 16, errwrite = 17
restore_signals = True, gid = None, gids = None, uid = None, umask = -1
start_new_session = False, process_group = -1

    def _execute_child(self, args, executable, preexec_fn, close_fds,
                       pass_fds, cwd, env,
                       startupinfo, creationflags, shell,
                       p2cread, p2cwrite,
                       c2pread, c2pwrite,
                       errread, errwrite,
                       restore_signals,
                       gid, gids, uid, umask,
                       start_new_session, process_group):
        """Execute program (POSIX version)"""
    
        if isinstance(args, (str, bytes)):
            args = [args]
        elif isinstance(args, os.PathLike):
            if shell:
                raise TypeError('path-like args is not allowed when '
                                'shell is true')
            args = [args]
        else:
            args = list(args)
    
        if shell:
            # On Android the default shell is at '/system/bin/sh'.
            unix_shell = ('/system/bin/sh' if
                      hasattr(sys, 'getandroidapilevel') else '/bin/sh')
            args = [unix_shell, "-c"] + args
            if executable:
                args[0] = executable
    
        if executable is None:
            executable = args[0]
    
        sys.audit("subprocess.Popen", executable, args, cwd, env)
    
        if (_USE_POSIX_SPAWN
                and os.path.dirname(executable)
                and preexec_fn is None
                and not close_fds
                and not pass_fds
                and cwd is None
                and (p2cread == -1 or p2cread > 2)
                and (c2pwrite == -1 or c2pwrite > 2)
                and (errwrite == -1 or errwrite > 2)
                and not start_new_session
                and process_group == -1
                and gid is None
                and gids is None
                and uid is None
                and umask < 0):
            self._posix_spawn(args, executable, env, restore_signals,
                              p2cread, p2cwrite,
                              c2pread, c2pwrite,
                              errread, errwrite)
            return
    
        orig_executable = executable
    
        # For transferring possible exec failure from child to parent.
        # Data format: "exception name:hex errno:description"
        # Pickle is not used; it is complex and involves memory allocation.
        errpipe_read, errpipe_write = os.pipe()
        # errpipe_write must not be in the standard io 0, 1, or 2 fd range.
        low_fds_to_close = []
        while errpipe_write < 3:
            low_fds_to_close.append(errpipe_write)
            errpipe_write = os.dup(errpipe_write)
        for low_fd in low_fds_to_close:
            os.close(low_fd)
        try:
            try:
                # We must avoid complex work that could involve
                # malloc or free in the child process to avoid
                # potential deadlocks, thus we do all this here.
                # and pass it to fork_exec()
    
                if env is not None:
                    env_list = []
                    for k, v in env.items():
                        k = os.fsencode(k)
                        if b'=' in k:
                            raise ValueError("illegal environment variable name")
                        env_list.append(k + b'=' + os.fsencode(v))
                else:
                    env_list = None  # Use execv instead of execve.
                executable = os.fsencode(executable)
                if os.path.dirname(executable):
                    executable_list = (executable,)
                else:
                    # This matches the behavior of os._execvpe().
                    executable_list = tuple(
                        os.path.join(os.fsencode(dir), executable)
                        for dir in os.get_exec_path(env))
                fds_to_keep = set(pass_fds)
                fds_to_keep.add(errpipe_write)
                self.pid = _fork_exec(
                        args, executable_list,
                        close_fds, tuple(sorted(map(int, fds_to_keep))),
                        cwd, env_list,
                        p2cread, p2cwrite, c2pread, c2pwrite,
                        errread, errwrite,
                        errpipe_read, errpipe_write,
                        restore_signals, start_new_session,
                        process_group, gid, gids, uid, umask,
                        preexec_fn, _USE_VFORK)
                self._child_created = True
            finally:
                # be sure the FD is closed no matter what
                os.close(errpipe_write)
    
            self._close_pipe_fds(p2cread, p2cwrite,
                                 c2pread, c2pwrite,
                                 errread, errwrite)
    
            # Wait for exec to fail or succeed; possibly raising an
            # exception (limited in size)
            errpipe_data = bytearray()
            while True:
                part = os.read(errpipe_read, 50000)
                errpipe_data += part
                if not part or len(errpipe_data) > 50000:
                    break
        finally:
            # be sure the FD is closed no matter what
            os.close(errpipe_read)
    
        if errpipe_data:
            try:
                pid, sts = os.waitpid(self.pid, 0)
                if pid == self.pid:
                    self._handle_exitstatus(sts)
                else:
                    self.returncode = sys.maxsize
            except ChildProcessError:
                pass
    
            try:
                exception_name, hex_errno, err_msg = (
                        errpipe_data.split(b':', 2))
                # The encoding here should match the encoding
                # written in by the subprocess implementations
                # like _posixsubprocess
                err_msg = err_msg.decode()
            except ValueError:
                exception_name = b'SubprocessError'
                hex_errno = b'0'
                err_msg = 'Bad exception data from child: {!r}'.format(
                              bytes(errpipe_data))
            child_exception_type = getattr(
                    builtins, exception_name.decode('ascii'),
                    SubprocessError)
            if issubclass(child_exception_type, OSError) and hex_errno:
                errno_num = int(hex_errno, 16)
                if err_msg == "noexec:chdir":
                    err_msg = ""
                    # The error must be from chdir(cwd).
                    err_filename = cwd
                elif err_msg == "noexec":
                    err_msg = ""
                    err_filename = None
                else:
                    err_filename = orig_executable
                if errno_num != 0:
                    err_msg = os.strerror(errno_num)
                if err_filename is not None:
>                   raise child_exception_type(errno_num, err_msg, err_filename)
E                   FileNotFoundError: [Errno 2] No such file or directory: '/runs/pytest/test_transport_response_withou0/fake-organon'

/usr/lib/python3.12/subprocess.py:1955: FileNotFoundError
_ test_transport_response_without_actual_ledger_cannot_claim_publication[reported1] _

prepared = (PosixPath('/runs/pytest/test_transport_response_withou1/trial'), {'state': 'prepared', 'coverage': {'published_numeric_claims': 17, 'audited_archived_survey_rows': 7}, 'manifest_steps': 37, 'ledger_created': False, ...})
tmp_path = PosixPath('/runs/pytest/test_transport_response_withou1')
reported = {'status': 'waiting', 'reason': 'independent_review_required', 'cursor': 37, 'applied': 37, ...}

>   ???

/datos/workspaces/personal/SpecOrganon/tests/test_audited_bread_recipe.py:400: 
_ _ _ _ _ _ _ _ _ _ _ _ _ _ _ _ _ _ _ _ _ _ _ _ _ _ _ _ _ _ _ _ _ _ _ _ _ _ _ _ 
/usr/lib/python3.12/asyncio/runners.py:194: in run
    return runner.run(main)
           ^^^^^^^^^^^^^^^^
/usr/lib/python3.12/asyncio/runners.py:118: in run
    return self._loop.run_until_complete(task)
           ^^^^^^^^^^^^^^^^^^^^^^^^^^^^^^^^^^^
/usr/lib/python3.12/asyncio/base_events.py:687: in run_until_complete
    return future.result()
           ^^^^^^^^^^^^^^^
scripts/run_audited_bread_recipe.py:291: in execute
    _cli(cli, "init", case, "--title", kwargs["title"], "--domain", "food", "--actor", ACTOR, "--approval-policy", "signed")
scripts/run_audited_bread_recipe.py:273: in _cli
    result = subprocess.run([str(executable), *args], capture_output=True, text=True,
/usr/lib/python3.12/subprocess.py:548: in run
    with Popen(*popenargs, **kwargs) as process:
         ^^^^^^^^^^^^^^^^^^^^^^^^^^^
/usr/lib/python3.12/subprocess.py:1026: in __init__
    self._execute_child(args, executable, preexec_fn, close_fds,
_ _ _ _ _ _ _ _ _ _ _ _ _ _ _ _ _ _ _ _ _ _ _ _ _ _ _ _ _ _ _ _ _ _ _ _ _ _ _ _ 

self = <Popen: returncode: 255 args: ['/runs/pytest/test_transport_response_withou1...>
args = ['/runs/pytest/test_transport_response_withou1/fake-organon', 'init', '/runs/pytest/test_transport_response_withou1/trial/case', '--title', 'D101 source-audited bread documentary case', '--domain', ...]
executable = b'/runs/pytest/test_transport_response_withou1/fake-organon'
preexec_fn = None, close_fds = True, pass_fds = (), cwd = None, env = None
startupinfo = None, creationflags = 0, shell = False, p2cread = -1
p2cwrite = -1, c2pread = 14, c2pwrite = 15, errread = 16, errwrite = 17
restore_signals = True, gid = None, gids = None, uid = None, umask = -1
start_new_session = False, process_group = -1

    def _execute_child(self, args, executable, preexec_fn, close_fds,
                       pass_fds, cwd, env,
                       startupinfo, creationflags, shell,
                       p2cread, p2cwrite,
                       c2pread, c2pwrite,
                       errread, errwrite,
                       restore_signals,
                       gid, gids, uid, umask,
                       start_new_session, process_group):
        """Execute program (POSIX version)"""
    
        if isinstance(args, (str, bytes)):
            args = [args]
        elif isinstance(args, os.PathLike):
            if shell:
                raise TypeError('path-like args is not allowed when '
                                'shell is true')
            args = [args]
        else:
            args = list(args)
    
        if shell:
            # On Android the default shell is at '/system/bin/sh'.
            unix_shell = ('/system/bin/sh' if
                      hasattr(sys, 'getandroidapilevel') else '/bin/sh')
            args = [unix_shell, "-c"] + args
            if executable:
                args[0] = executable
    
        if executable is None:
            executable = args[0]
    
        sys.audit("subprocess.Popen", executable, args, cwd, env)
    
        if (_USE_POSIX_SPAWN
                and os.path.dirname(executable)
                and preexec_fn is None
                and not close_fds
                and not pass_fds
                and cwd is None
                and (p2cread == -1 or p2cread > 2)
                and (c2pwrite == -1 or c2pwrite > 2)
                and (errwrite == -1 or errwrite > 2)
                and not start_new_session
                and process_group == -1
                and gid is None
                and gids is None
                and uid is None
                and umask < 0):
            self._posix_spawn(args, executable, env, restore_signals,
                              p2cread, p2cwrite,
                              c2pread, c2pwrite,
                              errread, errwrite)
            return
    
        orig_executable = executable
    
        # For transferring possible exec failure from child to parent.
        # Data format: "exception name:hex errno:description"
        # Pickle is not used; it is complex and involves memory allocation.
        errpipe_read, errpipe_write = os.pipe()
        # errpipe_write must not be in the standard io 0, 1, or 2 fd range.
        low_fds_to_close = []
        while errpipe_write < 3:
            low_fds_to_close.append(errpipe_write)
            errpipe_write = os.dup(errpipe_write)
        for low_fd in low_fds_to_close:
            os.close(low_fd)
        try:
            try:
                # We must avoid complex work that could involve
                # malloc or free in the child process to avoid
                # potential deadlocks, thus we do all this here.
                # and pass it to fork_exec()
    
                if env is not None:
                    env_list = []
                    for k, v in env.items():
                        k = os.fsencode(k)
                        if b'=' in k:
                            raise ValueError("illegal environment variable name")
                        env_list.append(k + b'=' + os.fsencode(v))
                else:
                    env_list = None  # Use execv instead of execve.
                executable = os.fsencode(executable)
                if os.path.dirname(executable):
                    executable_list = (executable,)
                else:
                    # This matches the behavior of os._execvpe().
                    executable_list = tuple(
                        os.path.join(os.fsencode(dir), executable)
                        for dir in os.get_exec_path(env))
                fds_to_keep = set(pass_fds)
                fds_to_keep.add(errpipe_write)
                self.pid = _fork_exec(
                        args, executable_list,
                        close_fds, tuple(sorted(map(int, fds_to_keep))),
                        cwd, env_list,
                        p2cread, p2cwrite, c2pread, c2pwrite,
                        errread, errwrite,
                        errpipe_read, errpipe_write,
                        restore_signals, start_new_session,
                        process_group, gid, gids, uid, umask,
                        preexec_fn, _USE_VFORK)
                self._child_created = True
            finally:
                # be sure the FD is closed no matter what
                os.close(errpipe_write)
    
            self._close_pipe_fds(p2cread, p2cwrite,
                                 c2pread, c2pwrite,
                                 errread, errwrite)
    
            # Wait for exec to fail or succeed; possibly raising an
            # exception (limited in size)
            errpipe_data = bytearray()
            while True:
                part = os.read(errpipe_read, 50000)
                errpipe_data += part
                if not part or len(errpipe_data) > 50000:
                    break
        finally:
            # be sure the FD is closed no matter what
            os.close(errpipe_read)
    
        if errpipe_data:
            try:
                pid, sts = os.waitpid(self.pid, 0)
                if pid == self.pid:
                    self._handle_exitstatus(sts)
                else:
                    self.returncode = sys.maxsize
            except ChildProcessError:
                pass
    
            try:
                exception_name, hex_errno, err_msg = (
                        errpipe_data.split(b':', 2))
                # The encoding here should match the encoding
                # written in by the subprocess implementations
                # like _posixsubprocess
                err_msg = err_msg.decode()
            except ValueError:
                exception_name = b'SubprocessError'
                hex_errno = b'0'
                err_msg = 'Bad exception data from child: {!r}'.format(
                              bytes(errpipe_data))
            child_exception_type = getattr(
                    builtins, exception_name.decode('ascii'),
                    SubprocessError)
            if issubclass(child_exception_type, OSError) and hex_errno:
                errno_num = int(hex_errno, 16)
                if err_msg == "noexec:chdir":
                    err_msg = ""
                    # The error must be from chdir(cwd).
                    err_filename = cwd
                elif err_msg == "noexec":
                    err_msg = ""
                    err_filename = None
                else:
                    err_filename = orig_executable
                if errno_num != 0:
                    err_msg = os.strerror(errno_num)
                if err_filename is not None:
>                   raise child_exception_type(errno_num, err_msg, err_filename)
E                   FileNotFoundError: [Errno 2] No such file or directory: '/runs/pytest/test_transport_response_withou1/fake-organon'

/usr/lib/python3.12/subprocess.py:1955: FileNotFoundError
_______ test_archive_changed_at_run_leaves_retained_negative_checkpoint ________

prepared = (PosixPath('/runs/pytest/test_archive_changed_at_run_le0/trial'), {'state': 'prepared', 'coverage': {'published_numeric_claims': 17, 'audited_archived_survey_rows': 7}, 'manifest_steps': 37, 'ledger_created': False, ...})
monkeypatch = <_pytest.monkeypatch.MonkeyPatch object at 0x7fb6a3b0ad80>

>   ???

/datos/workspaces/personal/SpecOrganon/tests/test_audited_bread_recipe.py:422: 
_ _ _ _ _ _ _ _ _ _ _ _ _ _ _ _ _ _ _ _ _ _ _ _ _ _ _ _ _ _ _ _ _ _ _ _ _ _ _ _ 
/usr/lib/python3.12/asyncio/runners.py:194: in run
    return runner.run(main)
           ^^^^^^^^^^^^^^^^
/usr/lib/python3.12/asyncio/runners.py:118: in run
    return self._loop.run_until_complete(task)
           ^^^^^^^^^^^^^^^^^^^^^^^^^^^^^^^^^^^
/usr/lib/python3.12/asyncio/base_events.py:687: in run_until_complete
    return future.result()
           ^^^^^^^^^^^^^^^
scripts/run_audited_bread_recipe.py:291: in execute
    _cli(cli, "init", case, "--title", kwargs["title"], "--domain", "food", "--actor", ACTOR, "--approval-policy", "signed")
/datos/workspaces/personal/SpecOrganon/tests/test_audited_bread_recipe.py:418: in alter_archive_before_run
    ???
scripts/run_audited_bread_recipe.py:273: in _cli
    result = subprocess.run([str(executable), *args], capture_output=True, text=True,
/usr/lib/python3.12/subprocess.py:548: in run
    with Popen(*popenargs, **kwargs) as process:
         ^^^^^^^^^^^^^^^^^^^^^^^^^^^
/usr/lib/python3.12/subprocess.py:1026: in __init__
    self._execute_child(args, executable, preexec_fn, close_fds,
_ _ _ _ _ _ _ _ _ _ _ _ _ _ _ _ _ _ _ _ _ _ _ _ _ _ _ _ _ _ _ _ _ _ _ _ _ _ _ _ 

self = <Popen: returncode: 255 args: ['/workspace/SpecOrganon/.venv/bin/organon', '...>
args = ['/workspace/SpecOrganon/.venv/bin/organon', 'init', '/runs/pytest/test_archive_changed_at_run_le0/trial/case', '--title', 'D101 source-audited bread documentary case', '--domain', ...]
executable = b'/workspace/SpecOrganon/.venv/bin/organon', preexec_fn = None
close_fds = True, pass_fds = (), cwd = None, env = None, startupinfo = None
creationflags = 0, shell = False, p2cread = -1, p2cwrite = -1, c2pread = 14
c2pwrite = 15, errread = 16, errwrite = 17, restore_signals = True, gid = None
gids = None, uid = None, umask = -1, start_new_session = False
process_group = -1

    def _execute_child(self, args, executable, preexec_fn, close_fds,
                       pass_fds, cwd, env,
                       startupinfo, creationflags, shell,
                       p2cread, p2cwrite,
                       c2pread, c2pwrite,
                       errread, errwrite,
                       restore_signals,
                       gid, gids, uid, umask,
                       start_new_session, process_group):
        """Execute program (POSIX version)"""
    
        if isinstance(args, (str, bytes)):
            args = [args]
        elif isinstance(args, os.PathLike):
            if shell:
                raise TypeError('path-like args is not allowed when '
                                'shell is true')
            args = [args]
        else:
            args = list(args)
    
        if shell:
            # On Android the default shell is at '/system/bin/sh'.
            unix_shell = ('/system/bin/sh' if
                      hasattr(sys, 'getandroidapilevel') else '/bin/sh')
            args = [unix_shell, "-c"] + args
            if executable:
                args[0] = executable
    
        if executable is None:
            executable = args[0]
    
        sys.audit("subprocess.Popen", executable, args, cwd, env)
    
        if (_USE_POSIX_SPAWN
                and os.path.dirname(executable)
                and preexec_fn is None
                and not close_fds
                and not pass_fds
                and cwd is None
                and (p2cread == -1 or p2cread > 2)
                and (c2pwrite == -1 or c2pwrite > 2)
                and (errwrite == -1 or errwrite > 2)
                and not start_new_session
                and process_group == -1
                and gid is None
                and gids is None
                and uid is None
                and umask < 0):
            self._posix_spawn(args, executable, env, restore_signals,
                              p2cread, p2cwrite,
                              c2pread, c2pwrite,
                              errread, errwrite)
            return
    
        orig_executable = executable
    
        # For transferring possible exec failure from child to parent.
        # Data format: "exception name:hex errno:description"
        # Pickle is not used; it is complex and involves memory allocation.
        errpipe_read, errpipe_write = os.pipe()
        # errpipe_write must not be in the standard io 0, 1, or 2 fd range.
        low_fds_to_close = []
        while errpipe_write < 3:
            low_fds_to_close.append(errpipe_write)
            errpipe_write = os.dup(errpipe_write)
        for low_fd in low_fds_to_close:
            os.close(low_fd)
        try:
            try:
                # We must avoid complex work that could involve
                # malloc or free in the child process to avoid
                # potential deadlocks, thus we do all this here.
                # and pass it to fork_exec()
    
                if env is not None:
                    env_list = []
                    for k, v in env.items():
                        k = os.fsencode(k)
                        if b'=' in k:
                            raise ValueError("illegal environment variable name")
                        env_list.append(k + b'=' + os.fsencode(v))
                else:
                    env_list = None  # Use execv instead of execve.
                executable = os.fsencode(executable)
                if os.path.dirname(executable):
                    executable_list = (executable,)
                else:
                    # This matches the behavior of os._execvpe().
                    executable_list = tuple(
                        os.path.join(os.fsencode(dir), executable)
                        for dir in os.get_exec_path(env))
                fds_to_keep = set(pass_fds)
                fds_to_keep.add(errpipe_write)
                self.pid = _fork_exec(
                        args, executable_list,
                        close_fds, tuple(sorted(map(int, fds_to_keep))),
                        cwd, env_list,
                        p2cread, p2cwrite, c2pread, c2pwrite,
                        errread, errwrite,
                        errpipe_read, errpipe_write,
                        restore_signals, start_new_session,
                        process_group, gid, gids, uid, umask,
                        preexec_fn, _USE_VFORK)
                self._child_created = True
            finally:
                # be sure the FD is closed no matter what
                os.close(errpipe_write)
    
            self._close_pipe_fds(p2cread, p2cwrite,
                                 c2pread, c2pwrite,
                                 errread, errwrite)
    
            # Wait for exec to fail or succeed; possibly raising an
            # exception (limited in size)
            errpipe_data = bytearray()
            while True:
                part = os.read(errpipe_read, 50000)
                errpipe_data += part
                if not part or len(errpipe_data) > 50000:
                    break
        finally:
            # be sure the FD is closed no matter what
            os.close(errpipe_read)
    
        if errpipe_data:
            try:
                pid, sts = os.waitpid(self.pid, 0)
                if pid == self.pid:
                    self._handle_exitstatus(sts)
                else:
                    self.returncode = sys.maxsize
            except ChildProcessError:
                pass
    
            try:
                exception_name, hex_errno, err_msg = (
                        errpipe_data.split(b':', 2))
                # The encoding here should match the encoding
                # written in by the subprocess implementations
                # like _posixsubprocess
                err_msg = err_msg.decode()
            except ValueError:
                exception_name = b'SubprocessError'
                hex_errno = b'0'
                err_msg = 'Bad exception data from child: {!r}'.format(
                              bytes(errpipe_data))
            child_exception_type = getattr(
                    builtins, exception_name.decode('ascii'),
                    SubprocessError)
            if issubclass(child_exception_type, OSError) and hex_errno:
                errno_num = int(hex_errno, 16)
                if err_msg == "noexec:chdir":
                    err_msg = ""
                    # The error must be from chdir(cwd).
                    err_filename = cwd
                elif err_msg == "noexec":
                    err_msg = ""
                    err_filename = None
                else:
                    err_filename = orig_executable
                if errno_num != 0:
                    err_msg = os.strerror(errno_num)
                if err_filename is not None:
>                   raise child_exception_type(errno_num, err_msg, err_filename)
E                   FileNotFoundError: [Errno 2] No such file or directory: '/workspace/SpecOrganon/.venv/bin/organon'

/usr/lib/python3.12/subprocess.py:1955: FileNotFoundError
___ test_engine_source_invalidity_reaches_actual_dependents[source_lca.pdf] ____

prepared = (PosixPath('/runs/pytest/test_engine_source_invalidity_0/trial'), {'state': 'prepared', 'coverage': {'published_numeric_claims': 17, 'audited_archived_survey_rows': 7}, 'manifest_steps': 37, 'ledger_created': False, ...})
archive = 'source_lca.pdf'

>   ???

/datos/workspaces/personal/SpecOrganon/tests/test_audited_bread_recipe.py:440: 
_ _ _ _ _ _ _ _ _ _ _ _ _ _ _ _ _ _ _ _ _ _ _ _ _ _ _ _ _ _ _ _ _ _ _ _ _ _ _ _ 
/usr/lib/python3.12/asyncio/runners.py:194: in run
    return runner.run(main)
           ^^^^^^^^^^^^^^^^
/usr/lib/python3.12/asyncio/runners.py:118: in run
    return self._loop.run_until_complete(task)
           ^^^^^^^^^^^^^^^^^^^^^^^^^^^^^^^^^^^
/usr/lib/python3.12/asyncio/base_events.py:687: in run_until_complete
    return future.result()
           ^^^^^^^^^^^^^^^
scripts/run_audited_bread_recipe.py:291: in execute
    _cli(cli, "init", case, "--title", kwargs["title"], "--domain", "food", "--actor", ACTOR, "--approval-policy", "signed")
scripts/run_audited_bread_recipe.py:273: in _cli
    result = subprocess.run([str(executable), *args], capture_output=True, text=True,
/usr/lib/python3.12/subprocess.py:548: in run
    with Popen(*popenargs, **kwargs) as process:
         ^^^^^^^^^^^^^^^^^^^^^^^^^^^
/usr/lib/python3.12/subprocess.py:1026: in __init__
    self._execute_child(args, executable, preexec_fn, close_fds,
_ _ _ _ _ _ _ _ _ _ _ _ _ _ _ _ _ _ _ _ _ _ _ _ _ _ _ _ _ _ _ _ _ _ _ _ _ _ _ _ 

self = <Popen: returncode: 255 args: ['/workspace/SpecOrganon/.venv/bin/organon', '...>
args = ['/workspace/SpecOrganon/.venv/bin/organon', 'init', '/runs/pytest/test_engine_source_invalidity_0/trial/case', '--title', 'D101 source-audited bread documentary case', '--domain', ...]
executable = b'/workspace/SpecOrganon/.venv/bin/organon', preexec_fn = None
close_fds = True, pass_fds = (), cwd = None, env = None, startupinfo = None
creationflags = 0, shell = False, p2cread = -1, p2cwrite = -1, c2pread = 14
c2pwrite = 15, errread = 16, errwrite = 17, restore_signals = True, gid = None
gids = None, uid = None, umask = -1, start_new_session = False
process_group = -1

    def _execute_child(self, args, executable, preexec_fn, close_fds,
                       pass_fds, cwd, env,
                       startupinfo, creationflags, shell,
                       p2cread, p2cwrite,
                       c2pread, c2pwrite,
                       errread, errwrite,
                       restore_signals,
                       gid, gids, uid, umask,
                       start_new_session, process_group):
        """Execute program (POSIX version)"""
    
        if isinstance(args, (str, bytes)):
            args = [args]
        elif isinstance(args, os.PathLike):
            if shell:
                raise TypeError('path-like args is not allowed when '
                                'shell is true')
            args = [args]
        else:
            args = list(args)
    
        if shell:
            # On Android the default shell is at '/system/bin/sh'.
            unix_shell = ('/system/bin/sh' if
                      hasattr(sys, 'getandroidapilevel') else '/bin/sh')
            args = [unix_shell, "-c"] + args
            if executable:
                args[0] = executable
    
        if executable is None:
            executable = args[0]
    
        sys.audit("subprocess.Popen", executable, args, cwd, env)
    
        if (_USE_POSIX_SPAWN
                and os.path.dirname(executable)
                and preexec_fn is None
                and not close_fds
                and not pass_fds
                and cwd is None
                and (p2cread == -1 or p2cread > 2)
                and (c2pwrite == -1 or c2pwrite > 2)
                and (errwrite == -1 or errwrite > 2)
                and not start_new_session
                and process_group == -1
                and gid is None
                and gids is None
                and uid is None
                and umask < 0):
            self._posix_spawn(args, executable, env, restore_signals,
                              p2cread, p2cwrite,
                              c2pread, c2pwrite,
                              errread, errwrite)
            return
    
        orig_executable = executable
    
        # For transferring possible exec failure from child to parent.
        # Data format: "exception name:hex errno:description"
        # Pickle is not used; it is complex and involves memory allocation.
        errpipe_read, errpipe_write = os.pipe()
        # errpipe_write must not be in the standard io 0, 1, or 2 fd range.
        low_fds_to_close = []
        while errpipe_write < 3:
            low_fds_to_close.append(errpipe_write)
            errpipe_write = os.dup(errpipe_write)
        for low_fd in low_fds_to_close:
            os.close(low_fd)
        try:
            try:
                # We must avoid complex work that could involve
                # malloc or free in the child process to avoid
                # potential deadlocks, thus we do all this here.
                # and pass it to fork_exec()
    
                if env is not None:
                    env_list = []
                    for k, v in env.items():
                        k = os.fsencode(k)
                        if b'=' in k:
                            raise ValueError("illegal environment variable name")
                        env_list.append(k + b'=' + os.fsencode(v))
                else:
                    env_list = None  # Use execv instead of execve.
                executable = os.fsencode(executable)
                if os.path.dirname(executable):
                    executable_list = (executable,)
                else:
                    # This matches the behavior of os._execvpe().
                    executable_list = tuple(
                        os.path.join(os.fsencode(dir), executable)
                        for dir in os.get_exec_path(env))
                fds_to_keep = set(pass_fds)
                fds_to_keep.add(errpipe_write)
                self.pid = _fork_exec(
                        args, executable_list,
                        close_fds, tuple(sorted(map(int, fds_to_keep))),
                        cwd, env_list,
                        p2cread, p2cwrite, c2pread, c2pwrite,
                        errread, errwrite,
                        errpipe_read, errpipe_write,
                        restore_signals, start_new_session,
                        process_group, gid, gids, uid, umask,
                        preexec_fn, _USE_VFORK)
                self._child_created = True
            finally:
                # be sure the FD is closed no matter what
                os.close(errpipe_write)
    
            self._close_pipe_fds(p2cread, p2cwrite,
                                 c2pread, c2pwrite,
                                 errread, errwrite)
    
            # Wait for exec to fail or succeed; possibly raising an
            # exception (limited in size)
            errpipe_data = bytearray()
            while True:
                part = os.read(errpipe_read, 50000)
                errpipe_data += part
                if not part or len(errpipe_data) > 50000:
                    break
        finally:
            # be sure the FD is closed no matter what
            os.close(errpipe_read)
    
        if errpipe_data:
            try:
                pid, sts = os.waitpid(self.pid, 0)
                if pid == self.pid:
                    self._handle_exitstatus(sts)
                else:
                    self.returncode = sys.maxsize
            except ChildProcessError:
                pass
    
            try:
                exception_name, hex_errno, err_msg = (
                        errpipe_data.split(b':', 2))
                # The encoding here should match the encoding
                # written in by the subprocess implementations
                # like _posixsubprocess
                err_msg = err_msg.decode()
            except ValueError:
                exception_name = b'SubprocessError'
                hex_errno = b'0'
                err_msg = 'Bad exception data from child: {!r}'.format(
                              bytes(errpipe_data))
            child_exception_type = getattr(
                    builtins, exception_name.decode('ascii'),
                    SubprocessError)
            if issubclass(child_exception_type, OSError) and hex_errno:
                errno_num = int(hex_errno, 16)
                if err_msg == "noexec:chdir":
                    err_msg = ""
                    # The error must be from chdir(cwd).
                    err_filename = cwd
                elif err_msg == "noexec":
                    err_msg = ""
                    err_filename = None
                else:
                    err_filename = orig_executable
                if errno_num != 0:
                    err_msg = os.strerror(errno_num)
                if err_filename is not None:
>                   raise child_exception_type(errno_num, err_msg, err_filename)
E                   FileNotFoundError: [Errno 2] No such file or directory: '/workspace/SpecOrganon/.venv/bin/organon'

/usr/lib/python3.12/subprocess.py:1955: FileNotFoundError
__ test_engine_source_invalidity_reaches_actual_dependents[source_survey.pdf] __

prepared = (PosixPath('/runs/pytest/test_engine_source_invalidity_1/trial'), {'state': 'prepared', 'coverage': {'published_numeric_claims': 17, 'audited_archived_survey_rows': 7}, 'manifest_steps': 37, 'ledger_created': False, ...})
archive = 'source_survey.pdf'

>   ???

/datos/workspaces/personal/SpecOrganon/tests/test_audited_bread_recipe.py:440: 
_ _ _ _ _ _ _ _ _ _ _ _ _ _ _ _ _ _ _ _ _ _ _ _ _ _ _ _ _ _ _ _ _ _ _ _ _ _ _ _ 
/usr/lib/python3.12/asyncio/runners.py:194: in run
    return runner.run(main)
           ^^^^^^^^^^^^^^^^
/usr/lib/python3.12/asyncio/runners.py:118: in run
    return self._loop.run_until_complete(task)
           ^^^^^^^^^^^^^^^^^^^^^^^^^^^^^^^^^^^
/usr/lib/python3.12/asyncio/base_events.py:687: in run_until_complete
    return future.result()
           ^^^^^^^^^^^^^^^
scripts/run_audited_bread_recipe.py:291: in execute
    _cli(cli, "init", case, "--title", kwargs["title"], "--domain", "food", "--actor", ACTOR, "--approval-policy", "signed")
scripts/run_audited_bread_recipe.py:273: in _cli
    result = subprocess.run([str(executable), *args], capture_output=True, text=True,
/usr/lib/python3.12/subprocess.py:548: in run
    with Popen(*popenargs, **kwargs) as process:
         ^^^^^^^^^^^^^^^^^^^^^^^^^^^
/usr/lib/python3.12/subprocess.py:1026: in __init__
    self._execute_child(args, executable, preexec_fn, close_fds,
_ _ _ _ _ _ _ _ _ _ _ _ _ _ _ _ _ _ _ _ _ _ _ _ _ _ _ _ _ _ _ _ _ _ _ _ _ _ _ _ 

self = <Popen: returncode: 255 args: ['/workspace/SpecOrganon/.venv/bin/organon', '...>
args = ['/workspace/SpecOrganon/.venv/bin/organon', 'init', '/runs/pytest/test_engine_source_invalidity_1/trial/case', '--title', 'D101 source-audited bread documentary case', '--domain', ...]
executable = b'/workspace/SpecOrganon/.venv/bin/organon', preexec_fn = None
close_fds = True, pass_fds = (), cwd = None, env = None, startupinfo = None
creationflags = 0, shell = False, p2cread = -1, p2cwrite = -1, c2pread = 14
c2pwrite = 15, errread = 16, errwrite = 17, restore_signals = True, gid = None
gids = None, uid = None, umask = -1, start_new_session = False
process_group = -1

    def _execute_child(self, args, executable, preexec_fn, close_fds,
                       pass_fds, cwd, env,
                       startupinfo, creationflags, shell,
                       p2cread, p2cwrite,
                       c2pread, c2pwrite,
                       errread, errwrite,
                       restore_signals,
                       gid, gids, uid, umask,
                       start_new_session, process_group):
        """Execute program (POSIX version)"""
    
        if isinstance(args, (str, bytes)):
            args = [args]
        elif isinstance(args, os.PathLike):
            if shell:
                raise TypeError('path-like args is not allowed when '
                                'shell is true')
            args = [args]
        else:
            args = list(args)
    
        if shell:
            # On Android the default shell is at '/system/bin/sh'.
            unix_shell = ('/system/bin/sh' if
                      hasattr(sys, 'getandroidapilevel') else '/bin/sh')
            args = [unix_shell, "-c"] + args
            if executable:
                args[0] = executable
    
        if executable is None:
            executable = args[0]
    
        sys.audit("subprocess.Popen", executable, args, cwd, env)
    
        if (_USE_POSIX_SPAWN
                and os.path.dirname(executable)
                and preexec_fn is None
                and not close_fds
                and not pass_fds
                and cwd is None
                and (p2cread == -1 or p2cread > 2)
                and (c2pwrite == -1 or c2pwrite > 2)
                and (errwrite == -1 or errwrite > 2)
                and not start_new_session
                and process_group == -1
                and gid is None
                and gids is None
                and uid is None
                and umask < 0):
            self._posix_spawn(args, executable, env, restore_signals,
                              p2cread, p2cwrite,
                              c2pread, c2pwrite,
                              errread, errwrite)
            return
    
        orig_executable = executable
    
        # For transferring possible exec failure from child to parent.
        # Data format: "exception name:hex errno:description"
        # Pickle is not used; it is complex and involves memory allocation.
        errpipe_read, errpipe_write = os.pipe()
        # errpipe_write must not be in the standard io 0, 1, or 2 fd range.
        low_fds_to_close = []
        while errpipe_write < 3:
            low_fds_to_close.append(errpipe_write)
            errpipe_write = os.dup(errpipe_write)
        for low_fd in low_fds_to_close:
            os.close(low_fd)
        try:
            try:
                # We must avoid complex work that could involve
                # malloc or free in the child process to avoid
                # potential deadlocks, thus we do all this here.
                # and pass it to fork_exec()
    
                if env is not None:
                    env_list = []
                    for k, v in env.items():
                        k = os.fsencode(k)
                        if b'=' in k:
                            raise ValueError("illegal environment variable name")
                        env_list.append(k + b'=' + os.fsencode(v))
                else:
                    env_list = None  # Use execv instead of execve.
                executable = os.fsencode(executable)
                if os.path.dirname(executable):
                    executable_list = (executable,)
                else:
                    # This matches the behavior of os._execvpe().
                    executable_list = tuple(
                        os.path.join(os.fsencode(dir), executable)
                        for dir in os.get_exec_path(env))
                fds_to_keep = set(pass_fds)
                fds_to_keep.add(errpipe_write)
                self.pid = _fork_exec(
                        args, executable_list,
                        close_fds, tuple(sorted(map(int, fds_to_keep))),
                        cwd, env_list,
                        p2cread, p2cwrite, c2pread, c2pwrite,
                        errread, errwrite,
                        errpipe_read, errpipe_write,
                        restore_signals, start_new_session,
                        process_group, gid, gids, uid, umask,
                        preexec_fn, _USE_VFORK)
                self._child_created = True
            finally:
                # be sure the FD is closed no matter what
                os.close(errpipe_write)
    
            self._close_pipe_fds(p2cread, p2cwrite,
                                 c2pread, c2pwrite,
                                 errread, errwrite)
    
            # Wait for exec to fail or succeed; possibly raising an
            # exception (limited in size)
            errpipe_data = bytearray()
            while True:
                part = os.read(errpipe_read, 50000)
                errpipe_data += part
                if not part or len(errpipe_data) > 50000:
                    break
        finally:
            # be sure the FD is closed no matter what
            os.close(errpipe_read)
    
        if errpipe_data:
            try:
                pid, sts = os.waitpid(self.pid, 0)
                if pid == self.pid:
                    self._handle_exitstatus(sts)
                else:
                    self.returncode = sys.maxsize
            except ChildProcessError:
                pass
    
            try:
                exception_name, hex_errno, err_msg = (
                        errpipe_data.split(b':', 2))
                # The encoding here should match the encoding
                # written in by the subprocess implementations
                # like _posixsubprocess
                err_msg = err_msg.decode()
            except ValueError:
                exception_name = b'SubprocessError'
                hex_errno = b'0'
                err_msg = 'Bad exception data from child: {!r}'.format(
                              bytes(errpipe_data))
            child_exception_type = getattr(
                    builtins, exception_name.decode('ascii'),
                    SubprocessError)
            if issubclass(child_exception_type, OSError) and hex_errno:
                errno_num = int(hex_errno, 16)
                if err_msg == "noexec:chdir":
                    err_msg = ""
                    # The error must be from chdir(cwd).
                    err_filename = cwd
                elif err_msg == "noexec":
                    err_msg = ""
                    err_filename = None
                else:
                    err_filename = orig_executable
                if errno_num != 0:
                    err_msg = os.strerror(errno_num)
                if err_filename is not None:
>                   raise child_exception_type(errno_num, err_msg, err_filename)
E                   FileNotFoundError: [Errno 2] No such file or directory: '/workspace/SpecOrganon/.venv/bin/organon'

/usr/lib/python3.12/subprocess.py:1955: FileNotFoundError
_ test_engine_source_invalidity_reaches_actual_dependents[survey_table1.json] __

prepared = (PosixPath('/runs/pytest/test_engine_source_invalidity_2/trial'), {'state': 'prepared', 'coverage': {'published_numeric_claims': 17, 'audited_archived_survey_rows': 7}, 'manifest_steps': 37, 'ledger_created': False, ...})
archive = 'survey_table1.json'

>   ???

/datos/workspaces/personal/SpecOrganon/tests/test_audited_bread_recipe.py:440: 
_ _ _ _ _ _ _ _ _ _ _ _ _ _ _ _ _ _ _ _ _ _ _ _ _ _ _ _ _ _ _ _ _ _ _ _ _ _ _ _ 
/usr/lib/python3.12/asyncio/runners.py:194: in run
    return runner.run(main)
           ^^^^^^^^^^^^^^^^
/usr/lib/python3.12/asyncio/runners.py:118: in run
    return self._loop.run_until_complete(task)
           ^^^^^^^^^^^^^^^^^^^^^^^^^^^^^^^^^^^
/usr/lib/python3.12/asyncio/base_events.py:687: in run_until_complete
    return future.result()
           ^^^^^^^^^^^^^^^
scripts/run_audited_bread_recipe.py:291: in execute
    _cli(cli, "init", case, "--title", kwargs["title"], "--domain", "food", "--actor", ACTOR, "--approval-policy", "signed")
scripts/run_audited_bread_recipe.py:273: in _cli
    result = subprocess.run([str(executable), *args], capture_output=True, text=True,
/usr/lib/python3.12/subprocess.py:548: in run
    with Popen(*popenargs, **kwargs) as process:
         ^^^^^^^^^^^^^^^^^^^^^^^^^^^
/usr/lib/python3.12/subprocess.py:1026: in __init__
    self._execute_child(args, executable, preexec_fn, close_fds,
_ _ _ _ _ _ _ _ _ _ _ _ _ _ _ _ _ _ _ _ _ _ _ _ _ _ _ _ _ _ _ _ _ _ _ _ _ _ _ _ 

self = <Popen: returncode: 255 args: ['/workspace/SpecOrganon/.venv/bin/organon', '...>
args = ['/workspace/SpecOrganon/.venv/bin/organon', 'init', '/runs/pytest/test_engine_source_invalidity_2/trial/case', '--title', 'D101 source-audited bread documentary case', '--domain', ...]
executable = b'/workspace/SpecOrganon/.venv/bin/organon', preexec_fn = None
close_fds = True, pass_fds = (), cwd = None, env = None, startupinfo = None
creationflags = 0, shell = False, p2cread = -1, p2cwrite = -1, c2pread = 14
c2pwrite = 15, errread = 16, errwrite = 17, restore_signals = True, gid = None
gids = None, uid = None, umask = -1, start_new_session = False
process_group = -1

    def _execute_child(self, args, executable, preexec_fn, close_fds,
                       pass_fds, cwd, env,
                       startupinfo, creationflags, shell,
                       p2cread, p2cwrite,
                       c2pread, c2pwrite,
                       errread, errwrite,
                       restore_signals,
                       gid, gids, uid, umask,
                       start_new_session, process_group):
        """Execute program (POSIX version)"""
    
        if isinstance(args, (str, bytes)):
            args = [args]
        elif isinstance(args, os.PathLike):
            if shell:
                raise TypeError('path-like args is not allowed when '
                                'shell is true')
            args = [args]
        else:
            args = list(args)
    
        if shell:
            # On Android the default shell is at '/system/bin/sh'.
            unix_shell = ('/system/bin/sh' if
                      hasattr(sys, 'getandroidapilevel') else '/bin/sh')
            args = [unix_shell, "-c"] + args
            if executable:
                args[0] = executable
    
        if executable is None:
            executable = args[0]
    
        sys.audit("subprocess.Popen", executable, args, cwd, env)
    
        if (_USE_POSIX_SPAWN
                and os.path.dirname(executable)
                and preexec_fn is None
                and not close_fds
                and not pass_fds
                and cwd is None
                and (p2cread == -1 or p2cread > 2)
                and (c2pwrite == -1 or c2pwrite > 2)
                and (errwrite == -1 or errwrite > 2)
                and not start_new_session
                and process_group == -1
                and gid is None
                and gids is None
                and uid is None
                and umask < 0):
            self._posix_spawn(args, executable, env, restore_signals,
                              p2cread, p2cwrite,
                              c2pread, c2pwrite,
                              errread, errwrite)
            return
    
        orig_executable = executable
    
        # For transferring possible exec failure from child to parent.
        # Data format: "exception name:hex errno:description"
        # Pickle is not used; it is complex and involves memory allocation.
        errpipe_read, errpipe_write = os.pipe()
        # errpipe_write must not be in the standard io 0, 1, or 2 fd range.
        low_fds_to_close = []
        while errpipe_write < 3:
            low_fds_to_close.append(errpipe_write)
            errpipe_write = os.dup(errpipe_write)
        for low_fd in low_fds_to_close:
            os.close(low_fd)
        try:
            try:
                # We must avoid complex work that could involve
                # malloc or free in the child process to avoid
                # potential deadlocks, thus we do all this here.
                # and pass it to fork_exec()
    
                if env is not None:
                    env_list = []
                    for k, v in env.items():
                        k = os.fsencode(k)
                        if b'=' in k:
                            raise ValueError("illegal environment variable name")
                        env_list.append(k + b'=' + os.fsencode(v))
                else:
                    env_list = None  # Use execv instead of execve.
                executable = os.fsencode(executable)
                if os.path.dirname(executable):
                    executable_list = (executable,)
                else:
                    # This matches the behavior of os._execvpe().
                    executable_list = tuple(
                        os.path.join(os.fsencode(dir), executable)
                        for dir in os.get_exec_path(env))
                fds_to_keep = set(pass_fds)
                fds_to_keep.add(errpipe_write)
                self.pid = _fork_exec(
                        args, executable_list,
                        close_fds, tuple(sorted(map(int, fds_to_keep))),
                        cwd, env_list,
                        p2cread, p2cwrite, c2pread, c2pwrite,
                        errread, errwrite,
                        errpipe_read, errpipe_write,
                        restore_signals, start_new_session,
                        process_group, gid, gids, uid, umask,
                        preexec_fn, _USE_VFORK)
                self._child_created = True
            finally:
                # be sure the FD is closed no matter what
                os.close(errpipe_write)
    
            self._close_pipe_fds(p2cread, p2cwrite,
                                 c2pread, c2pwrite,
                                 errread, errwrite)
    
            # Wait for exec to fail or succeed; possibly raising an
            # exception (limited in size)
            errpipe_data = bytearray()
            while True:
                part = os.read(errpipe_read, 50000)
                errpipe_data += part
                if not part or len(errpipe_data) > 50000:
                    break
        finally:
            # be sure the FD is closed no matter what
            os.close(errpipe_read)
    
        if errpipe_data:
            try:
                pid, sts = os.waitpid(self.pid, 0)
                if pid == self.pid:
                    self._handle_exitstatus(sts)
                else:
                    self.returncode = sys.maxsize
            except ChildProcessError:
                pass
    
            try:
                exception_name, hex_errno, err_msg = (
                        errpipe_data.split(b':', 2))
                # The encoding here should match the encoding
                # written in by the subprocess implementations
                # like _posixsubprocess
                err_msg = err_msg.decode()
            except ValueError:
                exception_name = b'SubprocessError'
                hex_errno = b'0'
                err_msg = 'Bad exception data from child: {!r}'.format(
                              bytes(errpipe_data))
            child_exception_type = getattr(
                    builtins, exception_name.decode('ascii'),
                    SubprocessError)
            if issubclass(child_exception_type, OSError) and hex_errno:
                errno_num = int(hex_errno, 16)
                if err_msg == "noexec:chdir":
                    err_msg = ""
                    # The error must be from chdir(cwd).
                    err_filename = cwd
                elif err_msg == "noexec":
                    err_msg = ""
                    err_filename = None
                else:
                    err_filename = orig_executable
                if errno_num != 0:
                    err_msg = os.strerror(errno_num)
                if err_filename is not None:
>                   raise child_exception_type(errno_num, err_msg, err_filename)
E                   FileNotFoundError: [Errno 2] No such file or directory: '/workspace/SpecOrganon/.venv/bin/organon'

/usr/lib/python3.12/subprocess.py:1955: FileNotFoundError
____________ test_revised_checkpoint_is_rejected_without_overwrite _____________

prepared = (PosixPath('/runs/pytest/test_revised_checkpoint_is_rej0/trial'), {'state': 'prepared', 'coverage': {'published_numeric_claims': 17, 'audited_archived_survey_rows': 7}, 'manifest_steps': 37, 'ledger_created': False, ...})

>   ???

/datos/workspaces/personal/SpecOrganon/tests/test_audited_bread_recipe.py:470: 
_ _ _ _ _ _ _ _ _ _ _ _ _ _ _ _ _ _ _ _ _ _ _ _ _ _ _ _ _ _ _ _ _ _ _ _ _ _ _ _ 
/usr/lib/python3.12/asyncio/runners.py:194: in run
    return runner.run(main)
           ^^^^^^^^^^^^^^^^
/usr/lib/python3.12/asyncio/runners.py:118: in run
    return self._loop.run_until_complete(task)
           ^^^^^^^^^^^^^^^^^^^^^^^^^^^^^^^^^^^
/usr/lib/python3.12/asyncio/base_events.py:687: in run_until_complete
    return future.result()
           ^^^^^^^^^^^^^^^
scripts/run_audited_bread_recipe.py:291: in execute
    _cli(cli, "init", case, "--title", kwargs["title"], "--domain", "food", "--actor", ACTOR, "--approval-policy", "signed")
scripts/run_audited_bread_recipe.py:273: in _cli
    result = subprocess.run([str(executable), *args], capture_output=True, text=True,
/usr/lib/python3.12/subprocess.py:548: in run
    with Popen(*popenargs, **kwargs) as process:
         ^^^^^^^^^^^^^^^^^^^^^^^^^^^
/usr/lib/python3.12/subprocess.py:1026: in __init__
    self._execute_child(args, executable, preexec_fn, close_fds,
_ _ _ _ _ _ _ _ _ _ _ _ _ _ _ _ _ _ _ _ _ _ _ _ _ _ _ _ _ _ _ _ _ _ _ _ _ _ _ _ 

self = <Popen: returncode: 255 args: ['/workspace/SpecOrganon/.venv/bin/organon', '...>
args = ['/workspace/SpecOrganon/.venv/bin/organon', 'init', '/runs/pytest/test_revised_checkpoint_is_rej0/trial/case', '--title', 'D101 source-audited bread documentary case', '--domain', ...]
executable = b'/workspace/SpecOrganon/.venv/bin/organon', preexec_fn = None
close_fds = True, pass_fds = (), cwd = None, env = None, startupinfo = None
creationflags = 0, shell = False, p2cread = -1, p2cwrite = -1, c2pread = 14
c2pwrite = 15, errread = 16, errwrite = 17, restore_signals = True, gid = None
gids = None, uid = None, umask = -1, start_new_session = False
process_group = -1

    def _execute_child(self, args, executable, preexec_fn, close_fds,
                       pass_fds, cwd, env,
                       startupinfo, creationflags, shell,
                       p2cread, p2cwrite,
                       c2pread, c2pwrite,
                       errread, errwrite,
                       restore_signals,
                       gid, gids, uid, umask,
                       start_new_session, process_group):
        """Execute program (POSIX version)"""
    
        if isinstance(args, (str, bytes)):
            args = [args]
        elif isinstance(args, os.PathLike):
            if shell:
                raise TypeError('path-like args is not allowed when '
                                'shell is true')
            args = [args]
        else:
            args = list(args)
    
        if shell:
            # On Android the default shell is at '/system/bin/sh'.
            unix_shell = ('/system/bin/sh' if
                      hasattr(sys, 'getandroidapilevel') else '/bin/sh')
            args = [unix_shell, "-c"] + args
            if executable:
                args[0] = executable
    
        if executable is None:
            executable = args[0]
    
        sys.audit("subprocess.Popen", executable, args, cwd, env)
    
        if (_USE_POSIX_SPAWN
                and os.path.dirname(executable)
                and preexec_fn is None
                and not close_fds
                and not pass_fds
                and cwd is None
                and (p2cread == -1 or p2cread > 2)
                and (c2pwrite == -1 or c2pwrite > 2)
                and (errwrite == -1 or errwrite > 2)
                and not start_new_session
                and process_group == -1
                and gid is None
                and gids is None
                and uid is None
                and umask < 0):
            self._posix_spawn(args, executable, env, restore_signals,
                              p2cread, p2cwrite,
                              c2pread, c2pwrite,
                              errread, errwrite)
            return
    
        orig_executable = executable
    
        # For transferring possible exec failure from child to parent.
        # Data format: "exception name:hex errno:description"
        # Pickle is not used; it is complex and involves memory allocation.
        errpipe_read, errpipe_write = os.pipe()
        # errpipe_write must not be in the standard io 0, 1, or 2 fd range.
        low_fds_to_close = []
        while errpipe_write < 3:
            low_fds_to_close.append(errpipe_write)
            errpipe_write = os.dup(errpipe_write)
        for low_fd in low_fds_to_close:
            os.close(low_fd)
        try:
            try:
                # We must avoid complex work that could involve
                # malloc or free in the child process to avoid
                # potential deadlocks, thus we do all this here.
                # and pass it to fork_exec()
    
                if env is not None:
                    env_list = []
                    for k, v in env.items():
                        k = os.fsencode(k)
                        if b'=' in k:
                            raise ValueError("illegal environment variable name")
                        env_list.append(k + b'=' + os.fsencode(v))
                else:
                    env_list = None  # Use execv instead of execve.
                executable = os.fsencode(executable)
                if os.path.dirname(executable):
                    executable_list = (executable,)
                else:
                    # This matches the behavior of os._execvpe().
                    executable_list = tuple(
                        os.path.join(os.fsencode(dir), executable)
                        for dir in os.get_exec_path(env))
                fds_to_keep = set(pass_fds)
                fds_to_keep.add(errpipe_write)
                self.pid = _fork_exec(
                        args, executable_list,
                        close_fds, tuple(sorted(map(int, fds_to_keep))),
                        cwd, env_list,
                        p2cread, p2cwrite, c2pread, c2pwrite,
                        errread, errwrite,
                        errpipe_read, errpipe_write,
                        restore_signals, start_new_session,
                        process_group, gid, gids, uid, umask,
                        preexec_fn, _USE_VFORK)
                self._child_created = True
            finally:
                # be sure the FD is closed no matter what
                os.close(errpipe_write)
    
            self._close_pipe_fds(p2cread, p2cwrite,
                                 c2pread, c2pwrite,
                                 errread, errwrite)
    
            # Wait for exec to fail or succeed; possibly raising an
            # exception (limited in size)
            errpipe_data = bytearray()
            while True:
                part = os.read(errpipe_read, 50000)
                errpipe_data += part
                if not part or len(errpipe_data) > 50000:
                    break
        finally:
            # be sure the FD is closed no matter what
            os.close(errpipe_read)
    
        if errpipe_data:
            try:
                pid, sts = os.waitpid(self.pid, 0)
                if pid == self.pid:
                    self._handle_exitstatus(sts)
                else:
                    self.returncode = sys.maxsize
            except ChildProcessError:
                pass
    
            try:
                exception_name, hex_errno, err_msg = (
                        errpipe_data.split(b':', 2))
                # The encoding here should match the encoding
                # written in by the subprocess implementations
                # like _posixsubprocess
                err_msg = err_msg.decode()
            except ValueError:
                exception_name = b'SubprocessError'
                hex_errno = b'0'
                err_msg = 'Bad exception data from child: {!r}'.format(
                              bytes(errpipe_data))
            child_exception_type = getattr(
                    builtins, exception_name.decode('ascii'),
                    SubprocessError)
            if issubclass(child_exception_type, OSError) and hex_errno:
                errno_num = int(hex_errno, 16)
                if err_msg == "noexec:chdir":
                    err_msg = ""
                    # The error must be from chdir(cwd).
                    err_filename = cwd
                elif err_msg == "noexec":
                    err_msg = ""
                    err_filename = None
                else:
                    err_filename = orig_executable
                if errno_num != 0:
                    err_msg = os.strerror(errno_num)
                if err_filename is not None:
>                   raise child_exception_type(errno_num, err_msg, err_filename)
E                   FileNotFoundError: [Errno 2] No such file or directory: '/workspace/SpecOrganon/.venv/bin/organon'

/usr/lib/python3.12/subprocess.py:1955: FileNotFoundError
___________ test_installed_march_seed_recovers_after_durable_sigkill ___________

tmp_path = PosixPath('/runs/pytest/test_installed_march_seed_reco0')

>   ???
E   AssertionError: offline uv cache is required
E   assert (True and False)
E    +  where True = is_absolute()
E    +    where is_absolute = PosixPath('/home/ubuntu/.cache/uv').is_absolute
E    +  and   False = is_dir()
E    +    where is_dir = PosixPath('/home/ubuntu/.cache/uv').is_dir

/datos/workspaces/personal/SpecOrganon/tests/test_citibike_march_crash_recovery.py:40: AssertionError
_ test_original_modes_multiple_delegations_same_budget_and_final_host_analysis[D-F-A] _

bundle = PosixPath('/runs/pytest/D119-original-bundle0/bundle')
tmp_path = PosixPath('/runs/pytest/test_original_modes_multiple_d0'), arm = 'A'
case_id = 'D-F'

>   ???

/datos/workspaces/personal/SpecOrganon/tests/test_coordinated_prototype_runtime.py:82: 
_ _ _ _ _ _ _ _ _ _ _ _ _ _ _ _ _ _ _ _ _ _ _ _ _ _ _ _ _ _ _ _ _ _ _ _ _ _ _ _ 
scripts/coordinated_prototype_runtime.py:184: in prepare_coordinated_runtime
    _publication()
_ _ _ _ _ _ _ _ _ _ _ _ _ _ _ _ _ _ _ _ _ _ _ _ _ _ _ _ _ _ _ _ _ _ _ _ _ _ _ _ 

    def _publication() -> dict:
        raw = preparation._read(SPEC / "source_freeze.json")
        if _sha(raw) != SPEC_SHA256:
            raise CoordinatedRuntimeError("published D118 source freeze is absent or changed")
        freeze = delivery.parse_json(raw)
        for row in freeze["records"]:
            source = preparation._read(ROOT / row["path"])
            if len(source) != row["bytes"] or _sha(source) != row["sha256"]:
>               raise CoordinatedRuntimeError("published contract/compiler sources changed")
E               coordinated_prototype_runtime.CoordinatedRuntimeError: published contract/compiler sources changed

scripts/coordinated_prototype_runtime.py:88: CoordinatedRuntimeError
_ test_original_modes_multiple_delegations_same_budget_and_final_host_analysis[D-F-B] _

bundle = PosixPath('/runs/pytest/D119-original-bundle0/bundle')
tmp_path = PosixPath('/runs/pytest/test_original_modes_multiple_d1'), arm = 'B'
case_id = 'D-F'

>   ???

/datos/workspaces/personal/SpecOrganon/tests/test_coordinated_prototype_runtime.py:82: 
_ _ _ _ _ _ _ _ _ _ _ _ _ _ _ _ _ _ _ _ _ _ _ _ _ _ _ _ _ _ _ _ _ _ _ _ _ _ _ _ 
scripts/coordinated_prototype_runtime.py:184: in prepare_coordinated_runtime
    _publication()
_ _ _ _ _ _ _ _ _ _ _ _ _ _ _ _ _ _ _ _ _ _ _ _ _ _ _ _ _ _ _ _ _ _ _ _ _ _ _ _ 

    def _publication() -> dict:
        raw = preparation._read(SPEC / "source_freeze.json")
        if _sha(raw) != SPEC_SHA256:
            raise CoordinatedRuntimeError("published D118 source freeze is absent or changed")
        freeze = delivery.parse_json(raw)
        for row in freeze["records"]:
            source = preparation._read(ROOT / row["path"])
            if len(source) != row["bytes"] or _sha(source) != row["sha256"]:
>               raise CoordinatedRuntimeError("published contract/compiler sources changed")
E               coordinated_prototype_runtime.CoordinatedRuntimeError: published contract/compiler sources changed

scripts/coordinated_prototype_runtime.py:88: CoordinatedRuntimeError
_ test_original_modes_multiple_delegations_same_budget_and_final_host_analysis[D-F-C] _

bundle = PosixPath('/runs/pytest/D119-original-bundle0/bundle')
tmp_path = PosixPath('/runs/pytest/test_original_modes_multiple_d2'), arm = 'C'
case_id = 'D-F'

>   ???

/datos/workspaces/personal/SpecOrganon/tests/test_coordinated_prototype_runtime.py:82: 
_ _ _ _ _ _ _ _ _ _ _ _ _ _ _ _ _ _ _ _ _ _ _ _ _ _ _ _ _ _ _ _ _ _ _ _ _ _ _ _ 
scripts/coordinated_prototype_runtime.py:184: in prepare_coordinated_runtime
    _publication()
_ _ _ _ _ _ _ _ _ _ _ _ _ _ _ _ _ _ _ _ _ _ _ _ _ _ _ _ _ _ _ _ _ _ _ _ _ _ _ _ 

    def _publication() -> dict:
        raw = preparation._read(SPEC / "source_freeze.json")
        if _sha(raw) != SPEC_SHA256:
            raise CoordinatedRuntimeError("published D118 source freeze is absent or changed")
        freeze = delivery.parse_json(raw)
        for row in freeze["records"]:
            source = preparation._read(ROOT / row["path"])
            if len(source) != row["bytes"] or _sha(source) != row["sha256"]:
>               raise CoordinatedRuntimeError("published contract/compiler sources changed")
E               coordinated_prototype_runtime.CoordinatedRuntimeError: published contract/compiler sources changed

scripts/coordinated_prototype_runtime.py:88: CoordinatedRuntimeError
_ test_original_modes_multiple_delegations_same_budget_and_final_host_analysis[D-E-A] _

bundle = PosixPath('/runs/pytest/D119-original-bundle0/bundle')
tmp_path = PosixPath('/runs/pytest/test_original_modes_multiple_d3'), arm = 'A'
case_id = 'D-E'

>   ???

/datos/workspaces/personal/SpecOrganon/tests/test_coordinated_prototype_runtime.py:82: 
_ _ _ _ _ _ _ _ _ _ _ _ _ _ _ _ _ _ _ _ _ _ _ _ _ _ _ _ _ _ _ _ _ _ _ _ _ _ _ _ 
scripts/coordinated_prototype_runtime.py:184: in prepare_coordinated_runtime
    _publication()
_ _ _ _ _ _ _ _ _ _ _ _ _ _ _ _ _ _ _ _ _ _ _ _ _ _ _ _ _ _ _ _ _ _ _ _ _ _ _ _ 

    def _publication() -> dict:
        raw = preparation._read(SPEC / "source_freeze.json")
        if _sha(raw) != SPEC_SHA256:
            raise CoordinatedRuntimeError("published D118 source freeze is absent or changed")
        freeze = delivery.parse_json(raw)
        for row in freeze["records"]:
            source = preparation._read(ROOT / row["path"])
            if len(source) != row["bytes"] or _sha(source) != row["sha256"]:
>               raise CoordinatedRuntimeError("published contract/compiler sources changed")
E               coordinated_prototype_runtime.CoordinatedRuntimeError: published contract/compiler sources changed

scripts/coordinated_prototype_runtime.py:88: CoordinatedRuntimeError
_ test_original_modes_multiple_delegations_same_budget_and_final_host_analysis[D-E-B] _

bundle = PosixPath('/runs/pytest/D119-original-bundle0/bundle')
tmp_path = PosixPath('/runs/pytest/test_original_modes_multiple_d4'), arm = 'B'
case_id = 'D-E'

>   ???

/datos/workspaces/personal/SpecOrganon/tests/test_coordinated_prototype_runtime.py:82: 
_ _ _ _ _ _ _ _ _ _ _ _ _ _ _ _ _ _ _ _ _ _ _ _ _ _ _ _ _ _ _ _ _ _ _ _ _ _ _ _ 
scripts/coordinated_prototype_runtime.py:184: in prepare_coordinated_runtime
    _publication()
_ _ _ _ _ _ _ _ _ _ _ _ _ _ _ _ _ _ _ _ _ _ _ _ _ _ _ _ _ _ _ _ _ _ _ _ _ _ _ _ 

    def _publication() -> dict:
        raw = preparation._read(SPEC / "source_freeze.json")
        if _sha(raw) != SPEC_SHA256:
            raise CoordinatedRuntimeError("published D118 source freeze is absent or changed")
        freeze = delivery.parse_json(raw)
        for row in freeze["records"]:
            source = preparation._read(ROOT / row["path"])
            if len(source) != row["bytes"] or _sha(source) != row["sha256"]:
>               raise CoordinatedRuntimeError("published contract/compiler sources changed")
E               coordinated_prototype_runtime.CoordinatedRuntimeError: published contract/compiler sources changed

scripts/coordinated_prototype_runtime.py:88: CoordinatedRuntimeError
_ test_original_modes_multiple_delegations_same_budget_and_final_host_analysis[D-E-C] _

bundle = PosixPath('/runs/pytest/D119-original-bundle0/bundle')
tmp_path = PosixPath('/runs/pytest/test_original_modes_multiple_d5'), arm = 'C'
case_id = 'D-E'

>   ???

/datos/workspaces/personal/SpecOrganon/tests/test_coordinated_prototype_runtime.py:82: 
_ _ _ _ _ _ _ _ _ _ _ _ _ _ _ _ _ _ _ _ _ _ _ _ _ _ _ _ _ _ _ _ _ _ _ _ _ _ _ _ 
scripts/coordinated_prototype_runtime.py:184: in prepare_coordinated_runtime
    _publication()
_ _ _ _ _ _ _ _ _ _ _ _ _ _ _ _ _ _ _ _ _ _ _ _ _ _ _ _ _ _ _ _ _ _ _ _ _ _ _ _ 

    def _publication() -> dict:
        raw = preparation._read(SPEC / "source_freeze.json")
        if _sha(raw) != SPEC_SHA256:
            raise CoordinatedRuntimeError("published D118 source freeze is absent or changed")
        freeze = delivery.parse_json(raw)
        for row in freeze["records"]:
            source = preparation._read(ROOT / row["path"])
            if len(source) != row["bytes"] or _sha(source) != row["sha256"]:
>               raise CoordinatedRuntimeError("published contract/compiler sources changed")
E               coordinated_prototype_runtime.CoordinatedRuntimeError: published contract/compiler sources changed

scripts/coordinated_prototype_runtime.py:88: CoordinatedRuntimeError
______ test_stale_checkpoint_rejected_without_transport_or_budget_changes ______

bundle = PosixPath('/runs/pytest/D119-original-bundle0/bundle')
tmp_path = PosixPath('/runs/pytest/test_stale_checkpoint_rejected0')

>   ???

/datos/workspaces/personal/SpecOrganon/tests/test_coordinated_prototype_runtime.py:139: 
_ _ _ _ _ _ _ _ _ _ _ _ _ _ _ _ _ _ _ _ _ _ _ _ _ _ _ _ _ _ _ _ _ _ _ _ _ _ _ _ 
scripts/coordinated_prototype_runtime.py:184: in prepare_coordinated_runtime
    _publication()
_ _ _ _ _ _ _ _ _ _ _ _ _ _ _ _ _ _ _ _ _ _ _ _ _ _ _ _ _ _ _ _ _ _ _ _ _ _ _ _ 

    def _publication() -> dict:
        raw = preparation._read(SPEC / "source_freeze.json")
        if _sha(raw) != SPEC_SHA256:
            raise CoordinatedRuntimeError("published D118 source freeze is absent or changed")
        freeze = delivery.parse_json(raw)
        for row in freeze["records"]:
            source = preparation._read(ROOT / row["path"])
            if len(source) != row["bytes"] or _sha(source) != row["sha256"]:
>               raise CoordinatedRuntimeError("published contract/compiler sources changed")
E               coordinated_prototype_runtime.CoordinatedRuntimeError: published contract/compiler sources changed

scripts/coordinated_prototype_runtime.py:88: CoordinatedRuntimeError
_______________ test_declared_unpublished_freeze_is_not_admitted _______________

tmp_path = PosixPath('/runs/pytest/test_declared_unpublished_free0')

>   ???
E   AssertionError: Regex pattern did not match.
E     Expected regex: 'published D118'
E     Actual message: 'published contract/compiler sources changed'

/datos/workspaces/personal/SpecOrganon/tests/test_coordinated_prototype_runtime.py:176: AssertionError
________ test_changed_input_after_prepare_never_counts_sends_or_claims _________

bundle = PosixPath('/runs/pytest/D119-original-bundle0/bundle')
tmp_path = PosixPath('/runs/pytest/test_changed_input_after_prepa0')

>   ???

/datos/workspaces/personal/SpecOrganon/tests/test_coordinated_prototype_runtime.py:183: 
_ _ _ _ _ _ _ _ _ _ _ _ _ _ _ _ _ _ _ _ _ _ _ _ _ _ _ _ _ _ _ _ _ _ _ _ _ _ _ _ 
scripts/coordinated_prototype_runtime.py:184: in prepare_coordinated_runtime
    _publication()
_ _ _ _ _ _ _ _ _ _ _ _ _ _ _ _ _ _ _ _ _ _ _ _ _ _ _ _ _ _ _ _ _ _ _ _ _ _ _ _ 

    def _publication() -> dict:
        raw = preparation._read(SPEC / "source_freeze.json")
        if _sha(raw) != SPEC_SHA256:
            raise CoordinatedRuntimeError("published D118 source freeze is absent or changed")
        freeze = delivery.parse_json(raw)
        for row in freeze["records"]:
            source = preparation._read(ROOT / row["path"])
            if len(source) != row["bytes"] or _sha(source) != row["sha256"]:
>               raise CoordinatedRuntimeError("published contract/compiler sources changed")
E               coordinated_prototype_runtime.CoordinatedRuntimeError: published contract/compiler sources changed

scripts/coordinated_prototype_runtime.py:88: CoordinatedRuntimeError
=========================== short test summary info ============================
FAILED tests/test_audit_development_triplet.py::test_six_fake_cli_runs_are_observed_as_one_local_set
FAILED tests/test_audited_bread_recipe.py::test_real_cli_recipe_is_pending_and_restart_writes_zero_events
FAILED tests/test_audited_bread_recipe.py::test_cli_uses_sealed_audited_manifest_when_disk_manifest_changes_at_launch
FAILED tests/test_audited_bread_recipe.py::test_transport_response_without_actual_ledger_cannot_claim_publication[reported0]
FAILED tests/test_audited_bread_recipe.py::test_transport_response_without_actual_ledger_cannot_claim_publication[reported1]
FAILED tests/test_audited_bread_recipe.py::test_archive_changed_at_run_leaves_retained_negative_checkpoint
FAILED tests/test_audited_bread_recipe.py::test_engine_source_invalidity_reaches_actual_dependents[source_lca.pdf]
FAILED tests/test_audited_bread_recipe.py::test_engine_source_invalidity_reaches_actual_dependents[source_survey.pdf]
FAILED tests/test_audited_bread_recipe.py::test_engine_source_invalidity_reaches_actual_dependents[survey_table1.json]
FAILED tests/test_audited_bread_recipe.py::test_revised_checkpoint_is_rejected_without_overwrite
FAILED tests/test_citibike_march_crash_recovery.py::test_installed_march_seed_recovers_after_durable_sigkill
FAILED tests/test_coordinated_prototype_runtime.py::test_original_modes_multiple_delegations_same_budget_and_final_host_analysis[D-F-A]
FAILED tests/test_coordinated_prototype_runtime.py::test_original_modes_multiple_delegations_same_budget_and_final_host_analysis[D-F-B]
FAILED tests/test_coordinated_prototype_runtime.py::test_original_modes_multiple_delegations_same_budget_and_final_host_analysis[D-F-C]
FAILED tests/test_coordinated_prototype_runtime.py::test_original_modes_multiple_delegations_same_budget_and_final_host_analysis[D-E-A]
FAILED tests/test_coordinated_prototype_runtime.py::test_original_modes_multiple_delegations_same_budget_and_final_host_analysis[D-E-B]
FAILED tests/test_coordinated_prototype_runtime.py::test_original_modes_multiple_delegations_same_budget_and_final_host_analysis[D-E-C]
FAILED tests/test_coordinated_prototype_runtime.py::test_stale_checkpoint_rejected_without_transport_or_budget_changes
FAILED tests/test_coordinated_prototype_runtime.py::test_declared_unpublished_freeze_is_not_admitted
FAILED tests/test_coordinated_prototype_runtime.py::test_changed_input_after_prepare_never_counts_sends_or_claims
!!!!!!!!!!!!!!!!!!!!!!!!!! stopping after 20 failures !!!!!!!!!!!!!!!!!!!!!!!!!!
20 failed, 1077 passed, 1 skipped, 13 subtests passed in 282.59s (0:04:42)
