.F.FFFFFFFFFFF.....FF...............F.......F..........FEEEEEEEEEEEEEEEE [ 83%]
EEEEEEE...E.EE                                                           [100%]
==================================== ERRORS ====================================
__ ERROR at setup of test_read_real_pdf_retains_page_and_extractor_provenance __

    @pytest.fixture(scope="module")
    def source_pdf():
>       return read_pdf_pages(PDF, SPEC)
               ^^^^^^^^^^^^^^^^^^^^^^^^^

tests/test_source_passages.py:29: 
_ _ _ _ _ _ _ _ _ _ _ _ _ _ _ _ _ _ _ _ _ _ _ _ _ _ _ _ _ _ _ _ _ _ _ _ _ _ _ _ 
src/specorganon/source_passages.py:145: in read_pdf_pages
    with _sealed_extractor(extractor) as (executable, fd), tempfile.TemporaryDirectory(
         ^^^^^^^^^^^^^^^^^^^^^^^^^^^^
/home/stev/.local/share/uv/python/cpython-3.12.13-linux-x86_64-gnu/lib/python3.12/contextlib.py:137: in __enter__
    return next(self.gen)
           ^^^^^^^^^^^^^^
_ _ _ _ _ _ _ _ _ _ _ _ _ _ _ _ _ _ _ _ _ _ _ _ _ _ _ _ _ _ _ _ _ _ _ _ _ _ _ _ 

spec = ExtractorSpec(path=PosixPath('/usr/bin/pdftotext'), sha256='47253257c7a7995ea6c8ad54b47b0edece8739dd4102c7bcd5a729472c386fb4')

    @contextmanager
    def _sealed_extractor(spec: ExtractorSpec):
        """Execute the verified binary bytes, without a second path lookup."""
        if (not spec.path.is_absolute()
                or re.fullmatch(r"[0-9a-f]{64}", spec.sha256) is None):
            raise SourceAuditError("extractor needs an absolute path and reviewed digest")
        sealed = None
        try:
            fd = os.open(spec.path, os.O_RDONLY | os.O_NOFOLLOW | os.O_NONBLOCK)
            with os.fdopen(fd, "rb") as stream:
                info = os.fstat(stream.fileno())
                if not stat.S_ISREG(info.st_mode) or not 0 < info.st_size <= 20_000_000:
                    raise SourceAuditError("extractor is not a bounded regular file")
                raw = stream.read(20_000_001)
            if hashlib.sha256(raw).hexdigest() != spec.sha256:
                raise SourceAuditError("extractor bytes differ from reviewed digest")
>           sealed = os.memfd_create("organon-pdftotext", os.MFD_CLOEXEC | os.MFD_ALLOW_SEALING)
                     ^^^^^^^^^^^^^^^
E           AttributeError: module 'os' has no attribute 'memfd_create'

src/specorganon/source_passages.py:109: AttributeError
____ ERROR at setup of test_unique_named_match_is_bound_to_page_and_passage ____

    @pytest.fixture(scope="module")
    def source_pdf():
>       return read_pdf_pages(PDF, SPEC)
               ^^^^^^^^^^^^^^^^^^^^^^^^^

tests/test_source_passages.py:29: 
_ _ _ _ _ _ _ _ _ _ _ _ _ _ _ _ _ _ _ _ _ _ _ _ _ _ _ _ _ _ _ _ _ _ _ _ _ _ _ _ 
src/specorganon/source_passages.py:145: in read_pdf_pages
    with _sealed_extractor(extractor) as (executable, fd), tempfile.TemporaryDirectory(
         ^^^^^^^^^^^^^^^^^^^^^^^^^^^^
/home/stev/.local/share/uv/python/cpython-3.12.13-linux-x86_64-gnu/lib/python3.12/contextlib.py:137: in __enter__
    return next(self.gen)
           ^^^^^^^^^^^^^^
_ _ _ _ _ _ _ _ _ _ _ _ _ _ _ _ _ _ _ _ _ _ _ _ _ _ _ _ _ _ _ _ _ _ _ _ _ _ _ _ 

spec = ExtractorSpec(path=PosixPath('/usr/bin/pdftotext'), sha256='47253257c7a7995ea6c8ad54b47b0edece8739dd4102c7bcd5a729472c386fb4')

    @contextmanager
    def _sealed_extractor(spec: ExtractorSpec):
        """Execute the verified binary bytes, without a second path lookup."""
        if (not spec.path.is_absolute()
                or re.fullmatch(r"[0-9a-f]{64}", spec.sha256) is None):
            raise SourceAuditError("extractor needs an absolute path and reviewed digest")
        sealed = None
        try:
            fd = os.open(spec.path, os.O_RDONLY | os.O_NOFOLLOW | os.O_NONBLOCK)
            with os.fdopen(fd, "rb") as stream:
                info = os.fstat(stream.fileno())
                if not stat.S_ISREG(info.st_mode) or not 0 < info.st_size <= 20_000_000:
                    raise SourceAuditError("extractor is not a bounded regular file")
                raw = stream.read(20_000_001)
            if hashlib.sha256(raw).hexdigest() != spec.sha256:
                raise SourceAuditError("extractor bytes differ from reviewed digest")
>           sealed = os.memfd_create("organon-pdftotext", os.MFD_CLOEXEC | os.MFD_ALLOW_SEALING)
                     ^^^^^^^^^^^^^^^
E           AttributeError: module 'os' has no attribute 'memfd_create'

src/specorganon/source_passages.py:109: AttributeError
_ ERROR at setup of test_only_whitespace_is_normalized_without_losing_original_page_binding _

    @pytest.fixture(scope="module")
    def source_pdf():
>       return read_pdf_pages(PDF, SPEC)
               ^^^^^^^^^^^^^^^^^^^^^^^^^

tests/test_source_passages.py:29: 
_ _ _ _ _ _ _ _ _ _ _ _ _ _ _ _ _ _ _ _ _ _ _ _ _ _ _ _ _ _ _ _ _ _ _ _ _ _ _ _ 
src/specorganon/source_passages.py:145: in read_pdf_pages
    with _sealed_extractor(extractor) as (executable, fd), tempfile.TemporaryDirectory(
         ^^^^^^^^^^^^^^^^^^^^^^^^^^^^
/home/stev/.local/share/uv/python/cpython-3.12.13-linux-x86_64-gnu/lib/python3.12/contextlib.py:137: in __enter__
    return next(self.gen)
           ^^^^^^^^^^^^^^
_ _ _ _ _ _ _ _ _ _ _ _ _ _ _ _ _ _ _ _ _ _ _ _ _ _ _ _ _ _ _ _ _ _ _ _ _ _ _ _ 

spec = ExtractorSpec(path=PosixPath('/usr/bin/pdftotext'), sha256='47253257c7a7995ea6c8ad54b47b0edece8739dd4102c7bcd5a729472c386fb4')

    @contextmanager
    def _sealed_extractor(spec: ExtractorSpec):
        """Execute the verified binary bytes, without a second path lookup."""
        if (not spec.path.is_absolute()
                or re.fullmatch(r"[0-9a-f]{64}", spec.sha256) is None):
            raise SourceAuditError("extractor needs an absolute path and reviewed digest")
        sealed = None
        try:
            fd = os.open(spec.path, os.O_RDONLY | os.O_NOFOLLOW | os.O_NONBLOCK)
            with os.fdopen(fd, "rb") as stream:
                info = os.fstat(stream.fileno())
                if not stat.S_ISREG(info.st_mode) or not 0 < info.st_size <= 20_000_000:
                    raise SourceAuditError("extractor is not a bounded regular file")
                raw = stream.read(20_000_001)
            if hashlib.sha256(raw).hexdigest() != spec.sha256:
                raise SourceAuditError("extractor bytes differ from reviewed digest")
>           sealed = os.memfd_create("organon-pdftotext", os.MFD_CLOEXEC | os.MFD_ALLOW_SEALING)
                     ^^^^^^^^^^^^^^^
E           AttributeError: module 'os' has no attribute 'memfd_create'

src/specorganon/source_passages.py:109: AttributeError
_ ERROR at setup of test_ambiguous_anchor_or_match_is_rejected[BEGIN 129 kWh/t_flour END BEGIN 130 kWh/t_flour END] _

    @pytest.fixture(scope="module")
    def source_pdf():
>       return read_pdf_pages(PDF, SPEC)
               ^^^^^^^^^^^^^^^^^^^^^^^^^

tests/test_source_passages.py:29: 
_ _ _ _ _ _ _ _ _ _ _ _ _ _ _ _ _ _ _ _ _ _ _ _ _ _ _ _ _ _ _ _ _ _ _ _ _ _ _ _ 
src/specorganon/source_passages.py:145: in read_pdf_pages
    with _sealed_extractor(extractor) as (executable, fd), tempfile.TemporaryDirectory(
         ^^^^^^^^^^^^^^^^^^^^^^^^^^^^
/home/stev/.local/share/uv/python/cpython-3.12.13-linux-x86_64-gnu/lib/python3.12/contextlib.py:137: in __enter__
    return next(self.gen)
           ^^^^^^^^^^^^^^
_ _ _ _ _ _ _ _ _ _ _ _ _ _ _ _ _ _ _ _ _ _ _ _ _ _ _ _ _ _ _ _ _ _ _ _ _ _ _ _ 

spec = ExtractorSpec(path=PosixPath('/usr/bin/pdftotext'), sha256='47253257c7a7995ea6c8ad54b47b0edece8739dd4102c7bcd5a729472c386fb4')

    @contextmanager
    def _sealed_extractor(spec: ExtractorSpec):
        """Execute the verified binary bytes, without a second path lookup."""
        if (not spec.path.is_absolute()
                or re.fullmatch(r"[0-9a-f]{64}", spec.sha256) is None):
            raise SourceAuditError("extractor needs an absolute path and reviewed digest")
        sealed = None
        try:
            fd = os.open(spec.path, os.O_RDONLY | os.O_NOFOLLOW | os.O_NONBLOCK)
            with os.fdopen(fd, "rb") as stream:
                info = os.fstat(stream.fileno())
                if not stat.S_ISREG(info.st_mode) or not 0 < info.st_size <= 20_000_000:
                    raise SourceAuditError("extractor is not a bounded regular file")
                raw = stream.read(20_000_001)
            if hashlib.sha256(raw).hexdigest() != spec.sha256:
                raise SourceAuditError("extractor bytes differ from reviewed digest")
>           sealed = os.memfd_create("organon-pdftotext", os.MFD_CLOEXEC | os.MFD_ALLOW_SEALING)
                     ^^^^^^^^^^^^^^^
E           AttributeError: module 'os' has no attribute 'memfd_create'

src/specorganon/source_passages.py:109: AttributeError
_ ERROR at setup of test_ambiguous_anchor_or_match_is_rejected[BEGIN 129 kWh/t_flour END END] _

    @pytest.fixture(scope="module")
    def source_pdf():
>       return read_pdf_pages(PDF, SPEC)
               ^^^^^^^^^^^^^^^^^^^^^^^^^

tests/test_source_passages.py:29: 
_ _ _ _ _ _ _ _ _ _ _ _ _ _ _ _ _ _ _ _ _ _ _ _ _ _ _ _ _ _ _ _ _ _ _ _ _ _ _ _ 
src/specorganon/source_passages.py:145: in read_pdf_pages
    with _sealed_extractor(extractor) as (executable, fd), tempfile.TemporaryDirectory(
         ^^^^^^^^^^^^^^^^^^^^^^^^^^^^
/home/stev/.local/share/uv/python/cpython-3.12.13-linux-x86_64-gnu/lib/python3.12/contextlib.py:137: in __enter__
    return next(self.gen)
           ^^^^^^^^^^^^^^
_ _ _ _ _ _ _ _ _ _ _ _ _ _ _ _ _ _ _ _ _ _ _ _ _ _ _ _ _ _ _ _ _ _ _ _ _ _ _ _ 

spec = ExtractorSpec(path=PosixPath('/usr/bin/pdftotext'), sha256='47253257c7a7995ea6c8ad54b47b0edece8739dd4102c7bcd5a729472c386fb4')

    @contextmanager
    def _sealed_extractor(spec: ExtractorSpec):
        """Execute the verified binary bytes, without a second path lookup."""
        if (not spec.path.is_absolute()
                or re.fullmatch(r"[0-9a-f]{64}", spec.sha256) is None):
            raise SourceAuditError("extractor needs an absolute path and reviewed digest")
        sealed = None
        try:
            fd = os.open(spec.path, os.O_RDONLY | os.O_NOFOLLOW | os.O_NONBLOCK)
            with os.fdopen(fd, "rb") as stream:
                info = os.fstat(stream.fileno())
                if not stat.S_ISREG(info.st_mode) or not 0 < info.st_size <= 20_000_000:
                    raise SourceAuditError("extractor is not a bounded regular file")
                raw = stream.read(20_000_001)
            if hashlib.sha256(raw).hexdigest() != spec.sha256:
                raise SourceAuditError("extractor bytes differ from reviewed digest")
>           sealed = os.memfd_create("organon-pdftotext", os.MFD_CLOEXEC | os.MFD_ALLOW_SEALING)
                     ^^^^^^^^^^^^^^^
E           AttributeError: module 'os' has no attribute 'memfd_create'

src/specorganon/source_passages.py:109: AttributeError
_ ERROR at setup of test_ambiguous_anchor_or_match_is_rejected[BEGIN BEGIN 129 kWh/t_flour END] _

    @pytest.fixture(scope="module")
    def source_pdf():
>       return read_pdf_pages(PDF, SPEC)
               ^^^^^^^^^^^^^^^^^^^^^^^^^

tests/test_source_passages.py:29: 
_ _ _ _ _ _ _ _ _ _ _ _ _ _ _ _ _ _ _ _ _ _ _ _ _ _ _ _ _ _ _ _ _ _ _ _ _ _ _ _ 
src/specorganon/source_passages.py:145: in read_pdf_pages
    with _sealed_extractor(extractor) as (executable, fd), tempfile.TemporaryDirectory(
         ^^^^^^^^^^^^^^^^^^^^^^^^^^^^
/home/stev/.local/share/uv/python/cpython-3.12.13-linux-x86_64-gnu/lib/python3.12/contextlib.py:137: in __enter__
    return next(self.gen)
           ^^^^^^^^^^^^^^
_ _ _ _ _ _ _ _ _ _ _ _ _ _ _ _ _ _ _ _ _ _ _ _ _ _ _ _ _ _ _ _ _ _ _ _ _ _ _ _ 

spec = ExtractorSpec(path=PosixPath('/usr/bin/pdftotext'), sha256='47253257c7a7995ea6c8ad54b47b0edece8739dd4102c7bcd5a729472c386fb4')

    @contextmanager
    def _sealed_extractor(spec: ExtractorSpec):
        """Execute the verified binary bytes, without a second path lookup."""
        if (not spec.path.is_absolute()
                or re.fullmatch(r"[0-9a-f]{64}", spec.sha256) is None):
            raise SourceAuditError("extractor needs an absolute path and reviewed digest")
        sealed = None
        try:
            fd = os.open(spec.path, os.O_RDONLY | os.O_NOFOLLOW | os.O_NONBLOCK)
            with os.fdopen(fd, "rb") as stream:
                info = os.fstat(stream.fileno())
                if not stat.S_ISREG(info.st_mode) or not 0 < info.st_size <= 20_000_000:
                    raise SourceAuditError("extractor is not a bounded regular file")
                raw = stream.read(20_000_001)
            if hashlib.sha256(raw).hexdigest() != spec.sha256:
                raise SourceAuditError("extractor bytes differ from reviewed digest")
>           sealed = os.memfd_create("organon-pdftotext", os.MFD_CLOEXEC | os.MFD_ALLOW_SEALING)
                     ^^^^^^^^^^^^^^^
E           AttributeError: module 'os' has no attribute 'memfd_create'

src/specorganon/source_passages.py:109: AttributeError
_ ERROR at setup of test_ambiguous_anchor_or_match_is_rejected[BEGIN 129 kWh/t_flour and 130 kWh/t_flour END] _

    @pytest.fixture(scope="module")
    def source_pdf():
>       return read_pdf_pages(PDF, SPEC)
               ^^^^^^^^^^^^^^^^^^^^^^^^^

tests/test_source_passages.py:29: 
_ _ _ _ _ _ _ _ _ _ _ _ _ _ _ _ _ _ _ _ _ _ _ _ _ _ _ _ _ _ _ _ _ _ _ _ _ _ _ _ 
src/specorganon/source_passages.py:145: in read_pdf_pages
    with _sealed_extractor(extractor) as (executable, fd), tempfile.TemporaryDirectory(
         ^^^^^^^^^^^^^^^^^^^^^^^^^^^^
/home/stev/.local/share/uv/python/cpython-3.12.13-linux-x86_64-gnu/lib/python3.12/contextlib.py:137: in __enter__
    return next(self.gen)
           ^^^^^^^^^^^^^^
_ _ _ _ _ _ _ _ _ _ _ _ _ _ _ _ _ _ _ _ _ _ _ _ _ _ _ _ _ _ _ _ _ _ _ _ _ _ _ _ 

spec = ExtractorSpec(path=PosixPath('/usr/bin/pdftotext'), sha256='47253257c7a7995ea6c8ad54b47b0edece8739dd4102c7bcd5a729472c386fb4')

    @contextmanager
    def _sealed_extractor(spec: ExtractorSpec):
        """Execute the verified binary bytes, without a second path lookup."""
        if (not spec.path.is_absolute()
                or re.fullmatch(r"[0-9a-f]{64}", spec.sha256) is None):
            raise SourceAuditError("extractor needs an absolute path and reviewed digest")
        sealed = None
        try:
            fd = os.open(spec.path, os.O_RDONLY | os.O_NOFOLLOW | os.O_NONBLOCK)
            with os.fdopen(fd, "rb") as stream:
                info = os.fstat(stream.fileno())
                if not stat.S_ISREG(info.st_mode) or not 0 < info.st_size <= 20_000_000:
                    raise SourceAuditError("extractor is not a bounded regular file")
                raw = stream.read(20_000_001)
            if hashlib.sha256(raw).hexdigest() != spec.sha256:
                raise SourceAuditError("extractor bytes differ from reviewed digest")
>           sealed = os.memfd_create("organon-pdftotext", os.MFD_CLOEXEC | os.MFD_ALLOW_SEALING)
                     ^^^^^^^^^^^^^^^
E           AttributeError: module 'os' has no attribute 'memfd_create'

src/specorganon/source_passages.py:109: AttributeError
_ ERROR at setup of test_ambiguous_anchor_or_match_is_rejected[END BEGIN 129 kWh/t_flour END] _

    @pytest.fixture(scope="module")
    def source_pdf():
>       return read_pdf_pages(PDF, SPEC)
               ^^^^^^^^^^^^^^^^^^^^^^^^^

tests/test_source_passages.py:29: 
_ _ _ _ _ _ _ _ _ _ _ _ _ _ _ _ _ _ _ _ _ _ _ _ _ _ _ _ _ _ _ _ _ _ _ _ _ _ _ _ 
src/specorganon/source_passages.py:145: in read_pdf_pages
    with _sealed_extractor(extractor) as (executable, fd), tempfile.TemporaryDirectory(
         ^^^^^^^^^^^^^^^^^^^^^^^^^^^^
/home/stev/.local/share/uv/python/cpython-3.12.13-linux-x86_64-gnu/lib/python3.12/contextlib.py:137: in __enter__
    return next(self.gen)
           ^^^^^^^^^^^^^^
_ _ _ _ _ _ _ _ _ _ _ _ _ _ _ _ _ _ _ _ _ _ _ _ _ _ _ _ _ _ _ _ _ _ _ _ _ _ _ _ 

spec = ExtractorSpec(path=PosixPath('/usr/bin/pdftotext'), sha256='47253257c7a7995ea6c8ad54b47b0edece8739dd4102c7bcd5a729472c386fb4')

    @contextmanager
    def _sealed_extractor(spec: ExtractorSpec):
        """Execute the verified binary bytes, without a second path lookup."""
        if (not spec.path.is_absolute()
                or re.fullmatch(r"[0-9a-f]{64}", spec.sha256) is None):
            raise SourceAuditError("extractor needs an absolute path and reviewed digest")
        sealed = None
        try:
            fd = os.open(spec.path, os.O_RDONLY | os.O_NOFOLLOW | os.O_NONBLOCK)
            with os.fdopen(fd, "rb") as stream:
                info = os.fstat(stream.fileno())
                if not stat.S_ISREG(info.st_mode) or not 0 < info.st_size <= 20_000_000:
                    raise SourceAuditError("extractor is not a bounded regular file")
                raw = stream.read(20_000_001)
            if hashlib.sha256(raw).hexdigest() != spec.sha256:
                raise SourceAuditError("extractor bytes differ from reviewed digest")
>           sealed = os.memfd_create("organon-pdftotext", os.MFD_CLOEXEC | os.MFD_ALLOW_SEALING)
                     ^^^^^^^^^^^^^^^
E           AttributeError: module 'os' has no attribute 'memfd_create'

src/specorganon/source_passages.py:109: AttributeError
_ ERROR at setup of test_missing_or_reversed_anchor_and_non_whitespace_changes_fail[129 kWh/t_flour END] _

    @pytest.fixture(scope="module")
    def source_pdf():
>       return read_pdf_pages(PDF, SPEC)
               ^^^^^^^^^^^^^^^^^^^^^^^^^

tests/test_source_passages.py:29: 
_ _ _ _ _ _ _ _ _ _ _ _ _ _ _ _ _ _ _ _ _ _ _ _ _ _ _ _ _ _ _ _ _ _ _ _ _ _ _ _ 
src/specorganon/source_passages.py:145: in read_pdf_pages
    with _sealed_extractor(extractor) as (executable, fd), tempfile.TemporaryDirectory(
         ^^^^^^^^^^^^^^^^^^^^^^^^^^^^
/home/stev/.local/share/uv/python/cpython-3.12.13-linux-x86_64-gnu/lib/python3.12/contextlib.py:137: in __enter__
    return next(self.gen)
           ^^^^^^^^^^^^^^
_ _ _ _ _ _ _ _ _ _ _ _ _ _ _ _ _ _ _ _ _ _ _ _ _ _ _ _ _ _ _ _ _ _ _ _ _ _ _ _ 

spec = ExtractorSpec(path=PosixPath('/usr/bin/pdftotext'), sha256='47253257c7a7995ea6c8ad54b47b0edece8739dd4102c7bcd5a729472c386fb4')

    @contextmanager
    def _sealed_extractor(spec: ExtractorSpec):
        """Execute the verified binary bytes, without a second path lookup."""
        if (not spec.path.is_absolute()
                or re.fullmatch(r"[0-9a-f]{64}", spec.sha256) is None):
            raise SourceAuditError("extractor needs an absolute path and reviewed digest")
        sealed = None
        try:
            fd = os.open(spec.path, os.O_RDONLY | os.O_NOFOLLOW | os.O_NONBLOCK)
            with os.fdopen(fd, "rb") as stream:
                info = os.fstat(stream.fileno())
                if not stat.S_ISREG(info.st_mode) or not 0 < info.st_size <= 20_000_000:
                    raise SourceAuditError("extractor is not a bounded regular file")
                raw = stream.read(20_000_001)
            if hashlib.sha256(raw).hexdigest() != spec.sha256:
                raise SourceAuditError("extractor bytes differ from reviewed digest")
>           sealed = os.memfd_create("organon-pdftotext", os.MFD_CLOEXEC | os.MFD_ALLOW_SEALING)
                     ^^^^^^^^^^^^^^^
E           AttributeError: module 'os' has no attribute 'memfd_create'

src/specorganon/source_passages.py:109: AttributeError
_ ERROR at setup of test_missing_or_reversed_anchor_and_non_whitespace_changes_fail[BEGIN 129 kWh/t_flour] _

    @pytest.fixture(scope="module")
    def source_pdf():
>       return read_pdf_pages(PDF, SPEC)
               ^^^^^^^^^^^^^^^^^^^^^^^^^

tests/test_source_passages.py:29: 
_ _ _ _ _ _ _ _ _ _ _ _ _ _ _ _ _ _ _ _ _ _ _ _ _ _ _ _ _ _ _ _ _ _ _ _ _ _ _ _ 
src/specorganon/source_passages.py:145: in read_pdf_pages
    with _sealed_extractor(extractor) as (executable, fd), tempfile.TemporaryDirectory(
         ^^^^^^^^^^^^^^^^^^^^^^^^^^^^
/home/stev/.local/share/uv/python/cpython-3.12.13-linux-x86_64-gnu/lib/python3.12/contextlib.py:137: in __enter__
    return next(self.gen)
           ^^^^^^^^^^^^^^
_ _ _ _ _ _ _ _ _ _ _ _ _ _ _ _ _ _ _ _ _ _ _ _ _ _ _ _ _ _ _ _ _ _ _ _ _ _ _ _ 

spec = ExtractorSpec(path=PosixPath('/usr/bin/pdftotext'), sha256='47253257c7a7995ea6c8ad54b47b0edece8739dd4102c7bcd5a729472c386fb4')

    @contextmanager
    def _sealed_extractor(spec: ExtractorSpec):
        """Execute the verified binary bytes, without a second path lookup."""
        if (not spec.path.is_absolute()
                or re.fullmatch(r"[0-9a-f]{64}", spec.sha256) is None):
            raise SourceAuditError("extractor needs an absolute path and reviewed digest")
        sealed = None
        try:
            fd = os.open(spec.path, os.O_RDONLY | os.O_NOFOLLOW | os.O_NONBLOCK)
            with os.fdopen(fd, "rb") as stream:
                info = os.fstat(stream.fileno())
                if not stat.S_ISREG(info.st_mode) or not 0 < info.st_size <= 20_000_000:
                    raise SourceAuditError("extractor is not a bounded regular file")
                raw = stream.read(20_000_001)
            if hashlib.sha256(raw).hexdigest() != spec.sha256:
                raise SourceAuditError("extractor bytes differ from reviewed digest")
>           sealed = os.memfd_create("organon-pdftotext", os.MFD_CLOEXEC | os.MFD_ALLOW_SEALING)
                     ^^^^^^^^^^^^^^^
E           AttributeError: module 'os' has no attribute 'memfd_create'

src/specorganon/source_passages.py:109: AttributeError
_ ERROR at setup of test_missing_or_reversed_anchor_and_non_whitespace_changes_fail[END 129 kWh/t_flour BEGIN] _

    @pytest.fixture(scope="module")
    def source_pdf():
>       return read_pdf_pages(PDF, SPEC)
               ^^^^^^^^^^^^^^^^^^^^^^^^^

tests/test_source_passages.py:29: 
_ _ _ _ _ _ _ _ _ _ _ _ _ _ _ _ _ _ _ _ _ _ _ _ _ _ _ _ _ _ _ _ _ _ _ _ _ _ _ _ 
src/specorganon/source_passages.py:145: in read_pdf_pages
    with _sealed_extractor(extractor) as (executable, fd), tempfile.TemporaryDirectory(
         ^^^^^^^^^^^^^^^^^^^^^^^^^^^^
/home/stev/.local/share/uv/python/cpython-3.12.13-linux-x86_64-gnu/lib/python3.12/contextlib.py:137: in __enter__
    return next(self.gen)
           ^^^^^^^^^^^^^^
_ _ _ _ _ _ _ _ _ _ _ _ _ _ _ _ _ _ _ _ _ _ _ _ _ _ _ _ _ _ _ _ _ _ _ _ _ _ _ _ 

spec = ExtractorSpec(path=PosixPath('/usr/bin/pdftotext'), sha256='47253257c7a7995ea6c8ad54b47b0edece8739dd4102c7bcd5a729472c386fb4')

    @contextmanager
    def _sealed_extractor(spec: ExtractorSpec):
        """Execute the verified binary bytes, without a second path lookup."""
        if (not spec.path.is_absolute()
                or re.fullmatch(r"[0-9a-f]{64}", spec.sha256) is None):
            raise SourceAuditError("extractor needs an absolute path and reviewed digest")
        sealed = None
        try:
            fd = os.open(spec.path, os.O_RDONLY | os.O_NOFOLLOW | os.O_NONBLOCK)
            with os.fdopen(fd, "rb") as stream:
                info = os.fstat(stream.fileno())
                if not stat.S_ISREG(info.st_mode) or not 0 < info.st_size <= 20_000_000:
                    raise SourceAuditError("extractor is not a bounded regular file")
                raw = stream.read(20_000_001)
            if hashlib.sha256(raw).hexdigest() != spec.sha256:
                raise SourceAuditError("extractor bytes differ from reviewed digest")
>           sealed = os.memfd_create("organon-pdftotext", os.MFD_CLOEXEC | os.MFD_ALLOW_SEALING)
                     ^^^^^^^^^^^^^^^
E           AttributeError: module 'os' has no attribute 'memfd_create'

src/specorganon/source_passages.py:109: AttributeError
_ ERROR at setup of test_missing_or_reversed_anchor_and_non_whitespace_changes_fail[BEGIN 129 KWH/t_flour END] _

    @pytest.fixture(scope="module")
    def source_pdf():
>       return read_pdf_pages(PDF, SPEC)
               ^^^^^^^^^^^^^^^^^^^^^^^^^

tests/test_source_passages.py:29: 
_ _ _ _ _ _ _ _ _ _ _ _ _ _ _ _ _ _ _ _ _ _ _ _ _ _ _ _ _ _ _ _ _ _ _ _ _ _ _ _ 
src/specorganon/source_passages.py:145: in read_pdf_pages
    with _sealed_extractor(extractor) as (executable, fd), tempfile.TemporaryDirectory(
         ^^^^^^^^^^^^^^^^^^^^^^^^^^^^
/home/stev/.local/share/uv/python/cpython-3.12.13-linux-x86_64-gnu/lib/python3.12/contextlib.py:137: in __enter__
    return next(self.gen)
           ^^^^^^^^^^^^^^
_ _ _ _ _ _ _ _ _ _ _ _ _ _ _ _ _ _ _ _ _ _ _ _ _ _ _ _ _ _ _ _ _ _ _ _ _ _ _ _ 

spec = ExtractorSpec(path=PosixPath('/usr/bin/pdftotext'), sha256='47253257c7a7995ea6c8ad54b47b0edece8739dd4102c7bcd5a729472c386fb4')

    @contextmanager
    def _sealed_extractor(spec: ExtractorSpec):
        """Execute the verified binary bytes, without a second path lookup."""
        if (not spec.path.is_absolute()
                or re.fullmatch(r"[0-9a-f]{64}", spec.sha256) is None):
            raise SourceAuditError("extractor needs an absolute path and reviewed digest")
        sealed = None
        try:
            fd = os.open(spec.path, os.O_RDONLY | os.O_NOFOLLOW | os.O_NONBLOCK)
            with os.fdopen(fd, "rb") as stream:
                info = os.fstat(stream.fileno())
                if not stat.S_ISREG(info.st_mode) or not 0 < info.st_size <= 20_000_000:
                    raise SourceAuditError("extractor is not a bounded regular file")
                raw = stream.read(20_000_001)
            if hashlib.sha256(raw).hexdigest() != spec.sha256:
                raise SourceAuditError("extractor bytes differ from reviewed digest")
>           sealed = os.memfd_create("organon-pdftotext", os.MFD_CLOEXEC | os.MFD_ALLOW_SEALING)
                     ^^^^^^^^^^^^^^^
E           AttributeError: module 'os' has no attribute 'memfd_create'

src/specorganon/source_passages.py:109: AttributeError
_ ERROR at setup of test_missing_or_reversed_anchor_and_non_whitespace_changes_fail[BEGIN 129 kWh/t_fl\xf3ur END] _

    @pytest.fixture(scope="module")
    def source_pdf():
>       return read_pdf_pages(PDF, SPEC)
               ^^^^^^^^^^^^^^^^^^^^^^^^^

tests/test_source_passages.py:29: 
_ _ _ _ _ _ _ _ _ _ _ _ _ _ _ _ _ _ _ _ _ _ _ _ _ _ _ _ _ _ _ _ _ _ _ _ _ _ _ _ 
src/specorganon/source_passages.py:145: in read_pdf_pages
    with _sealed_extractor(extractor) as (executable, fd), tempfile.TemporaryDirectory(
         ^^^^^^^^^^^^^^^^^^^^^^^^^^^^
/home/stev/.local/share/uv/python/cpython-3.12.13-linux-x86_64-gnu/lib/python3.12/contextlib.py:137: in __enter__
    return next(self.gen)
           ^^^^^^^^^^^^^^
_ _ _ _ _ _ _ _ _ _ _ _ _ _ _ _ _ _ _ _ _ _ _ _ _ _ _ _ _ _ _ _ _ _ _ _ _ _ _ _ 

spec = ExtractorSpec(path=PosixPath('/usr/bin/pdftotext'), sha256='47253257c7a7995ea6c8ad54b47b0edece8739dd4102c7bcd5a729472c386fb4')

    @contextmanager
    def _sealed_extractor(spec: ExtractorSpec):
        """Execute the verified binary bytes, without a second path lookup."""
        if (not spec.path.is_absolute()
                or re.fullmatch(r"[0-9a-f]{64}", spec.sha256) is None):
            raise SourceAuditError("extractor needs an absolute path and reviewed digest")
        sealed = None
        try:
            fd = os.open(spec.path, os.O_RDONLY | os.O_NOFOLLOW | os.O_NONBLOCK)
            with os.fdopen(fd, "rb") as stream:
                info = os.fstat(stream.fileno())
                if not stat.S_ISREG(info.st_mode) or not 0 < info.st_size <= 20_000_000:
                    raise SourceAuditError("extractor is not a bounded regular file")
                raw = stream.read(20_000_001)
            if hashlib.sha256(raw).hexdigest() != spec.sha256:
                raise SourceAuditError("extractor bytes differ from reviewed digest")
>           sealed = os.memfd_create("organon-pdftotext", os.MFD_CLOEXEC | os.MFD_ALLOW_SEALING)
                     ^^^^^^^^^^^^^^^
E           AttributeError: module 'os' has no attribute 'memfd_create'

src/specorganon/source_passages.py:109: AttributeError
_ ERROR at setup of test_required_context_cannot_be_satisfied_outside_the_passage _

    @pytest.fixture(scope="module")
    def source_pdf():
>       return read_pdf_pages(PDF, SPEC)
               ^^^^^^^^^^^^^^^^^^^^^^^^^

tests/test_source_passages.py:29: 
_ _ _ _ _ _ _ _ _ _ _ _ _ _ _ _ _ _ _ _ _ _ _ _ _ _ _ _ _ _ _ _ _ _ _ _ _ _ _ _ 
src/specorganon/source_passages.py:145: in read_pdf_pages
    with _sealed_extractor(extractor) as (executable, fd), tempfile.TemporaryDirectory(
         ^^^^^^^^^^^^^^^^^^^^^^^^^^^^
/home/stev/.local/share/uv/python/cpython-3.12.13-linux-x86_64-gnu/lib/python3.12/contextlib.py:137: in __enter__
    return next(self.gen)
           ^^^^^^^^^^^^^^
_ _ _ _ _ _ _ _ _ _ _ _ _ _ _ _ _ _ _ _ _ _ _ _ _ _ _ _ _ _ _ _ _ _ _ _ _ _ _ _ 

spec = ExtractorSpec(path=PosixPath('/usr/bin/pdftotext'), sha256='47253257c7a7995ea6c8ad54b47b0edece8739dd4102c7bcd5a729472c386fb4')

    @contextmanager
    def _sealed_extractor(spec: ExtractorSpec):
        """Execute the verified binary bytes, without a second path lookup."""
        if (not spec.path.is_absolute()
                or re.fullmatch(r"[0-9a-f]{64}", spec.sha256) is None):
            raise SourceAuditError("extractor needs an absolute path and reviewed digest")
        sealed = None
        try:
            fd = os.open(spec.path, os.O_RDONLY | os.O_NOFOLLOW | os.O_NONBLOCK)
            with os.fdopen(fd, "rb") as stream:
                info = os.fstat(stream.fileno())
                if not stat.S_ISREG(info.st_mode) or not 0 < info.st_size <= 20_000_000:
                    raise SourceAuditError("extractor is not a bounded regular file")
                raw = stream.read(20_000_001)
            if hashlib.sha256(raw).hexdigest() != spec.sha256:
                raise SourceAuditError("extractor bytes differ from reviewed digest")
>           sealed = os.memfd_create("organon-pdftotext", os.MFD_CLOEXEC | os.MFD_ALLOW_SEALING)
                     ^^^^^^^^^^^^^^^
E           AttributeError: module 'os' has no attribute 'memfd_create'

src/specorganon/source_passages.py:109: AttributeError
__ ERROR at setup of test_page_selection_requires_valid_one_based_integer[0] ___

    @pytest.fixture(scope="module")
    def source_pdf():
>       return read_pdf_pages(PDF, SPEC)
               ^^^^^^^^^^^^^^^^^^^^^^^^^

tests/test_source_passages.py:29: 
_ _ _ _ _ _ _ _ _ _ _ _ _ _ _ _ _ _ _ _ _ _ _ _ _ _ _ _ _ _ _ _ _ _ _ _ _ _ _ _ 
src/specorganon/source_passages.py:145: in read_pdf_pages
    with _sealed_extractor(extractor) as (executable, fd), tempfile.TemporaryDirectory(
         ^^^^^^^^^^^^^^^^^^^^^^^^^^^^
/home/stev/.local/share/uv/python/cpython-3.12.13-linux-x86_64-gnu/lib/python3.12/contextlib.py:137: in __enter__
    return next(self.gen)
           ^^^^^^^^^^^^^^
_ _ _ _ _ _ _ _ _ _ _ _ _ _ _ _ _ _ _ _ _ _ _ _ _ _ _ _ _ _ _ _ _ _ _ _ _ _ _ _ 

spec = ExtractorSpec(path=PosixPath('/usr/bin/pdftotext'), sha256='47253257c7a7995ea6c8ad54b47b0edece8739dd4102c7bcd5a729472c386fb4')

    @contextmanager
    def _sealed_extractor(spec: ExtractorSpec):
        """Execute the verified binary bytes, without a second path lookup."""
        if (not spec.path.is_absolute()
                or re.fullmatch(r"[0-9a-f]{64}", spec.sha256) is None):
            raise SourceAuditError("extractor needs an absolute path and reviewed digest")
        sealed = None
        try:
            fd = os.open(spec.path, os.O_RDONLY | os.O_NOFOLLOW | os.O_NONBLOCK)
            with os.fdopen(fd, "rb") as stream:
                info = os.fstat(stream.fileno())
                if not stat.S_ISREG(info.st_mode) or not 0 < info.st_size <= 20_000_000:
                    raise SourceAuditError("extractor is not a bounded regular file")
                raw = stream.read(20_000_001)
            if hashlib.sha256(raw).hexdigest() != spec.sha256:
                raise SourceAuditError("extractor bytes differ from reviewed digest")
>           sealed = os.memfd_create("organon-pdftotext", os.MFD_CLOEXEC | os.MFD_ALLOW_SEALING)
                     ^^^^^^^^^^^^^^^
E           AttributeError: module 'os' has no attribute 'memfd_create'

src/specorganon/source_passages.py:109: AttributeError
__ ERROR at setup of test_page_selection_requires_valid_one_based_integer[-1] __

    @pytest.fixture(scope="module")
    def source_pdf():
>       return read_pdf_pages(PDF, SPEC)
               ^^^^^^^^^^^^^^^^^^^^^^^^^

tests/test_source_passages.py:29: 
_ _ _ _ _ _ _ _ _ _ _ _ _ _ _ _ _ _ _ _ _ _ _ _ _ _ _ _ _ _ _ _ _ _ _ _ _ _ _ _ 
src/specorganon/source_passages.py:145: in read_pdf_pages
    with _sealed_extractor(extractor) as (executable, fd), tempfile.TemporaryDirectory(
         ^^^^^^^^^^^^^^^^^^^^^^^^^^^^
/home/stev/.local/share/uv/python/cpython-3.12.13-linux-x86_64-gnu/lib/python3.12/contextlib.py:137: in __enter__
    return next(self.gen)
           ^^^^^^^^^^^^^^
_ _ _ _ _ _ _ _ _ _ _ _ _ _ _ _ _ _ _ _ _ _ _ _ _ _ _ _ _ _ _ _ _ _ _ _ _ _ _ _ 

spec = ExtractorSpec(path=PosixPath('/usr/bin/pdftotext'), sha256='47253257c7a7995ea6c8ad54b47b0edece8739dd4102c7bcd5a729472c386fb4')

    @contextmanager
    def _sealed_extractor(spec: ExtractorSpec):
        """Execute the verified binary bytes, without a second path lookup."""
        if (not spec.path.is_absolute()
                or re.fullmatch(r"[0-9a-f]{64}", spec.sha256) is None):
            raise SourceAuditError("extractor needs an absolute path and reviewed digest")
        sealed = None
        try:
            fd = os.open(spec.path, os.O_RDONLY | os.O_NOFOLLOW | os.O_NONBLOCK)
            with os.fdopen(fd, "rb") as stream:
                info = os.fstat(stream.fileno())
                if not stat.S_ISREG(info.st_mode) or not 0 < info.st_size <= 20_000_000:
                    raise SourceAuditError("extractor is not a bounded regular file")
                raw = stream.read(20_000_001)
            if hashlib.sha256(raw).hexdigest() != spec.sha256:
                raise SourceAuditError("extractor bytes differ from reviewed digest")
>           sealed = os.memfd_create("organon-pdftotext", os.MFD_CLOEXEC | os.MFD_ALLOW_SEALING)
                     ^^^^^^^^^^^^^^^
E           AttributeError: module 'os' has no attribute 'memfd_create'

src/specorganon/source_passages.py:109: AttributeError
__ ERROR at setup of test_page_selection_requires_valid_one_based_integer[2] ___

    @pytest.fixture(scope="module")
    def source_pdf():
>       return read_pdf_pages(PDF, SPEC)
               ^^^^^^^^^^^^^^^^^^^^^^^^^

tests/test_source_passages.py:29: 
_ _ _ _ _ _ _ _ _ _ _ _ _ _ _ _ _ _ _ _ _ _ _ _ _ _ _ _ _ _ _ _ _ _ _ _ _ _ _ _ 
src/specorganon/source_passages.py:145: in read_pdf_pages
    with _sealed_extractor(extractor) as (executable, fd), tempfile.TemporaryDirectory(
         ^^^^^^^^^^^^^^^^^^^^^^^^^^^^
/home/stev/.local/share/uv/python/cpython-3.12.13-linux-x86_64-gnu/lib/python3.12/contextlib.py:137: in __enter__
    return next(self.gen)
           ^^^^^^^^^^^^^^
_ _ _ _ _ _ _ _ _ _ _ _ _ _ _ _ _ _ _ _ _ _ _ _ _ _ _ _ _ _ _ _ _ _ _ _ _ _ _ _ 

spec = ExtractorSpec(path=PosixPath('/usr/bin/pdftotext'), sha256='47253257c7a7995ea6c8ad54b47b0edece8739dd4102c7bcd5a729472c386fb4')

    @contextmanager
    def _sealed_extractor(spec: ExtractorSpec):
        """Execute the verified binary bytes, without a second path lookup."""
        if (not spec.path.is_absolute()
                or re.fullmatch(r"[0-9a-f]{64}", spec.sha256) is None):
            raise SourceAuditError("extractor needs an absolute path and reviewed digest")
        sealed = None
        try:
            fd = os.open(spec.path, os.O_RDONLY | os.O_NOFOLLOW | os.O_NONBLOCK)
            with os.fdopen(fd, "rb") as stream:
                info = os.fstat(stream.fileno())
                if not stat.S_ISREG(info.st_mode) or not 0 < info.st_size <= 20_000_000:
                    raise SourceAuditError("extractor is not a bounded regular file")
                raw = stream.read(20_000_001)
            if hashlib.sha256(raw).hexdigest() != spec.sha256:
                raise SourceAuditError("extractor bytes differ from reviewed digest")
>           sealed = os.memfd_create("organon-pdftotext", os.MFD_CLOEXEC | os.MFD_ALLOW_SEALING)
                     ^^^^^^^^^^^^^^^
E           AttributeError: module 'os' has no attribute 'memfd_create'

src/specorganon/source_passages.py:109: AttributeError
_ ERROR at setup of test_page_selection_requires_valid_one_based_integer[True] _

    @pytest.fixture(scope="module")
    def source_pdf():
>       return read_pdf_pages(PDF, SPEC)
               ^^^^^^^^^^^^^^^^^^^^^^^^^

tests/test_source_passages.py:29: 
_ _ _ _ _ _ _ _ _ _ _ _ _ _ _ _ _ _ _ _ _ _ _ _ _ _ _ _ _ _ _ _ _ _ _ _ _ _ _ _ 
src/specorganon/source_passages.py:145: in read_pdf_pages
    with _sealed_extractor(extractor) as (executable, fd), tempfile.TemporaryDirectory(
         ^^^^^^^^^^^^^^^^^^^^^^^^^^^^
/home/stev/.local/share/uv/python/cpython-3.12.13-linux-x86_64-gnu/lib/python3.12/contextlib.py:137: in __enter__
    return next(self.gen)
           ^^^^^^^^^^^^^^
_ _ _ _ _ _ _ _ _ _ _ _ _ _ _ _ _ _ _ _ _ _ _ _ _ _ _ _ _ _ _ _ _ _ _ _ _ _ _ _ 

spec = ExtractorSpec(path=PosixPath('/usr/bin/pdftotext'), sha256='47253257c7a7995ea6c8ad54b47b0edece8739dd4102c7bcd5a729472c386fb4')

    @contextmanager
    def _sealed_extractor(spec: ExtractorSpec):
        """Execute the verified binary bytes, without a second path lookup."""
        if (not spec.path.is_absolute()
                or re.fullmatch(r"[0-9a-f]{64}", spec.sha256) is None):
            raise SourceAuditError("extractor needs an absolute path and reviewed digest")
        sealed = None
        try:
            fd = os.open(spec.path, os.O_RDONLY | os.O_NOFOLLOW | os.O_NONBLOCK)
            with os.fdopen(fd, "rb") as stream:
                info = os.fstat(stream.fileno())
                if not stat.S_ISREG(info.st_mode) or not 0 < info.st_size <= 20_000_000:
                    raise SourceAuditError("extractor is not a bounded regular file")
                raw = stream.read(20_000_001)
            if hashlib.sha256(raw).hexdigest() != spec.sha256:
                raise SourceAuditError("extractor bytes differ from reviewed digest")
>           sealed = os.memfd_create("organon-pdftotext", os.MFD_CLOEXEC | os.MFD_ALLOW_SEALING)
                     ^^^^^^^^^^^^^^^
E           AttributeError: module 'os' has no attribute 'memfd_create'

src/specorganon/source_passages.py:109: AttributeError
_ ERROR at setup of test_page_selection_requires_valid_one_based_integer[1.5] __

    @pytest.fixture(scope="module")
    def source_pdf():
>       return read_pdf_pages(PDF, SPEC)
               ^^^^^^^^^^^^^^^^^^^^^^^^^

tests/test_source_passages.py:29: 
_ _ _ _ _ _ _ _ _ _ _ _ _ _ _ _ _ _ _ _ _ _ _ _ _ _ _ _ _ _ _ _ _ _ _ _ _ _ _ _ 
src/specorganon/source_passages.py:145: in read_pdf_pages
    with _sealed_extractor(extractor) as (executable, fd), tempfile.TemporaryDirectory(
         ^^^^^^^^^^^^^^^^^^^^^^^^^^^^
/home/stev/.local/share/uv/python/cpython-3.12.13-linux-x86_64-gnu/lib/python3.12/contextlib.py:137: in __enter__
    return next(self.gen)
           ^^^^^^^^^^^^^^
_ _ _ _ _ _ _ _ _ _ _ _ _ _ _ _ _ _ _ _ _ _ _ _ _ _ _ _ _ _ _ _ _ _ _ _ _ _ _ _ 

spec = ExtractorSpec(path=PosixPath('/usr/bin/pdftotext'), sha256='47253257c7a7995ea6c8ad54b47b0edece8739dd4102c7bcd5a729472c386fb4')

    @contextmanager
    def _sealed_extractor(spec: ExtractorSpec):
        """Execute the verified binary bytes, without a second path lookup."""
        if (not spec.path.is_absolute()
                or re.fullmatch(r"[0-9a-f]{64}", spec.sha256) is None):
            raise SourceAuditError("extractor needs an absolute path and reviewed digest")
        sealed = None
        try:
            fd = os.open(spec.path, os.O_RDONLY | os.O_NOFOLLOW | os.O_NONBLOCK)
            with os.fdopen(fd, "rb") as stream:
                info = os.fstat(stream.fileno())
                if not stat.S_ISREG(info.st_mode) or not 0 < info.st_size <= 20_000_000:
                    raise SourceAuditError("extractor is not a bounded regular file")
                raw = stream.read(20_000_001)
            if hashlib.sha256(raw).hexdigest() != spec.sha256:
                raise SourceAuditError("extractor bytes differ from reviewed digest")
>           sealed = os.memfd_create("organon-pdftotext", os.MFD_CLOEXEC | os.MFD_ALLOW_SEALING)
                     ^^^^^^^^^^^^^^^
E           AttributeError: module 'os' has no attribute 'memfd_create'

src/specorganon/source_passages.py:109: AttributeError
_____ ERROR at setup of test_invalid_contract_patterns_fail_closed[start-] _____

    @pytest.fixture(scope="module")
    def source_pdf():
>       return read_pdf_pages(PDF, SPEC)
               ^^^^^^^^^^^^^^^^^^^^^^^^^

tests/test_source_passages.py:29: 
_ _ _ _ _ _ _ _ _ _ _ _ _ _ _ _ _ _ _ _ _ _ _ _ _ _ _ _ _ _ _ _ _ _ _ _ _ _ _ _ 
src/specorganon/source_passages.py:145: in read_pdf_pages
    with _sealed_extractor(extractor) as (executable, fd), tempfile.TemporaryDirectory(
         ^^^^^^^^^^^^^^^^^^^^^^^^^^^^
/home/stev/.local/share/uv/python/cpython-3.12.13-linux-x86_64-gnu/lib/python3.12/contextlib.py:137: in __enter__
    return next(self.gen)
           ^^^^^^^^^^^^^^
_ _ _ _ _ _ _ _ _ _ _ _ _ _ _ _ _ _ _ _ _ _ _ _ _ _ _ _ _ _ _ _ _ _ _ _ _ _ _ _ 

spec = ExtractorSpec(path=PosixPath('/usr/bin/pdftotext'), sha256='47253257c7a7995ea6c8ad54b47b0edece8739dd4102c7bcd5a729472c386fb4')

    @contextmanager
    def _sealed_extractor(spec: ExtractorSpec):
        """Execute the verified binary bytes, without a second path lookup."""
        if (not spec.path.is_absolute()
                or re.fullmatch(r"[0-9a-f]{64}", spec.sha256) is None):
            raise SourceAuditError("extractor needs an absolute path and reviewed digest")
        sealed = None
        try:
            fd = os.open(spec.path, os.O_RDONLY | os.O_NOFOLLOW | os.O_NONBLOCK)
            with os.fdopen(fd, "rb") as stream:
                info = os.fstat(stream.fileno())
                if not stat.S_ISREG(info.st_mode) or not 0 < info.st_size <= 20_000_000:
                    raise SourceAuditError("extractor is not a bounded regular file")
                raw = stream.read(20_000_001)
            if hashlib.sha256(raw).hexdigest() != spec.sha256:
                raise SourceAuditError("extractor bytes differ from reviewed digest")
>           sealed = os.memfd_create("organon-pdftotext", os.MFD_CLOEXEC | os.MFD_ALLOW_SEALING)
                     ^^^^^^^^^^^^^^^
E           AttributeError: module 'os' has no attribute 'memfd_create'

src/specorganon/source_passages.py:109: AttributeError
______ ERROR at setup of test_invalid_contract_patterns_fail_closed[end-] ______

    @pytest.fixture(scope="module")
    def source_pdf():
>       return read_pdf_pages(PDF, SPEC)
               ^^^^^^^^^^^^^^^^^^^^^^^^^

tests/test_source_passages.py:29: 
_ _ _ _ _ _ _ _ _ _ _ _ _ _ _ _ _ _ _ _ _ _ _ _ _ _ _ _ _ _ _ _ _ _ _ _ _ _ _ _ 
src/specorganon/source_passages.py:145: in read_pdf_pages
    with _sealed_extractor(extractor) as (executable, fd), tempfile.TemporaryDirectory(
         ^^^^^^^^^^^^^^^^^^^^^^^^^^^^
/home/stev/.local/share/uv/python/cpython-3.12.13-linux-x86_64-gnu/lib/python3.12/contextlib.py:137: in __enter__
    return next(self.gen)
           ^^^^^^^^^^^^^^
_ _ _ _ _ _ _ _ _ _ _ _ _ _ _ _ _ _ _ _ _ _ _ _ _ _ _ _ _ _ _ _ _ _ _ _ _ _ _ _ 

spec = ExtractorSpec(path=PosixPath('/usr/bin/pdftotext'), sha256='47253257c7a7995ea6c8ad54b47b0edece8739dd4102c7bcd5a729472c386fb4')

    @contextmanager
    def _sealed_extractor(spec: ExtractorSpec):
        """Execute the verified binary bytes, without a second path lookup."""
        if (not spec.path.is_absolute()
                or re.fullmatch(r"[0-9a-f]{64}", spec.sha256) is None):
            raise SourceAuditError("extractor needs an absolute path and reviewed digest")
        sealed = None
        try:
            fd = os.open(spec.path, os.O_RDONLY | os.O_NOFOLLOW | os.O_NONBLOCK)
            with os.fdopen(fd, "rb") as stream:
                info = os.fstat(stream.fileno())
                if not stat.S_ISREG(info.st_mode) or not 0 < info.st_size <= 20_000_000:
                    raise SourceAuditError("extractor is not a bounded regular file")
                raw = stream.read(20_000_001)
            if hashlib.sha256(raw).hexdigest() != spec.sha256:
                raise SourceAuditError("extractor bytes differ from reviewed digest")
>           sealed = os.memfd_create("organon-pdftotext", os.MFD_CLOEXEC | os.MFD_ALLOW_SEALING)
                     ^^^^^^^^^^^^^^^
E           AttributeError: module 'os' has no attribute 'memfd_create'

src/specorganon/source_passages.py:109: AttributeError
____ ERROR at setup of test_invalid_contract_patterns_fail_closed[pattern-] ____

    @pytest.fixture(scope="module")
    def source_pdf():
>       return read_pdf_pages(PDF, SPEC)
               ^^^^^^^^^^^^^^^^^^^^^^^^^

tests/test_source_passages.py:29: 
_ _ _ _ _ _ _ _ _ _ _ _ _ _ _ _ _ _ _ _ _ _ _ _ _ _ _ _ _ _ _ _ _ _ _ _ _ _ _ _ 
src/specorganon/source_passages.py:145: in read_pdf_pages
    with _sealed_extractor(extractor) as (executable, fd), tempfile.TemporaryDirectory(
         ^^^^^^^^^^^^^^^^^^^^^^^^^^^^
/home/stev/.local/share/uv/python/cpython-3.12.13-linux-x86_64-gnu/lib/python3.12/contextlib.py:137: in __enter__
    return next(self.gen)
           ^^^^^^^^^^^^^^
_ _ _ _ _ _ _ _ _ _ _ _ _ _ _ _ _ _ _ _ _ _ _ _ _ _ _ _ _ _ _ _ _ _ _ _ _ _ _ _ 

spec = ExtractorSpec(path=PosixPath('/usr/bin/pdftotext'), sha256='47253257c7a7995ea6c8ad54b47b0edece8739dd4102c7bcd5a729472c386fb4')

    @contextmanager
    def _sealed_extractor(spec: ExtractorSpec):
        """Execute the verified binary bytes, without a second path lookup."""
        if (not spec.path.is_absolute()
                or re.fullmatch(r"[0-9a-f]{64}", spec.sha256) is None):
            raise SourceAuditError("extractor needs an absolute path and reviewed digest")
        sealed = None
        try:
            fd = os.open(spec.path, os.O_RDONLY | os.O_NOFOLLOW | os.O_NONBLOCK)
            with os.fdopen(fd, "rb") as stream:
                info = os.fstat(stream.fileno())
                if not stat.S_ISREG(info.st_mode) or not 0 < info.st_size <= 20_000_000:
                    raise SourceAuditError("extractor is not a bounded regular file")
                raw = stream.read(20_000_001)
            if hashlib.sha256(raw).hexdigest() != spec.sha256:
                raise SourceAuditError("extractor bytes differ from reviewed digest")
>           sealed = os.memfd_create("organon-pdftotext", os.MFD_CLOEXEC | os.MFD_ALLOW_SEALING)
                     ^^^^^^^^^^^^^^^
E           AttributeError: module 'os' has no attribute 'memfd_create'

src/specorganon/source_passages.py:109: AttributeError
___ ERROR at setup of test_invalid_contract_patterns_fail_closed[pattern-(] ____

    @pytest.fixture(scope="module")
    def source_pdf():
>       return read_pdf_pages(PDF, SPEC)
               ^^^^^^^^^^^^^^^^^^^^^^^^^

tests/test_source_passages.py:29: 
_ _ _ _ _ _ _ _ _ _ _ _ _ _ _ _ _ _ _ _ _ _ _ _ _ _ _ _ _ _ _ _ _ _ _ _ _ _ _ _ 
src/specorganon/source_passages.py:145: in read_pdf_pages
    with _sealed_extractor(extractor) as (executable, fd), tempfile.TemporaryDirectory(
         ^^^^^^^^^^^^^^^^^^^^^^^^^^^^
/home/stev/.local/share/uv/python/cpython-3.12.13-linux-x86_64-gnu/lib/python3.12/contextlib.py:137: in __enter__
    return next(self.gen)
           ^^^^^^^^^^^^^^
_ _ _ _ _ _ _ _ _ _ _ _ _ _ _ _ _ _ _ _ _ _ _ _ _ _ _ _ _ _ _ _ _ _ _ _ _ _ _ _ 

spec = ExtractorSpec(path=PosixPath('/usr/bin/pdftotext'), sha256='47253257c7a7995ea6c8ad54b47b0edece8739dd4102c7bcd5a729472c386fb4')

    @contextmanager
    def _sealed_extractor(spec: ExtractorSpec):
        """Execute the verified binary bytes, without a second path lookup."""
        if (not spec.path.is_absolute()
                or re.fullmatch(r"[0-9a-f]{64}", spec.sha256) is None):
            raise SourceAuditError("extractor needs an absolute path and reviewed digest")
        sealed = None
        try:
            fd = os.open(spec.path, os.O_RDONLY | os.O_NOFOLLOW | os.O_NONBLOCK)
            with os.fdopen(fd, "rb") as stream:
                info = os.fstat(stream.fileno())
                if not stat.S_ISREG(info.st_mode) or not 0 < info.st_size <= 20_000_000:
                    raise SourceAuditError("extractor is not a bounded regular file")
                raw = stream.read(20_000_001)
            if hashlib.sha256(raw).hexdigest() != spec.sha256:
                raise SourceAuditError("extractor bytes differ from reviewed digest")
>           sealed = os.memfd_create("organon-pdftotext", os.MFD_CLOEXEC | os.MFD_ALLOW_SEALING)
                     ^^^^^^^^^^^^^^^
E           AttributeError: module 'os' has no attribute 'memfd_create'

src/specorganon/source_passages.py:109: AttributeError
____ ERROR at setup of test_path_shim_is_not_invoked_for_pinned_extraction _____

    @pytest.fixture(scope="module")
    def source_pdf():
>       return read_pdf_pages(PDF, SPEC)
               ^^^^^^^^^^^^^^^^^^^^^^^^^

tests/test_source_passages.py:29: 
_ _ _ _ _ _ _ _ _ _ _ _ _ _ _ _ _ _ _ _ _ _ _ _ _ _ _ _ _ _ _ _ _ _ _ _ _ _ _ _ 
src/specorganon/source_passages.py:145: in read_pdf_pages
    with _sealed_extractor(extractor) as (executable, fd), tempfile.TemporaryDirectory(
         ^^^^^^^^^^^^^^^^^^^^^^^^^^^^
/home/stev/.local/share/uv/python/cpython-3.12.13-linux-x86_64-gnu/lib/python3.12/contextlib.py:137: in __enter__
    return next(self.gen)
           ^^^^^^^^^^^^^^
_ _ _ _ _ _ _ _ _ _ _ _ _ _ _ _ _ _ _ _ _ _ _ _ _ _ _ _ _ _ _ _ _ _ _ _ _ _ _ _ 

spec = ExtractorSpec(path=PosixPath('/usr/bin/pdftotext'), sha256='47253257c7a7995ea6c8ad54b47b0edece8739dd4102c7bcd5a729472c386fb4')

    @contextmanager
    def _sealed_extractor(spec: ExtractorSpec):
        """Execute the verified binary bytes, without a second path lookup."""
        if (not spec.path.is_absolute()
                or re.fullmatch(r"[0-9a-f]{64}", spec.sha256) is None):
            raise SourceAuditError("extractor needs an absolute path and reviewed digest")
        sealed = None
        try:
            fd = os.open(spec.path, os.O_RDONLY | os.O_NOFOLLOW | os.O_NONBLOCK)
            with os.fdopen(fd, "rb") as stream:
                info = os.fstat(stream.fileno())
                if not stat.S_ISREG(info.st_mode) or not 0 < info.st_size <= 20_000_000:
                    raise SourceAuditError("extractor is not a bounded regular file")
                raw = stream.read(20_000_001)
            if hashlib.sha256(raw).hexdigest() != spec.sha256:
                raise SourceAuditError("extractor bytes differ from reviewed digest")
>           sealed = os.memfd_create("organon-pdftotext", os.MFD_CLOEXEC | os.MFD_ALLOW_SEALING)
                     ^^^^^^^^^^^^^^^
E           AttributeError: module 'os' has no attribute 'memfd_create'

src/specorganon/source_passages.py:109: AttributeError
_ ERROR at setup of test_pdf_snapshot_survives_original_path_change_after_hash _

    @pytest.fixture(scope="module")
    def source_pdf():
>       return read_pdf_pages(PDF, SPEC)
               ^^^^^^^^^^^^^^^^^^^^^^^^^

tests/test_source_passages.py:29: 
_ _ _ _ _ _ _ _ _ _ _ _ _ _ _ _ _ _ _ _ _ _ _ _ _ _ _ _ _ _ _ _ _ _ _ _ _ _ _ _ 
src/specorganon/source_passages.py:145: in read_pdf_pages
    with _sealed_extractor(extractor) as (executable, fd), tempfile.TemporaryDirectory(
         ^^^^^^^^^^^^^^^^^^^^^^^^^^^^
/home/stev/.local/share/uv/python/cpython-3.12.13-linux-x86_64-gnu/lib/python3.12/contextlib.py:137: in __enter__
    return next(self.gen)
           ^^^^^^^^^^^^^^
_ _ _ _ _ _ _ _ _ _ _ _ _ _ _ _ _ _ _ _ _ _ _ _ _ _ _ _ _ _ _ _ _ _ _ _ _ _ _ _ 

spec = ExtractorSpec(path=PosixPath('/usr/bin/pdftotext'), sha256='47253257c7a7995ea6c8ad54b47b0edece8739dd4102c7bcd5a729472c386fb4')

    @contextmanager
    def _sealed_extractor(spec: ExtractorSpec):
        """Execute the verified binary bytes, without a second path lookup."""
        if (not spec.path.is_absolute()
                or re.fullmatch(r"[0-9a-f]{64}", spec.sha256) is None):
            raise SourceAuditError("extractor needs an absolute path and reviewed digest")
        sealed = None
        try:
            fd = os.open(spec.path, os.O_RDONLY | os.O_NOFOLLOW | os.O_NONBLOCK)
            with os.fdopen(fd, "rb") as stream:
                info = os.fstat(stream.fileno())
                if not stat.S_ISREG(info.st_mode) or not 0 < info.st_size <= 20_000_000:
                    raise SourceAuditError("extractor is not a bounded regular file")
                raw = stream.read(20_000_001)
            if hashlib.sha256(raw).hexdigest() != spec.sha256:
                raise SourceAuditError("extractor bytes differ from reviewed digest")
>           sealed = os.memfd_create("organon-pdftotext", os.MFD_CLOEXEC | os.MFD_ALLOW_SEALING)
                     ^^^^^^^^^^^^^^^
E           AttributeError: module 'os' has no attribute 'memfd_create'

src/specorganon/source_passages.py:109: AttributeError
_ ERROR at setup of test_sealed_binary_survives_extractor_path_change_after_capture _

    @pytest.fixture(scope="module")
    def source_pdf():
>       return read_pdf_pages(PDF, SPEC)
               ^^^^^^^^^^^^^^^^^^^^^^^^^

tests/test_source_passages.py:29: 
_ _ _ _ _ _ _ _ _ _ _ _ _ _ _ _ _ _ _ _ _ _ _ _ _ _ _ _ _ _ _ _ _ _ _ _ _ _ _ _ 
src/specorganon/source_passages.py:145: in read_pdf_pages
    with _sealed_extractor(extractor) as (executable, fd), tempfile.TemporaryDirectory(
         ^^^^^^^^^^^^^^^^^^^^^^^^^^^^
/home/stev/.local/share/uv/python/cpython-3.12.13-linux-x86_64-gnu/lib/python3.12/contextlib.py:137: in __enter__
    return next(self.gen)
           ^^^^^^^^^^^^^^
_ _ _ _ _ _ _ _ _ _ _ _ _ _ _ _ _ _ _ _ _ _ _ _ _ _ _ _ _ _ _ _ _ _ _ _ _ _ _ _ 

spec = ExtractorSpec(path=PosixPath('/usr/bin/pdftotext'), sha256='47253257c7a7995ea6c8ad54b47b0edece8739dd4102c7bcd5a729472c386fb4')

    @contextmanager
    def _sealed_extractor(spec: ExtractorSpec):
        """Execute the verified binary bytes, without a second path lookup."""
        if (not spec.path.is_absolute()
                or re.fullmatch(r"[0-9a-f]{64}", spec.sha256) is None):
            raise SourceAuditError("extractor needs an absolute path and reviewed digest")
        sealed = None
        try:
            fd = os.open(spec.path, os.O_RDONLY | os.O_NOFOLLOW | os.O_NONBLOCK)
            with os.fdopen(fd, "rb") as stream:
                info = os.fstat(stream.fileno())
                if not stat.S_ISREG(info.st_mode) or not 0 < info.st_size <= 20_000_000:
                    raise SourceAuditError("extractor is not a bounded regular file")
                raw = stream.read(20_000_001)
            if hashlib.sha256(raw).hexdigest() != spec.sha256:
                raise SourceAuditError("extractor bytes differ from reviewed digest")
>           sealed = os.memfd_create("organon-pdftotext", os.MFD_CLOEXEC | os.MFD_ALLOW_SEALING)
                     ^^^^^^^^^^^^^^^
E           AttributeError: module 'os' has no attribute 'memfd_create'

src/specorganon/source_passages.py:109: AttributeError
=================================== FAILURES ===================================
___ test_explicit_profile_revalidates_without_rewriting_historical_contract ____

monkeypatch = <_pytest.monkeypatch.MonkeyPatch object at 0x7fcf0fbaf800>

    def test_explicit_profile_revalidates_without_rewriting_historical_contract(monkeypatch):
        # Removing profile selection would reproduce the host portability failure;
        # dropping provenance would falsely suggest the historical binary was used.
        monkeypatch.setenv("SPECORGANON_EXTRACTOR_PROFILE", PROFILE)
        before = auditor.CONTRACT.read_bytes()
>       result = auditor.audit_bread_sources()
                 ^^^^^^^^^^^^^^^^^^^^^^^^^^^^^

tests/test_extractor_profiles.py:33: 
_ _ _ _ _ _ _ _ _ _ _ _ _ _ _ _ _ _ _ _ _ _ _ _ _ _ _ _ _ _ _ _ _ _ _ _ _ _ _ _ 
scripts/audit_bread_sources.py:130: in audit_bread_sources
    name: read_pdf_pages(pdf_root / identity["visible_file"],
src/specorganon/source_passages.py:145: in read_pdf_pages
    with _sealed_extractor(extractor) as (executable, fd), tempfile.TemporaryDirectory(
         ^^^^^^^^^^^^^^^^^^^^^^^^^^^^
/home/stev/.local/share/uv/python/cpython-3.12.13-linux-x86_64-gnu/lib/python3.12/contextlib.py:137: in __enter__
    return next(self.gen)
           ^^^^^^^^^^^^^^
_ _ _ _ _ _ _ _ _ _ _ _ _ _ _ _ _ _ _ _ _ _ _ _ _ _ _ _ _ _ _ _ _ _ _ _ _ _ _ _ 

spec = ExtractorSpec(path=PosixPath('/usr/bin/pdftotext'), sha256='47253257c7a7995ea6c8ad54b47b0edece8739dd4102c7bcd5a729472c386fb4')

    @contextmanager
    def _sealed_extractor(spec: ExtractorSpec):
        """Execute the verified binary bytes, without a second path lookup."""
        if (not spec.path.is_absolute()
                or re.fullmatch(r"[0-9a-f]{64}", spec.sha256) is None):
            raise SourceAuditError("extractor needs an absolute path and reviewed digest")
        sealed = None
        try:
            fd = os.open(spec.path, os.O_RDONLY | os.O_NOFOLLOW | os.O_NONBLOCK)
            with os.fdopen(fd, "rb") as stream:
                info = os.fstat(stream.fileno())
                if not stat.S_ISREG(info.st_mode) or not 0 < info.st_size <= 20_000_000:
                    raise SourceAuditError("extractor is not a bounded regular file")
                raw = stream.read(20_000_001)
            if hashlib.sha256(raw).hexdigest() != spec.sha256:
                raise SourceAuditError("extractor bytes differ from reviewed digest")
>           sealed = os.memfd_create("organon-pdftotext", os.MFD_CLOEXEC | os.MFD_ALLOW_SEALING)
                     ^^^^^^^^^^^^^^^
E           AttributeError: module 'os' has no attribute 'memfd_create'

src/specorganon/source_passages.py:109: AttributeError
______ test_cli_profile_is_explicit_and_unknown_profile_emits_no_receipt _______

tmp_path = PosixPath('/datos/workspaces/personal/SpecOrganon/goals/autonomous-software-v1/test-tmp-green/test_cli_profile_is_explicit_a0')
monkeypatch = <_pytest.monkeypatch.MonkeyPatch object at 0x7fcf0f9abe90>

    def test_cli_profile_is_explicit_and_unknown_profile_emits_no_receipt(tmp_path, monkeypatch):
        monkeypatch.delenv("SPECORGANON_EXTRACTOR_PROFILE", raising=False)
        receipt = tmp_path / "receipt.json"
        command = [sys.executable, str(ROOT / "scripts/audit_bread_sources.py"),
                   "--extractor-profile", PROFILE, "--output", str(receipt)]
        completed = subprocess.run(command, capture_output=True, text=True)
>       assert completed.returncode == 0, completed.stderr
E       AssertionError: Traceback (most recent call last):
E           File "/datos/workspaces/personal/SpecOrganon/scripts/audit_bread_sources.py", line 252, in <module>
E             raise SystemExit(main())
E                              ^^^^^^
E           File "/datos/workspaces/personal/SpecOrganon/scripts/audit_bread_sources.py", line 237, in main
E             result = audit_bread_sources(args.claims, args.table, args.pdf_root,
E                      ^^^^^^^^^^^^^^^^^^^^^^^^^^^^^^^^^^^^^^^^^^^^^^^^^^^^^^^^^^^
E           File "/datos/workspaces/personal/SpecOrganon/scripts/audit_bread_sources.py", line 130, in audit_bread_sources
E             name: read_pdf_pages(pdf_root / identity["visible_file"],
E                   ^^^^^^^^^^^^^^^^^^^^^^^^^^^^^^^^^^^^^^^^^^^^^^^^^^^
E           File "/datos/workspaces/personal/SpecOrganon/src/specorganon/source_passages.py", line 145, in read_pdf_pages
E             with _sealed_extractor(extractor) as (executable, fd), tempfile.TemporaryDirectory(
E                  ^^^^^^^^^^^^^^^^^^^^^^^^^^^^
E           File "/home/stev/.local/share/uv/python/cpython-3.12.13-linux-x86_64-gnu/lib/python3.12/contextlib.py", line 137, in __enter__
E             return next(self.gen)
E                    ^^^^^^^^^^^^^^
E           File "/datos/workspaces/personal/SpecOrganon/src/specorganon/source_passages.py", line 109, in _sealed_extractor
E             sealed = os.memfd_create("organon-pdftotext", os.MFD_CLOEXEC | os.MFD_ALLOW_SEALING)
E                      ^^^^^^^^^^^^^^^
E         AttributeError: module 'os' has no attribute 'memfd_create'
E         
E       assert 1 == 0
E        +  where 1 = CompletedProcess(args=['/datos/workspaces/personal/SpecOrganon/.venv/bin/python', '/datos/workspaces/personal/SpecOrga...s.MFD_ALLOW_SEALING)\n             ^^^^^^^^^^^^^^^\nAttributeError: module \'os\' has no attribute \'memfd_create\'\n').returncode

tests/test_extractor_profiles.py:57: AssertionError
_______ test_real_archives_and_reserialized_transcriptions_are_verified ________

packet = ({'schema': 1, 'classification': 'development_exposed_neutral_transcription', 'sources': {'lca': {'title': 'Effects of... bread wasted from household per week', 'reported_total': 1000, ...}, <function packet.<locals>.run at 0x7fcf0f909580>)

    def test_real_archives_and_reserialized_transcriptions_are_verified(packet):
        claims, table, run = packet
>       result = run()
                 ^^^^^

tests/test_audit_bread_sources.py:47: 
_ _ _ _ _ _ _ _ _ _ _ _ _ _ _ _ _ _ _ _ _ _ _ _ _ _ _ _ _ _ _ _ _ _ _ _ _ _ _ _ 
tests/test_audit_bread_sources.py:36: in run
    return auditor.audit_bread_sources(claims_path, table_path, pdf_root)
           ^^^^^^^^^^^^^^^^^^^^^^^^^^^^^^^^^^^^^^^^^^^^^^^^^^^^^^^^^^^^^^
scripts/audit_bread_sources.py:130: in audit_bread_sources
    name: read_pdf_pages(pdf_root / identity["visible_file"],
src/specorganon/source_passages.py:145: in read_pdf_pages
    with _sealed_extractor(extractor) as (executable, fd), tempfile.TemporaryDirectory(
         ^^^^^^^^^^^^^^^^^^^^^^^^^^^^
/home/stev/.local/share/uv/python/cpython-3.12.13-linux-x86_64-gnu/lib/python3.12/contextlib.py:137: in __enter__
    return next(self.gen)
           ^^^^^^^^^^^^^^
_ _ _ _ _ _ _ _ _ _ _ _ _ _ _ _ _ _ _ _ _ _ _ _ _ _ _ _ _ _ _ _ _ _ _ _ _ _ _ _ 

spec = ExtractorSpec(path=PosixPath('/usr/bin/pdftotext'), sha256='47253257c7a7995ea6c8ad54b47b0edece8739dd4102c7bcd5a729472c386fb4')

    @contextmanager
    def _sealed_extractor(spec: ExtractorSpec):
        """Execute the verified binary bytes, without a second path lookup."""
        if (not spec.path.is_absolute()
                or re.fullmatch(r"[0-9a-f]{64}", spec.sha256) is None):
            raise SourceAuditError("extractor needs an absolute path and reviewed digest")
        sealed = None
        try:
            fd = os.open(spec.path, os.O_RDONLY | os.O_NOFOLLOW | os.O_NONBLOCK)
            with os.fdopen(fd, "rb") as stream:
                info = os.fstat(stream.fileno())
                if not stat.S_ISREG(info.st_mode) or not 0 < info.st_size <= 20_000_000:
                    raise SourceAuditError("extractor is not a bounded regular file")
                raw = stream.read(20_000_001)
            if hashlib.sha256(raw).hexdigest() != spec.sha256:
                raise SourceAuditError("extractor bytes differ from reviewed digest")
>           sealed = os.memfd_create("organon-pdftotext", os.MFD_CLOEXEC | os.MFD_ALLOW_SEALING)
                     ^^^^^^^^^^^^^^^
E           AttributeError: module 'os' has no attribute 'memfd_create'

src/specorganon/source_passages.py:109: AttributeError
__ test_changed_numeric_claim_is_rejected_after_json_rewrite[piece_mass-737] ___

packet = ({'schema': 1, 'classification': 'development_exposed_neutral_transcription', 'sources': {'lca': {'title': 'Effects of... bread wasted from household per week', 'reported_total': 1000, ...}, <function packet.<locals>.run at 0x7fcf0f908a40>)
key = 'piece_mass', value = 737

    @pytest.mark.parametrize("key,value", [
        ("piece_mass", 737), ("mill_electricity", 130),
        ("wheat_bran_mass_share", 19.2), ("mill_to_baker_distance", 439),
        ("bakery_electricity", 0.298), ("bakery_natural_gas", 0.116),
        ("retail_bread_waste", 11.5), ("consumer_bread_waste_estimate", 8.3),
        ("survey_respondents", 1001),
    ])
    def test_changed_numeric_claim_is_rejected_after_json_rewrite(packet, key, value):
        claims, _, run = packet
        changed = copy.deepcopy(claims)
        _claim(changed, key)["value"] = value
        with pytest.raises(SourceAuditError):
>           run(altered_claims=changed)

tests/test_audit_bread_sources.py:108: 
_ _ _ _ _ _ _ _ _ _ _ _ _ _ _ _ _ _ _ _ _ _ _ _ _ _ _ _ _ _ _ _ _ _ _ _ _ _ _ _ 
tests/test_audit_bread_sources.py:36: in run
    return auditor.audit_bread_sources(claims_path, table_path, pdf_root)
           ^^^^^^^^^^^^^^^^^^^^^^^^^^^^^^^^^^^^^^^^^^^^^^^^^^^^^^^^^^^^^^
scripts/audit_bread_sources.py:130: in audit_bread_sources
    name: read_pdf_pages(pdf_root / identity["visible_file"],
src/specorganon/source_passages.py:145: in read_pdf_pages
    with _sealed_extractor(extractor) as (executable, fd), tempfile.TemporaryDirectory(
         ^^^^^^^^^^^^^^^^^^^^^^^^^^^^
/home/stev/.local/share/uv/python/cpython-3.12.13-linux-x86_64-gnu/lib/python3.12/contextlib.py:137: in __enter__
    return next(self.gen)
           ^^^^^^^^^^^^^^
_ _ _ _ _ _ _ _ _ _ _ _ _ _ _ _ _ _ _ _ _ _ _ _ _ _ _ _ _ _ _ _ _ _ _ _ _ _ _ _ 

spec = ExtractorSpec(path=PosixPath('/usr/bin/pdftotext'), sha256='47253257c7a7995ea6c8ad54b47b0edece8739dd4102c7bcd5a729472c386fb4')

    @contextmanager
    def _sealed_extractor(spec: ExtractorSpec):
        """Execute the verified binary bytes, without a second path lookup."""
        if (not spec.path.is_absolute()
                or re.fullmatch(r"[0-9a-f]{64}", spec.sha256) is None):
            raise SourceAuditError("extractor needs an absolute path and reviewed digest")
        sealed = None
        try:
            fd = os.open(spec.path, os.O_RDONLY | os.O_NOFOLLOW | os.O_NONBLOCK)
            with os.fdopen(fd, "rb") as stream:
                info = os.fstat(stream.fileno())
                if not stat.S_ISREG(info.st_mode) or not 0 < info.st_size <= 20_000_000:
                    raise SourceAuditError("extractor is not a bounded regular file")
                raw = stream.read(20_000_001)
            if hashlib.sha256(raw).hexdigest() != spec.sha256:
                raise SourceAuditError("extractor bytes differ from reviewed digest")
>           sealed = os.memfd_create("organon-pdftotext", os.MFD_CLOEXEC | os.MFD_ALLOW_SEALING)
                     ^^^^^^^^^^^^^^^
E           AttributeError: module 'os' has no attribute 'memfd_create'

src/specorganon/source_passages.py:109: AttributeError
_ test_changed_numeric_claim_is_rejected_after_json_rewrite[mill_electricity-130] _

packet = ({'schema': 1, 'classification': 'development_exposed_neutral_transcription', 'sources': {'lca': {'title': 'Effects of... bread wasted from household per week', 'reported_total': 1000, ...}, <function packet.<locals>.run at 0x7fcf0f90b920>)
key = 'mill_electricity', value = 130

    @pytest.mark.parametrize("key,value", [
        ("piece_mass", 737), ("mill_electricity", 130),
        ("wheat_bran_mass_share", 19.2), ("mill_to_baker_distance", 439),
        ("bakery_electricity", 0.298), ("bakery_natural_gas", 0.116),
        ("retail_bread_waste", 11.5), ("consumer_bread_waste_estimate", 8.3),
        ("survey_respondents", 1001),
    ])
    def test_changed_numeric_claim_is_rejected_after_json_rewrite(packet, key, value):
        claims, _, run = packet
        changed = copy.deepcopy(claims)
        _claim(changed, key)["value"] = value
        with pytest.raises(SourceAuditError):
>           run(altered_claims=changed)

tests/test_audit_bread_sources.py:108: 
_ _ _ _ _ _ _ _ _ _ _ _ _ _ _ _ _ _ _ _ _ _ _ _ _ _ _ _ _ _ _ _ _ _ _ _ _ _ _ _ 
tests/test_audit_bread_sources.py:36: in run
    return auditor.audit_bread_sources(claims_path, table_path, pdf_root)
           ^^^^^^^^^^^^^^^^^^^^^^^^^^^^^^^^^^^^^^^^^^^^^^^^^^^^^^^^^^^^^^
scripts/audit_bread_sources.py:130: in audit_bread_sources
    name: read_pdf_pages(pdf_root / identity["visible_file"],
src/specorganon/source_passages.py:145: in read_pdf_pages
    with _sealed_extractor(extractor) as (executable, fd), tempfile.TemporaryDirectory(
         ^^^^^^^^^^^^^^^^^^^^^^^^^^^^
/home/stev/.local/share/uv/python/cpython-3.12.13-linux-x86_64-gnu/lib/python3.12/contextlib.py:137: in __enter__
    return next(self.gen)
           ^^^^^^^^^^^^^^
_ _ _ _ _ _ _ _ _ _ _ _ _ _ _ _ _ _ _ _ _ _ _ _ _ _ _ _ _ _ _ _ _ _ _ _ _ _ _ _ 

spec = ExtractorSpec(path=PosixPath('/usr/bin/pdftotext'), sha256='47253257c7a7995ea6c8ad54b47b0edece8739dd4102c7bcd5a729472c386fb4')

    @contextmanager
    def _sealed_extractor(spec: ExtractorSpec):
        """Execute the verified binary bytes, without a second path lookup."""
        if (not spec.path.is_absolute()
                or re.fullmatch(r"[0-9a-f]{64}", spec.sha256) is None):
            raise SourceAuditError("extractor needs an absolute path and reviewed digest")
        sealed = None
        try:
            fd = os.open(spec.path, os.O_RDONLY | os.O_NOFOLLOW | os.O_NONBLOCK)
            with os.fdopen(fd, "rb") as stream:
                info = os.fstat(stream.fileno())
                if not stat.S_ISREG(info.st_mode) or not 0 < info.st_size <= 20_000_000:
                    raise SourceAuditError("extractor is not a bounded regular file")
                raw = stream.read(20_000_001)
            if hashlib.sha256(raw).hexdigest() != spec.sha256:
                raise SourceAuditError("extractor bytes differ from reviewed digest")
>           sealed = os.memfd_create("organon-pdftotext", os.MFD_CLOEXEC | os.MFD_ALLOW_SEALING)
                     ^^^^^^^^^^^^^^^
E           AttributeError: module 'os' has no attribute 'memfd_create'

src/specorganon/source_passages.py:109: AttributeError
_ test_changed_numeric_claim_is_rejected_after_json_rewrite[wheat_bran_mass_share-19.2] _

packet = ({'schema': 1, 'classification': 'development_exposed_neutral_transcription', 'sources': {'lca': {'title': 'Effects of... bread wasted from household per week', 'reported_total': 1000, ...}, <function packet.<locals>.run at 0x7fcf0f908ea0>)
key = 'wheat_bran_mass_share', value = 19.2

    @pytest.mark.parametrize("key,value", [
        ("piece_mass", 737), ("mill_electricity", 130),
        ("wheat_bran_mass_share", 19.2), ("mill_to_baker_distance", 439),
        ("bakery_electricity", 0.298), ("bakery_natural_gas", 0.116),
        ("retail_bread_waste", 11.5), ("consumer_bread_waste_estimate", 8.3),
        ("survey_respondents", 1001),
    ])
    def test_changed_numeric_claim_is_rejected_after_json_rewrite(packet, key, value):
        claims, _, run = packet
        changed = copy.deepcopy(claims)
        _claim(changed, key)["value"] = value
        with pytest.raises(SourceAuditError):
>           run(altered_claims=changed)

tests/test_audit_bread_sources.py:108: 
_ _ _ _ _ _ _ _ _ _ _ _ _ _ _ _ _ _ _ _ _ _ _ _ _ _ _ _ _ _ _ _ _ _ _ _ _ _ _ _ 
tests/test_audit_bread_sources.py:36: in run
    return auditor.audit_bread_sources(claims_path, table_path, pdf_root)
           ^^^^^^^^^^^^^^^^^^^^^^^^^^^^^^^^^^^^^^^^^^^^^^^^^^^^^^^^^^^^^^
scripts/audit_bread_sources.py:130: in audit_bread_sources
    name: read_pdf_pages(pdf_root / identity["visible_file"],
src/specorganon/source_passages.py:145: in read_pdf_pages
    with _sealed_extractor(extractor) as (executable, fd), tempfile.TemporaryDirectory(
         ^^^^^^^^^^^^^^^^^^^^^^^^^^^^
/home/stev/.local/share/uv/python/cpython-3.12.13-linux-x86_64-gnu/lib/python3.12/contextlib.py:137: in __enter__
    return next(self.gen)
           ^^^^^^^^^^^^^^
_ _ _ _ _ _ _ _ _ _ _ _ _ _ _ _ _ _ _ _ _ _ _ _ _ _ _ _ _ _ _ _ _ _ _ _ _ _ _ _ 

spec = ExtractorSpec(path=PosixPath('/usr/bin/pdftotext'), sha256='47253257c7a7995ea6c8ad54b47b0edece8739dd4102c7bcd5a729472c386fb4')

    @contextmanager
    def _sealed_extractor(spec: ExtractorSpec):
        """Execute the verified binary bytes, without a second path lookup."""
        if (not spec.path.is_absolute()
                or re.fullmatch(r"[0-9a-f]{64}", spec.sha256) is None):
            raise SourceAuditError("extractor needs an absolute path and reviewed digest")
        sealed = None
        try:
            fd = os.open(spec.path, os.O_RDONLY | os.O_NOFOLLOW | os.O_NONBLOCK)
            with os.fdopen(fd, "rb") as stream:
                info = os.fstat(stream.fileno())
                if not stat.S_ISREG(info.st_mode) or not 0 < info.st_size <= 20_000_000:
                    raise SourceAuditError("extractor is not a bounded regular file")
                raw = stream.read(20_000_001)
            if hashlib.sha256(raw).hexdigest() != spec.sha256:
                raise SourceAuditError("extractor bytes differ from reviewed digest")
>           sealed = os.memfd_create("organon-pdftotext", os.MFD_CLOEXEC | os.MFD_ALLOW_SEALING)
                     ^^^^^^^^^^^^^^^
E           AttributeError: module 'os' has no attribute 'memfd_create'

src/specorganon/source_passages.py:109: AttributeError
_ test_changed_numeric_claim_is_rejected_after_json_rewrite[mill_to_baker_distance-439] _

packet = ({'schema': 1, 'classification': 'development_exposed_neutral_transcription', 'sources': {'lca': {'title': 'Effects of... bread wasted from household per week', 'reported_total': 1000, ...}, <function packet.<locals>.run at 0x7fcf0f90bf60>)
key = 'mill_to_baker_distance', value = 439

    @pytest.mark.parametrize("key,value", [
        ("piece_mass", 737), ("mill_electricity", 130),
        ("wheat_bran_mass_share", 19.2), ("mill_to_baker_distance", 439),
        ("bakery_electricity", 0.298), ("bakery_natural_gas", 0.116),
        ("retail_bread_waste", 11.5), ("consumer_bread_waste_estimate", 8.3),
        ("survey_respondents", 1001),
    ])
    def test_changed_numeric_claim_is_rejected_after_json_rewrite(packet, key, value):
        claims, _, run = packet
        changed = copy.deepcopy(claims)
        _claim(changed, key)["value"] = value
        with pytest.raises(SourceAuditError):
>           run(altered_claims=changed)

tests/test_audit_bread_sources.py:108: 
_ _ _ _ _ _ _ _ _ _ _ _ _ _ _ _ _ _ _ _ _ _ _ _ _ _ _ _ _ _ _ _ _ _ _ _ _ _ _ _ 
tests/test_audit_bread_sources.py:36: in run
    return auditor.audit_bread_sources(claims_path, table_path, pdf_root)
           ^^^^^^^^^^^^^^^^^^^^^^^^^^^^^^^^^^^^^^^^^^^^^^^^^^^^^^^^^^^^^^
scripts/audit_bread_sources.py:130: in audit_bread_sources
    name: read_pdf_pages(pdf_root / identity["visible_file"],
src/specorganon/source_passages.py:145: in read_pdf_pages
    with _sealed_extractor(extractor) as (executable, fd), tempfile.TemporaryDirectory(
         ^^^^^^^^^^^^^^^^^^^^^^^^^^^^
/home/stev/.local/share/uv/python/cpython-3.12.13-linux-x86_64-gnu/lib/python3.12/contextlib.py:137: in __enter__
    return next(self.gen)
           ^^^^^^^^^^^^^^
_ _ _ _ _ _ _ _ _ _ _ _ _ _ _ _ _ _ _ _ _ _ _ _ _ _ _ _ _ _ _ _ _ _ _ _ _ _ _ _ 

spec = ExtractorSpec(path=PosixPath('/usr/bin/pdftotext'), sha256='47253257c7a7995ea6c8ad54b47b0edece8739dd4102c7bcd5a729472c386fb4')

    @contextmanager
    def _sealed_extractor(spec: ExtractorSpec):
        """Execute the verified binary bytes, without a second path lookup."""
        if (not spec.path.is_absolute()
                or re.fullmatch(r"[0-9a-f]{64}", spec.sha256) is None):
            raise SourceAuditError("extractor needs an absolute path and reviewed digest")
        sealed = None
        try:
            fd = os.open(spec.path, os.O_RDONLY | os.O_NOFOLLOW | os.O_NONBLOCK)
            with os.fdopen(fd, "rb") as stream:
                info = os.fstat(stream.fileno())
                if not stat.S_ISREG(info.st_mode) or not 0 < info.st_size <= 20_000_000:
                    raise SourceAuditError("extractor is not a bounded regular file")
                raw = stream.read(20_000_001)
            if hashlib.sha256(raw).hexdigest() != spec.sha256:
                raise SourceAuditError("extractor bytes differ from reviewed digest")
>           sealed = os.memfd_create("organon-pdftotext", os.MFD_CLOEXEC | os.MFD_ALLOW_SEALING)
                     ^^^^^^^^^^^^^^^
E           AttributeError: module 'os' has no attribute 'memfd_create'

src/specorganon/source_passages.py:109: AttributeError
_ test_changed_numeric_claim_is_rejected_after_json_rewrite[bakery_electricity-0.298] _

packet = ({'schema': 1, 'classification': 'development_exposed_neutral_transcription', 'sources': {'lca': {'title': 'Effects of... bread wasted from household per week', 'reported_total': 1000, ...}, <function packet.<locals>.run at 0x7fcf0f90b9c0>)
key = 'bakery_electricity', value = 0.298

    @pytest.mark.parametrize("key,value", [
        ("piece_mass", 737), ("mill_electricity", 130),
        ("wheat_bran_mass_share", 19.2), ("mill_to_baker_distance", 439),
        ("bakery_electricity", 0.298), ("bakery_natural_gas", 0.116),
        ("retail_bread_waste", 11.5), ("consumer_bread_waste_estimate", 8.3),
        ("survey_respondents", 1001),
    ])
    def test_changed_numeric_claim_is_rejected_after_json_rewrite(packet, key, value):
        claims, _, run = packet
        changed = copy.deepcopy(claims)
        _claim(changed, key)["value"] = value
        with pytest.raises(SourceAuditError):
>           run(altered_claims=changed)

tests/test_audit_bread_sources.py:108: 
_ _ _ _ _ _ _ _ _ _ _ _ _ _ _ _ _ _ _ _ _ _ _ _ _ _ _ _ _ _ _ _ _ _ _ _ _ _ _ _ 
tests/test_audit_bread_sources.py:36: in run
    return auditor.audit_bread_sources(claims_path, table_path, pdf_root)
           ^^^^^^^^^^^^^^^^^^^^^^^^^^^^^^^^^^^^^^^^^^^^^^^^^^^^^^^^^^^^^^
scripts/audit_bread_sources.py:130: in audit_bread_sources
    name: read_pdf_pages(pdf_root / identity["visible_file"],
src/specorganon/source_passages.py:145: in read_pdf_pages
    with _sealed_extractor(extractor) as (executable, fd), tempfile.TemporaryDirectory(
         ^^^^^^^^^^^^^^^^^^^^^^^^^^^^
/home/stev/.local/share/uv/python/cpython-3.12.13-linux-x86_64-gnu/lib/python3.12/contextlib.py:137: in __enter__
    return next(self.gen)
           ^^^^^^^^^^^^^^
_ _ _ _ _ _ _ _ _ _ _ _ _ _ _ _ _ _ _ _ _ _ _ _ _ _ _ _ _ _ _ _ _ _ _ _ _ _ _ _ 

spec = ExtractorSpec(path=PosixPath('/usr/bin/pdftotext'), sha256='47253257c7a7995ea6c8ad54b47b0edece8739dd4102c7bcd5a729472c386fb4')

    @contextmanager
    def _sealed_extractor(spec: ExtractorSpec):
        """Execute the verified binary bytes, without a second path lookup."""
        if (not spec.path.is_absolute()
                or re.fullmatch(r"[0-9a-f]{64}", spec.sha256) is None):
            raise SourceAuditError("extractor needs an absolute path and reviewed digest")
        sealed = None
        try:
            fd = os.open(spec.path, os.O_RDONLY | os.O_NOFOLLOW | os.O_NONBLOCK)
            with os.fdopen(fd, "rb") as stream:
                info = os.fstat(stream.fileno())
                if not stat.S_ISREG(info.st_mode) or not 0 < info.st_size <= 20_000_000:
                    raise SourceAuditError("extractor is not a bounded regular file")
                raw = stream.read(20_000_001)
            if hashlib.sha256(raw).hexdigest() != spec.sha256:
                raise SourceAuditError("extractor bytes differ from reviewed digest")
>           sealed = os.memfd_create("organon-pdftotext", os.MFD_CLOEXEC | os.MFD_ALLOW_SEALING)
                     ^^^^^^^^^^^^^^^
E           AttributeError: module 'os' has no attribute 'memfd_create'

src/specorganon/source_passages.py:109: AttributeError
_ test_changed_numeric_claim_is_rejected_after_json_rewrite[bakery_natural_gas-0.116] _

packet = ({'schema': 1, 'classification': 'development_exposed_neutral_transcription', 'sources': {'lca': {'title': 'Effects of... bread wasted from household per week', 'reported_total': 1000, ...}, <function packet.<locals>.run at 0x7fcf0f908ea0>)
key = 'bakery_natural_gas', value = 0.116

    @pytest.mark.parametrize("key,value", [
        ("piece_mass", 737), ("mill_electricity", 130),
        ("wheat_bran_mass_share", 19.2), ("mill_to_baker_distance", 439),
        ("bakery_electricity", 0.298), ("bakery_natural_gas", 0.116),
        ("retail_bread_waste", 11.5), ("consumer_bread_waste_estimate", 8.3),
        ("survey_respondents", 1001),
    ])
    def test_changed_numeric_claim_is_rejected_after_json_rewrite(packet, key, value):
        claims, _, run = packet
        changed = copy.deepcopy(claims)
        _claim(changed, key)["value"] = value
        with pytest.raises(SourceAuditError):
>           run(altered_claims=changed)

tests/test_audit_bread_sources.py:108: 
_ _ _ _ _ _ _ _ _ _ _ _ _ _ _ _ _ _ _ _ _ _ _ _ _ _ _ _ _ _ _ _ _ _ _ _ _ _ _ _ 
tests/test_audit_bread_sources.py:36: in run
    return auditor.audit_bread_sources(claims_path, table_path, pdf_root)
           ^^^^^^^^^^^^^^^^^^^^^^^^^^^^^^^^^^^^^^^^^^^^^^^^^^^^^^^^^^^^^^
scripts/audit_bread_sources.py:130: in audit_bread_sources
    name: read_pdf_pages(pdf_root / identity["visible_file"],
src/specorganon/source_passages.py:145: in read_pdf_pages
    with _sealed_extractor(extractor) as (executable, fd), tempfile.TemporaryDirectory(
         ^^^^^^^^^^^^^^^^^^^^^^^^^^^^
/home/stev/.local/share/uv/python/cpython-3.12.13-linux-x86_64-gnu/lib/python3.12/contextlib.py:137: in __enter__
    return next(self.gen)
           ^^^^^^^^^^^^^^
_ _ _ _ _ _ _ _ _ _ _ _ _ _ _ _ _ _ _ _ _ _ _ _ _ _ _ _ _ _ _ _ _ _ _ _ _ _ _ _ 

spec = ExtractorSpec(path=PosixPath('/usr/bin/pdftotext'), sha256='47253257c7a7995ea6c8ad54b47b0edece8739dd4102c7bcd5a729472c386fb4')

    @contextmanager
    def _sealed_extractor(spec: ExtractorSpec):
        """Execute the verified binary bytes, without a second path lookup."""
        if (not spec.path.is_absolute()
                or re.fullmatch(r"[0-9a-f]{64}", spec.sha256) is None):
            raise SourceAuditError("extractor needs an absolute path and reviewed digest")
        sealed = None
        try:
            fd = os.open(spec.path, os.O_RDONLY | os.O_NOFOLLOW | os.O_NONBLOCK)
            with os.fdopen(fd, "rb") as stream:
                info = os.fstat(stream.fileno())
                if not stat.S_ISREG(info.st_mode) or not 0 < info.st_size <= 20_000_000:
                    raise SourceAuditError("extractor is not a bounded regular file")
                raw = stream.read(20_000_001)
            if hashlib.sha256(raw).hexdigest() != spec.sha256:
                raise SourceAuditError("extractor bytes differ from reviewed digest")
>           sealed = os.memfd_create("organon-pdftotext", os.MFD_CLOEXEC | os.MFD_ALLOW_SEALING)
                     ^^^^^^^^^^^^^^^
E           AttributeError: module 'os' has no attribute 'memfd_create'

src/specorganon/source_passages.py:109: AttributeError
_ test_changed_numeric_claim_is_rejected_after_json_rewrite[retail_bread_waste-11.5] _

packet = ({'schema': 1, 'classification': 'development_exposed_neutral_transcription', 'sources': {'lca': {'title': 'Effects of... bread wasted from household per week', 'reported_total': 1000, ...}, <function packet.<locals>.run at 0x7fcf0f949300>)
key = 'retail_bread_waste', value = 11.5

    @pytest.mark.parametrize("key,value", [
        ("piece_mass", 737), ("mill_electricity", 130),
        ("wheat_bran_mass_share", 19.2), ("mill_to_baker_distance", 439),
        ("bakery_electricity", 0.298), ("bakery_natural_gas", 0.116),
        ("retail_bread_waste", 11.5), ("consumer_bread_waste_estimate", 8.3),
        ("survey_respondents", 1001),
    ])
    def test_changed_numeric_claim_is_rejected_after_json_rewrite(packet, key, value):
        claims, _, run = packet
        changed = copy.deepcopy(claims)
        _claim(changed, key)["value"] = value
        with pytest.raises(SourceAuditError):
>           run(altered_claims=changed)

tests/test_audit_bread_sources.py:108: 
_ _ _ _ _ _ _ _ _ _ _ _ _ _ _ _ _ _ _ _ _ _ _ _ _ _ _ _ _ _ _ _ _ _ _ _ _ _ _ _ 
tests/test_audit_bread_sources.py:36: in run
    return auditor.audit_bread_sources(claims_path, table_path, pdf_root)
           ^^^^^^^^^^^^^^^^^^^^^^^^^^^^^^^^^^^^^^^^^^^^^^^^^^^^^^^^^^^^^^
scripts/audit_bread_sources.py:130: in audit_bread_sources
    name: read_pdf_pages(pdf_root / identity["visible_file"],
src/specorganon/source_passages.py:145: in read_pdf_pages
    with _sealed_extractor(extractor) as (executable, fd), tempfile.TemporaryDirectory(
         ^^^^^^^^^^^^^^^^^^^^^^^^^^^^
/home/stev/.local/share/uv/python/cpython-3.12.13-linux-x86_64-gnu/lib/python3.12/contextlib.py:137: in __enter__
    return next(self.gen)
           ^^^^^^^^^^^^^^
_ _ _ _ _ _ _ _ _ _ _ _ _ _ _ _ _ _ _ _ _ _ _ _ _ _ _ _ _ _ _ _ _ _ _ _ _ _ _ _ 

spec = ExtractorSpec(path=PosixPath('/usr/bin/pdftotext'), sha256='47253257c7a7995ea6c8ad54b47b0edece8739dd4102c7bcd5a729472c386fb4')

    @contextmanager
    def _sealed_extractor(spec: ExtractorSpec):
        """Execute the verified binary bytes, without a second path lookup."""
        if (not spec.path.is_absolute()
                or re.fullmatch(r"[0-9a-f]{64}", spec.sha256) is None):
            raise SourceAuditError("extractor needs an absolute path and reviewed digest")
        sealed = None
        try:
            fd = os.open(spec.path, os.O_RDONLY | os.O_NOFOLLOW | os.O_NONBLOCK)
            with os.fdopen(fd, "rb") as stream:
                info = os.fstat(stream.fileno())
                if not stat.S_ISREG(info.st_mode) or not 0 < info.st_size <= 20_000_000:
                    raise SourceAuditError("extractor is not a bounded regular file")
                raw = stream.read(20_000_001)
            if hashlib.sha256(raw).hexdigest() != spec.sha256:
                raise SourceAuditError("extractor bytes differ from reviewed digest")
>           sealed = os.memfd_create("organon-pdftotext", os.MFD_CLOEXEC | os.MFD_ALLOW_SEALING)
                     ^^^^^^^^^^^^^^^
E           AttributeError: module 'os' has no attribute 'memfd_create'

src/specorganon/source_passages.py:109: AttributeError
_ test_changed_numeric_claim_is_rejected_after_json_rewrite[consumer_bread_waste_estimate-8.3] _

packet = ({'schema': 1, 'classification': 'development_exposed_neutral_transcription', 'sources': {'lca': {'title': 'Effects of... bread wasted from household per week', 'reported_total': 1000, ...}, <function packet.<locals>.run at 0x7fcf0f949260>)
key = 'consumer_bread_waste_estimate', value = 8.3

    @pytest.mark.parametrize("key,value", [
        ("piece_mass", 737), ("mill_electricity", 130),
        ("wheat_bran_mass_share", 19.2), ("mill_to_baker_distance", 439),
        ("bakery_electricity", 0.298), ("bakery_natural_gas", 0.116),
        ("retail_bread_waste", 11.5), ("consumer_bread_waste_estimate", 8.3),
        ("survey_respondents", 1001),
    ])
    def test_changed_numeric_claim_is_rejected_after_json_rewrite(packet, key, value):
        claims, _, run = packet
        changed = copy.deepcopy(claims)
        _claim(changed, key)["value"] = value
        with pytest.raises(SourceAuditError):
>           run(altered_claims=changed)

tests/test_audit_bread_sources.py:108: 
_ _ _ _ _ _ _ _ _ _ _ _ _ _ _ _ _ _ _ _ _ _ _ _ _ _ _ _ _ _ _ _ _ _ _ _ _ _ _ _ 
tests/test_audit_bread_sources.py:36: in run
    return auditor.audit_bread_sources(claims_path, table_path, pdf_root)
           ^^^^^^^^^^^^^^^^^^^^^^^^^^^^^^^^^^^^^^^^^^^^^^^^^^^^^^^^^^^^^^
scripts/audit_bread_sources.py:130: in audit_bread_sources
    name: read_pdf_pages(pdf_root / identity["visible_file"],
src/specorganon/source_passages.py:145: in read_pdf_pages
    with _sealed_extractor(extractor) as (executable, fd), tempfile.TemporaryDirectory(
         ^^^^^^^^^^^^^^^^^^^^^^^^^^^^
/home/stev/.local/share/uv/python/cpython-3.12.13-linux-x86_64-gnu/lib/python3.12/contextlib.py:137: in __enter__
    return next(self.gen)
           ^^^^^^^^^^^^^^
_ _ _ _ _ _ _ _ _ _ _ _ _ _ _ _ _ _ _ _ _ _ _ _ _ _ _ _ _ _ _ _ _ _ _ _ _ _ _ _ 

spec = ExtractorSpec(path=PosixPath('/usr/bin/pdftotext'), sha256='47253257c7a7995ea6c8ad54b47b0edece8739dd4102c7bcd5a729472c386fb4')

    @contextmanager
    def _sealed_extractor(spec: ExtractorSpec):
        """Execute the verified binary bytes, without a second path lookup."""
        if (not spec.path.is_absolute()
                or re.fullmatch(r"[0-9a-f]{64}", spec.sha256) is None):
            raise SourceAuditError("extractor needs an absolute path and reviewed digest")
        sealed = None
        try:
            fd = os.open(spec.path, os.O_RDONLY | os.O_NOFOLLOW | os.O_NONBLOCK)
            with os.fdopen(fd, "rb") as stream:
                info = os.fstat(stream.fileno())
                if not stat.S_ISREG(info.st_mode) or not 0 < info.st_size <= 20_000_000:
                    raise SourceAuditError("extractor is not a bounded regular file")
                raw = stream.read(20_000_001)
            if hashlib.sha256(raw).hexdigest() != spec.sha256:
                raise SourceAuditError("extractor bytes differ from reviewed digest")
>           sealed = os.memfd_create("organon-pdftotext", os.MFD_CLOEXEC | os.MFD_ALLOW_SEALING)
                     ^^^^^^^^^^^^^^^
E           AttributeError: module 'os' has no attribute 'memfd_create'

src/specorganon/source_passages.py:109: AttributeError
_ test_changed_numeric_claim_is_rejected_after_json_rewrite[survey_respondents-1001] _

packet = ({'schema': 1, 'classification': 'development_exposed_neutral_transcription', 'sources': {'lca': {'title': 'Effects of... bread wasted from household per week', 'reported_total': 1000, ...}, <function packet.<locals>.run at 0x7fcf0f948ae0>)
key = 'survey_respondents', value = 1001

    @pytest.mark.parametrize("key,value", [
        ("piece_mass", 737), ("mill_electricity", 130),
        ("wheat_bran_mass_share", 19.2), ("mill_to_baker_distance", 439),
        ("bakery_electricity", 0.298), ("bakery_natural_gas", 0.116),
        ("retail_bread_waste", 11.5), ("consumer_bread_waste_estimate", 8.3),
        ("survey_respondents", 1001),
    ])
    def test_changed_numeric_claim_is_rejected_after_json_rewrite(packet, key, value):
        claims, _, run = packet
        changed = copy.deepcopy(claims)
        _claim(changed, key)["value"] = value
        with pytest.raises(SourceAuditError):
>           run(altered_claims=changed)

tests/test_audit_bread_sources.py:108: 
_ _ _ _ _ _ _ _ _ _ _ _ _ _ _ _ _ _ _ _ _ _ _ _ _ _ _ _ _ _ _ _ _ _ _ _ _ _ _ _ 
tests/test_audit_bread_sources.py:36: in run
    return auditor.audit_bread_sources(claims_path, table_path, pdf_root)
           ^^^^^^^^^^^^^^^^^^^^^^^^^^^^^^^^^^^^^^^^^^^^^^^^^^^^^^^^^^^^^^
scripts/audit_bread_sources.py:130: in audit_bread_sources
    name: read_pdf_pages(pdf_root / identity["visible_file"],
src/specorganon/source_passages.py:145: in read_pdf_pages
    with _sealed_extractor(extractor) as (executable, fd), tempfile.TemporaryDirectory(
         ^^^^^^^^^^^^^^^^^^^^^^^^^^^^
/home/stev/.local/share/uv/python/cpython-3.12.13-linux-x86_64-gnu/lib/python3.12/contextlib.py:137: in __enter__
    return next(self.gen)
           ^^^^^^^^^^^^^^
_ _ _ _ _ _ _ _ _ _ _ _ _ _ _ _ _ _ _ _ _ _ _ _ _ _ _ _ _ _ _ _ _ _ _ _ _ _ _ _ 

spec = ExtractorSpec(path=PosixPath('/usr/bin/pdftotext'), sha256='47253257c7a7995ea6c8ad54b47b0edece8739dd4102c7bcd5a729472c386fb4')

    @contextmanager
    def _sealed_extractor(spec: ExtractorSpec):
        """Execute the verified binary bytes, without a second path lookup."""
        if (not spec.path.is_absolute()
                or re.fullmatch(r"[0-9a-f]{64}", spec.sha256) is None):
            raise SourceAuditError("extractor needs an absolute path and reviewed digest")
        sealed = None
        try:
            fd = os.open(spec.path, os.O_RDONLY | os.O_NOFOLLOW | os.O_NONBLOCK)
            with os.fdopen(fd, "rb") as stream:
                info = os.fstat(stream.fileno())
                if not stat.S_ISREG(info.st_mode) or not 0 < info.st_size <= 20_000_000:
                    raise SourceAuditError("extractor is not a bounded regular file")
                raw = stream.read(20_000_001)
            if hashlib.sha256(raw).hexdigest() != spec.sha256:
                raise SourceAuditError("extractor bytes differ from reviewed digest")
>           sealed = os.memfd_create("organon-pdftotext", os.MFD_CLOEXEC | os.MFD_ALLOW_SEALING)
                     ^^^^^^^^^^^^^^^
E           AttributeError: module 'os' has no attribute 'memfd_create'

src/specorganon/source_passages.py:109: AttributeError
______________ test_path_shim_cannot_change_numeric_audit_outcome ______________

tmp_path = PosixPath('/datos/workspaces/personal/SpecOrganon/goals/autonomous-software-v1/test-tmp-green/test_path_shim_cannot_change_n0')
monkeypatch = <_pytest.monkeypatch.MonkeyPatch object at 0x7fcf0f87bb90>
packet = ({'schema': 1, 'classification': 'development_exposed_neutral_transcription', 'sources': {'lca': {'title': 'Effects of... bread wasted from household per week', 'reported_total': 1000, ...}, <function packet.<locals>.run at 0x7fcf0f94a340>)

    def test_path_shim_cannot_change_numeric_audit_outcome(tmp_path, monkeypatch, packet):
        bindir = tmp_path / "bin"
        bindir.mkdir()
        shim = bindir / "pdftotext"
        shim.write_text("#!/bin/sh\nexit 99\n")
        shim.chmod(0o700)
        monkeypatch.setenv("PATH", str(bindir))
        claims, _, run = packet
>       assert run()["verified_claims"] == 17
               ^^^^^

tests/test_audit_bread_sources.py:128: 
_ _ _ _ _ _ _ _ _ _ _ _ _ _ _ _ _ _ _ _ _ _ _ _ _ _ _ _ _ _ _ _ _ _ _ _ _ _ _ _ 
tests/test_audit_bread_sources.py:36: in run
    return auditor.audit_bread_sources(claims_path, table_path, pdf_root)
           ^^^^^^^^^^^^^^^^^^^^^^^^^^^^^^^^^^^^^^^^^^^^^^^^^^^^^^^^^^^^^^
scripts/audit_bread_sources.py:130: in audit_bread_sources
    name: read_pdf_pages(pdf_root / identity["visible_file"],
src/specorganon/source_passages.py:145: in read_pdf_pages
    with _sealed_extractor(extractor) as (executable, fd), tempfile.TemporaryDirectory(
         ^^^^^^^^^^^^^^^^^^^^^^^^^^^^
/home/stev/.local/share/uv/python/cpython-3.12.13-linux-x86_64-gnu/lib/python3.12/contextlib.py:137: in __enter__
    return next(self.gen)
           ^^^^^^^^^^^^^^
_ _ _ _ _ _ _ _ _ _ _ _ _ _ _ _ _ _ _ _ _ _ _ _ _ _ _ _ _ _ _ _ _ _ _ _ _ _ _ _ 

spec = ExtractorSpec(path=PosixPath('/usr/bin/pdftotext'), sha256='47253257c7a7995ea6c8ad54b47b0edece8739dd4102c7bcd5a729472c386fb4')

    @contextmanager
    def _sealed_extractor(spec: ExtractorSpec):
        """Execute the verified binary bytes, without a second path lookup."""
        if (not spec.path.is_absolute()
                or re.fullmatch(r"[0-9a-f]{64}", spec.sha256) is None):
            raise SourceAuditError("extractor needs an absolute path and reviewed digest")
        sealed = None
        try:
            fd = os.open(spec.path, os.O_RDONLY | os.O_NOFOLLOW | os.O_NONBLOCK)
            with os.fdopen(fd, "rb") as stream:
                info = os.fstat(stream.fileno())
                if not stat.S_ISREG(info.st_mode) or not 0 < info.st_size <= 20_000_000:
                    raise SourceAuditError("extractor is not a bounded regular file")
                raw = stream.read(20_000_001)
            if hashlib.sha256(raw).hexdigest() != spec.sha256:
                raise SourceAuditError("extractor bytes differ from reviewed digest")
>           sealed = os.memfd_create("organon-pdftotext", os.MFD_CLOEXEC | os.MFD_ALLOW_SEALING)
                     ^^^^^^^^^^^^^^^
E           AttributeError: module 'os' has no attribute 'memfd_create'

src/specorganon/source_passages.py:109: AttributeError
__________ test_coherent_origin_percentages_cannot_replace_pdf_values __________

packet = ({'schema': 1, 'classification': 'development_exposed_neutral_transcription', 'sources': {'lca': {'title': 'Effects of... bread wasted from household per week', 'reported_total': 1000, ...}, <function packet.<locals>.run at 0x7fcf0f94a200>)

    def test_coherent_origin_percentages_cannot_replace_pdf_values(packet):
        claims, _, run = packet
        changed = copy.deepcopy(claims)
        _claim(changed, "norway_wheat_share")["value"] = 66
        _claim(changed, "poland_wheat_share")["value"] = 34
        with pytest.raises(SourceAuditError):
>           run(altered_claims=changed)

tests/test_audit_bread_sources.py:141: 
_ _ _ _ _ _ _ _ _ _ _ _ _ _ _ _ _ _ _ _ _ _ _ _ _ _ _ _ _ _ _ _ _ _ _ _ _ _ _ _ 
tests/test_audit_bread_sources.py:36: in run
    return auditor.audit_bread_sources(claims_path, table_path, pdf_root)
           ^^^^^^^^^^^^^^^^^^^^^^^^^^^^^^^^^^^^^^^^^^^^^^^^^^^^^^^^^^^^^^
scripts/audit_bread_sources.py:130: in audit_bread_sources
    name: read_pdf_pages(pdf_root / identity["visible_file"],
src/specorganon/source_passages.py:145: in read_pdf_pages
    with _sealed_extractor(extractor) as (executable, fd), tempfile.TemporaryDirectory(
         ^^^^^^^^^^^^^^^^^^^^^^^^^^^^
/home/stev/.local/share/uv/python/cpython-3.12.13-linux-x86_64-gnu/lib/python3.12/contextlib.py:137: in __enter__
    return next(self.gen)
           ^^^^^^^^^^^^^^
_ _ _ _ _ _ _ _ _ _ _ _ _ _ _ _ _ _ _ _ _ _ _ _ _ _ _ _ _ _ _ _ _ _ _ _ _ _ _ _ 

spec = ExtractorSpec(path=PosixPath('/usr/bin/pdftotext'), sha256='47253257c7a7995ea6c8ad54b47b0edece8739dd4102c7bcd5a729472c386fb4')

    @contextmanager
    def _sealed_extractor(spec: ExtractorSpec):
        """Execute the verified binary bytes, without a second path lookup."""
        if (not spec.path.is_absolute()
                or re.fullmatch(r"[0-9a-f]{64}", spec.sha256) is None):
            raise SourceAuditError("extractor needs an absolute path and reviewed digest")
        sealed = None
        try:
            fd = os.open(spec.path, os.O_RDONLY | os.O_NOFOLLOW | os.O_NONBLOCK)
            with os.fdopen(fd, "rb") as stream:
                info = os.fstat(stream.fileno())
                if not stat.S_ISREG(info.st_mode) or not 0 < info.st_size <= 20_000_000:
                    raise SourceAuditError("extractor is not a bounded regular file")
                raw = stream.read(20_000_001)
            if hashlib.sha256(raw).hexdigest() != spec.sha256:
                raise SourceAuditError("extractor bytes differ from reviewed digest")
>           sealed = os.memfd_create("organon-pdftotext", os.MFD_CLOEXEC | os.MFD_ALLOW_SEALING)
                     ^^^^^^^^^^^^^^^
E           AttributeError: module 'os' has no attribute 'memfd_create'

src/specorganon/source_passages.py:109: AttributeError
___ test_coherent_survey_counts_and_percentages_are_extracted_not_memorized ____

packet = ({'schema': 1, 'classification': 'development_exposed_neutral_transcription', 'sources': {'lca': {'title': 'Effects of... bread wasted from household per week', 'reported_total': 1000, ...}, <function packet.<locals>.run at 0x7fcf0f94afc0>)

    def test_coherent_survey_counts_and_percentages_are_extracted_not_memorized(packet):
        _, table, run = packet
        changed = copy.deepcopy(table)
        first, second = changed["categories"][:2]
        first["count"] += 1
        second["count"] -= 1
        first["reported_percent"] = "43.0"
        second["reported_percent"] = "30.0"
        assert sum(row["count"] for row in changed["categories"]) == changed["reported_total"]
        with pytest.raises(SourceAuditError):
>           run(altered_table=changed)

tests/test_audit_bread_sources.py:188: 
_ _ _ _ _ _ _ _ _ _ _ _ _ _ _ _ _ _ _ _ _ _ _ _ _ _ _ _ _ _ _ _ _ _ _ _ _ _ _ _ 
tests/test_audit_bread_sources.py:36: in run
    return auditor.audit_bread_sources(claims_path, table_path, pdf_root)
           ^^^^^^^^^^^^^^^^^^^^^^^^^^^^^^^^^^^^^^^^^^^^^^^^^^^^^^^^^^^^^^
scripts/audit_bread_sources.py:130: in audit_bread_sources
    name: read_pdf_pages(pdf_root / identity["visible_file"],
src/specorganon/source_passages.py:145: in read_pdf_pages
    with _sealed_extractor(extractor) as (executable, fd), tempfile.TemporaryDirectory(
         ^^^^^^^^^^^^^^^^^^^^^^^^^^^^
/home/stev/.local/share/uv/python/cpython-3.12.13-linux-x86_64-gnu/lib/python3.12/contextlib.py:137: in __enter__
    return next(self.gen)
           ^^^^^^^^^^^^^^
_ _ _ _ _ _ _ _ _ _ _ _ _ _ _ _ _ _ _ _ _ _ _ _ _ _ _ _ _ _ _ _ _ _ _ _ _ _ _ _ 

spec = ExtractorSpec(path=PosixPath('/usr/bin/pdftotext'), sha256='47253257c7a7995ea6c8ad54b47b0edece8739dd4102c7bcd5a729472c386fb4')

    @contextmanager
    def _sealed_extractor(spec: ExtractorSpec):
        """Execute the verified binary bytes, without a second path lookup."""
        if (not spec.path.is_absolute()
                or re.fullmatch(r"[0-9a-f]{64}", spec.sha256) is None):
            raise SourceAuditError("extractor needs an absolute path and reviewed digest")
        sealed = None
        try:
            fd = os.open(spec.path, os.O_RDONLY | os.O_NOFOLLOW | os.O_NONBLOCK)
            with os.fdopen(fd, "rb") as stream:
                info = os.fstat(stream.fileno())
                if not stat.S_ISREG(info.st_mode) or not 0 < info.st_size <= 20_000_000:
                    raise SourceAuditError("extractor is not a bounded regular file")
                raw = stream.read(20_000_001)
            if hashlib.sha256(raw).hexdigest() != spec.sha256:
                raise SourceAuditError("extractor bytes differ from reviewed digest")
>           sealed = os.memfd_create("organon-pdftotext", os.MFD_CLOEXEC | os.MFD_ALLOW_SEALING)
                     ^^^^^^^^^^^^^^^
E           AttributeError: module 'os' has no attribute 'memfd_create'

src/specorganon/source_passages.py:109: AttributeError
_ test_survey_measure_and_denominator_remain_reported_contract[reported_total-1001] _

packet = ({'schema': 1, 'classification': 'development_exposed_neutral_transcription', 'sources': {'lca': {'title': 'Effects of... bread wasted from household per week', 'reported_total': 1000, ...}, <function packet.<locals>.run at 0x7fcf0f94aca0>)
field = 'reported_total', value = 1001

    @pytest.mark.parametrize("field,value", [
        ("measure", "Observed grams of waste per person per day"),
        ("reported_total", 1001),
    ])
    def test_survey_measure_and_denominator_remain_reported_contract(packet, field, value):
        _, table, run = packet
        changed = copy.deepcopy(table)
        changed[field] = value
        with pytest.raises(SourceAuditError):
>           run(altered_table=changed)

tests/test_audit_bread_sources.py:221: 
_ _ _ _ _ _ _ _ _ _ _ _ _ _ _ _ _ _ _ _ _ _ _ _ _ _ _ _ _ _ _ _ _ _ _ _ _ _ _ _ 
tests/test_audit_bread_sources.py:36: in run
    return auditor.audit_bread_sources(claims_path, table_path, pdf_root)
           ^^^^^^^^^^^^^^^^^^^^^^^^^^^^^^^^^^^^^^^^^^^^^^^^^^^^^^^^^^^^^^
scripts/audit_bread_sources.py:130: in audit_bread_sources
    name: read_pdf_pages(pdf_root / identity["visible_file"],
src/specorganon/source_passages.py:145: in read_pdf_pages
    with _sealed_extractor(extractor) as (executable, fd), tempfile.TemporaryDirectory(
         ^^^^^^^^^^^^^^^^^^^^^^^^^^^^
/home/stev/.local/share/uv/python/cpython-3.12.13-linux-x86_64-gnu/lib/python3.12/contextlib.py:137: in __enter__
    return next(self.gen)
           ^^^^^^^^^^^^^^
_ _ _ _ _ _ _ _ _ _ _ _ _ _ _ _ _ _ _ _ _ _ _ _ _ _ _ _ _ _ _ _ _ _ _ _ _ _ _ _ 

spec = ExtractorSpec(path=PosixPath('/usr/bin/pdftotext'), sha256='47253257c7a7995ea6c8ad54b47b0edece8739dd4102c7bcd5a729472c386fb4')

    @contextmanager
    def _sealed_extractor(spec: ExtractorSpec):
        """Execute the verified binary bytes, without a second path lookup."""
        if (not spec.path.is_absolute()
                or re.fullmatch(r"[0-9a-f]{64}", spec.sha256) is None):
            raise SourceAuditError("extractor needs an absolute path and reviewed digest")
        sealed = None
        try:
            fd = os.open(spec.path, os.O_RDONLY | os.O_NOFOLLOW | os.O_NONBLOCK)
            with os.fdopen(fd, "rb") as stream:
                info = os.fstat(stream.fileno())
                if not stat.S_ISREG(info.st_mode) or not 0 < info.st_size <= 20_000_000:
                    raise SourceAuditError("extractor is not a bounded regular file")
                raw = stream.read(20_000_001)
            if hashlib.sha256(raw).hexdigest() != spec.sha256:
                raise SourceAuditError("extractor bytes differ from reviewed digest")
>           sealed = os.memfd_create("organon-pdftotext", os.MFD_CLOEXEC | os.MFD_ALLOW_SEALING)
                     ^^^^^^^^^^^^^^^
E           AttributeError: module 'os' has no attribute 'memfd_create'

src/specorganon/source_passages.py:109: AttributeError
________________ test_cli_positive_creates_explicit_json_result ________________

tmp_path = PosixPath('/datos/workspaces/personal/SpecOrganon/goals/autonomous-software-v1/test-tmp-green/test_cli_positive_creates_expl0')

    def test_cli_positive_creates_explicit_json_result(tmp_path):
        output = tmp_path / "result.json"
        process = subprocess.run([sys.executable, str(ROOT / "scripts/audit_bread_sources.py"),
            "--claims", str(CLAIMS), "--table", str(TABLE), "--pdf-root", str(PDFS),
            "--output", str(output)], capture_output=True, text=True, timeout=30)
>       assert process.returncode == 0, process.stderr
E       AssertionError: Traceback (most recent call last):
E           File "/datos/workspaces/personal/SpecOrganon/scripts/audit_bread_sources.py", line 252, in <module>
E             raise SystemExit(main())
E                              ^^^^^^
E           File "/datos/workspaces/personal/SpecOrganon/scripts/audit_bread_sources.py", line 237, in main
E             result = audit_bread_sources(args.claims, args.table, args.pdf_root,
E                      ^^^^^^^^^^^^^^^^^^^^^^^^^^^^^^^^^^^^^^^^^^^^^^^^^^^^^^^^^^^
E           File "/datos/workspaces/personal/SpecOrganon/scripts/audit_bread_sources.py", line 130, in audit_bread_sources
E             name: read_pdf_pages(pdf_root / identity["visible_file"],
E                   ^^^^^^^^^^^^^^^^^^^^^^^^^^^^^^^^^^^^^^^^^^^^^^^^^^^
E           File "/datos/workspaces/personal/SpecOrganon/src/specorganon/source_passages.py", line 145, in read_pdf_pages
E             with _sealed_extractor(extractor) as (executable, fd), tempfile.TemporaryDirectory(
E                  ^^^^^^^^^^^^^^^^^^^^^^^^^^^^
E           File "/home/stev/.local/share/uv/python/cpython-3.12.13-linux-x86_64-gnu/lib/python3.12/contextlib.py", line 137, in __enter__
E             return next(self.gen)
E                    ^^^^^^^^^^^^^^
E           File "/datos/workspaces/personal/SpecOrganon/src/specorganon/source_passages.py", line 109, in _sealed_extractor
E             sealed = os.memfd_create("organon-pdftotext", os.MFD_CLOEXEC | os.MFD_ALLOW_SEALING)
E                      ^^^^^^^^^^^^^^^
E         AttributeError: module 'os' has no attribute 'memfd_create'
E         
E       assert 1 == 0
E        +  where 1 = CompletedProcess(args=['/datos/workspaces/personal/SpecOrganon/.venv/bin/python', '/datos/workspaces/personal/SpecOrga...s.MFD_ALLOW_SEALING)\n             ^^^^^^^^^^^^^^^\nAttributeError: module \'os\' has no attribute \'memfd_create\'\n').returncode

tests/test_audit_bread_sources.py:287: AssertionError
=========================== short test summary info ============================
FAILED tests/test_extractor_profiles.py::test_explicit_profile_revalidates_without_rewriting_historical_contract
FAILED tests/test_extractor_profiles.py::test_cli_profile_is_explicit_and_unknown_profile_emits_no_receipt
FAILED tests/test_audit_bread_sources.py::test_real_archives_and_reserialized_transcriptions_are_verified
FAILED tests/test_audit_bread_sources.py::test_changed_numeric_claim_is_rejected_after_json_rewrite[piece_mass-737]
FAILED tests/test_audit_bread_sources.py::test_changed_numeric_claim_is_rejected_after_json_rewrite[mill_electricity-130]
FAILED tests/test_audit_bread_sources.py::test_changed_numeric_claim_is_rejected_after_json_rewrite[wheat_bran_mass_share-19.2]
FAILED tests/test_audit_bread_sources.py::test_changed_numeric_claim_is_rejected_after_json_rewrite[mill_to_baker_distance-439]
FAILED tests/test_audit_bread_sources.py::test_changed_numeric_claim_is_rejected_after_json_rewrite[bakery_electricity-0.298]
FAILED tests/test_audit_bread_sources.py::test_changed_numeric_claim_is_rejected_after_json_rewrite[bakery_natural_gas-0.116]
FAILED tests/test_audit_bread_sources.py::test_changed_numeric_claim_is_rejected_after_json_rewrite[retail_bread_waste-11.5]
FAILED tests/test_audit_bread_sources.py::test_changed_numeric_claim_is_rejected_after_json_rewrite[consumer_bread_waste_estimate-8.3]
FAILED tests/test_audit_bread_sources.py::test_changed_numeric_claim_is_rejected_after_json_rewrite[survey_respondents-1001]
FAILED tests/test_audit_bread_sources.py::test_path_shim_cannot_change_numeric_audit_outcome
FAILED tests/test_audit_bread_sources.py::test_coherent_origin_percentages_cannot_replace_pdf_values
FAILED tests/test_audit_bread_sources.py::test_coherent_survey_counts_and_percentages_are_extracted_not_memorized
FAILED tests/test_audit_bread_sources.py::test_survey_measure_and_denominator_remain_reported_contract[reported_total-1001]
FAILED tests/test_audit_bread_sources.py::test_cli_positive_creates_explicit_json_result
ERROR tests/test_source_passages.py::test_read_real_pdf_retains_page_and_extractor_provenance
ERROR tests/test_source_passages.py::test_unique_named_match_is_bound_to_page_and_passage
ERROR tests/test_source_passages.py::test_only_whitespace_is_normalized_without_losing_original_page_binding
ERROR tests/test_source_passages.py::test_ambiguous_anchor_or_match_is_rejected[BEGIN 129 kWh/t_flour END BEGIN 130 kWh/t_flour END]
ERROR tests/test_source_passages.py::test_ambiguous_anchor_or_match_is_rejected[BEGIN 129 kWh/t_flour END END]
ERROR tests/test_source_passages.py::test_ambiguous_anchor_or_match_is_rejected[BEGIN BEGIN 129 kWh/t_flour END]
ERROR tests/test_source_passages.py::test_ambiguous_anchor_or_match_is_rejected[BEGIN 129 kWh/t_flour and 130 kWh/t_flour END]
ERROR tests/test_source_passages.py::test_ambiguous_anchor_or_match_is_rejected[END BEGIN 129 kWh/t_flour END]
ERROR tests/test_source_passages.py::test_missing_or_reversed_anchor_and_non_whitespace_changes_fail[129 kWh/t_flour END]
ERROR tests/test_source_passages.py::test_missing_or_reversed_anchor_and_non_whitespace_changes_fail[BEGIN 129 kWh/t_flour]
ERROR tests/test_source_passages.py::test_missing_or_reversed_anchor_and_non_whitespace_changes_fail[END 129 kWh/t_flour BEGIN]
ERROR tests/test_source_passages.py::test_missing_or_reversed_anchor_and_non_whitespace_changes_fail[BEGIN 129 KWH/t_flour END]
ERROR tests/test_source_passages.py::test_missing_or_reversed_anchor_and_non_whitespace_changes_fail[BEGIN 129 kWh/t_fl\xf3ur END]
ERROR tests/test_source_passages.py::test_required_context_cannot_be_satisfied_outside_the_passage
ERROR tests/test_source_passages.py::test_page_selection_requires_valid_one_based_integer[0]
ERROR tests/test_source_passages.py::test_page_selection_requires_valid_one_based_integer[-1]
ERROR tests/test_source_passages.py::test_page_selection_requires_valid_one_based_integer[2]
ERROR tests/test_source_passages.py::test_page_selection_requires_valid_one_based_integer[True]
ERROR tests/test_source_passages.py::test_page_selection_requires_valid_one_based_integer[1.5]
ERROR tests/test_source_passages.py::test_invalid_contract_patterns_fail_closed[start-]
ERROR tests/test_source_passages.py::test_invalid_contract_patterns_fail_closed[end-]
ERROR tests/test_source_passages.py::test_invalid_contract_patterns_fail_closed[pattern-]
ERROR tests/test_source_passages.py::test_invalid_contract_patterns_fail_closed[pattern-(]
ERROR tests/test_source_passages.py::test_path_shim_is_not_invoked_for_pinned_extraction
ERROR tests/test_source_passages.py::test_pdf_snapshot_survives_original_path_change_after_hash
ERROR tests/test_source_passages.py::test_sealed_binary_survives_extractor_path_change_after_capture
17 failed, 43 passed, 26 errors in 0.75s
